Drug 1,Drug 2,Interaction Description
Trioxsalen,Verteporfin,Trioxsalen may increase the photosensitizing activities of Verteporfin.
Aminolevulinic acid,Verteporfin,Aminolevulinic acid may increase the photosensitizing activities of Verteporfin.
Titanium dioxide,Verteporfin,Titanium dioxide may increase the photosensitizing activities of Verteporfin.
Tiaprofenic acid,Verteporfin,Tiaprofenic acid may increase the photosensitizing activities of Verteporfin.
Cyamemazine,Verteporfin,Cyamemazine may increase the photosensitizing activities of Verteporfin.
Temoporfin,Verteporfin,Temoporfin may increase the photosensitizing activities of Verteporfin.
Methoxsalen,Verteporfin,Methoxsalen may increase the photosensitizing activities of Verteporfin.
Hexaminolevulinate,Verteporfin,Hexaminolevulinate may increase the photosensitizing activities of Verteporfin.
Benzophenone,Verteporfin,Benzophenone may increase the photosensitizing activities of Verteporfin.
Riboflavin,Verteporfin,Riboflavin may increase the photosensitizing activities of Verteporfin.
Carprofen,Verteporfin,Carprofen may increase the photosensitizing activities of Verteporfin.
Cyclophosphamide,Verteporfin,Cyclophosphamide may increase the cardiotoxic activities of Verteporfin.
Paclitaxel,Verteporfin,The risk or severity of adverse effects can be increased when Paclitaxel is combined with Verteporfin.
Docetaxel,Verteporfin,The risk or severity of adverse effects can be increased when Docetaxel is combined with Verteporfin.
Cabazitaxel,Verteporfin,The risk or severity of adverse effects can be increased when Cabazitaxel is combined with Verteporfin.
Aminolevulinic acid,Digoxin,Aminolevulinic acid may decrease the cardiotoxic activities of Digoxin.
Temoporfin,Digoxin,Temoporfin may decrease the cardiotoxic activities of Digoxin.
Cyclophosphamide,Digoxin,Cyclophosphamide may decrease the cardiotoxic activities of Digoxin.
Paclitaxel,Digoxin,Paclitaxel may decrease the cardiotoxic activities of Digoxin.
Docetaxel,Digoxin,Docetaxel may decrease the cardiotoxic activities of Digoxin.
Cabazitaxel,Digoxin,Cabazitaxel may decrease the cardiotoxic activities of Digoxin.
Sulpiride,Digoxin,The risk or severity of adverse effects can be increased when Sulpiride is combined with Digoxin.
Rifabutin,Digoxin,The metabolism of Digoxin can be increased when combined with Rifabutin.
Phenytoin,Digoxin,The metabolism of Digoxin can be increased when combined with Phenytoin.
Rifampicin,Digoxin,The metabolism of Digoxin can be increased when combined with Rifampicin.
Fosphenytoin,Digoxin,The metabolism of Digoxin can be increased when combined with Fosphenytoin.
Carbamazepine,Digoxin,The metabolism of Digoxin can be increased when combined with Carbamazepine.
Primidone,Digoxin,The metabolism of Digoxin can be increased when combined with Primidone.
Phenobarbital,Digoxin,The metabolism of Digoxin can be increased when combined with Phenobarbital.
Pentobarbital,Digoxin,The metabolism of Digoxin can be increased when combined with Pentobarbital.
Nevirapine,Digoxin,The metabolism of Digoxin can be increased when combined with Nevirapine.
Rifapentine,Digoxin,The metabolism of Digoxin can be increased when combined with Rifapentine.
Rifaximin,Digoxin,The serum concentration of Digoxin can be increased when it is combined with Rifaximin.
Bosentan,Digoxin,The serum concentration of Digoxin can be decreased when it is combined with Bosentan.
Lumacaftor,Digoxin,The serum concentration of Digoxin can be decreased when it is combined with Lumacaftor.
Silodosin,Digoxin,The serum concentration of Digoxin can be increased when it is combined with Silodosin.
Edoxaban,Digoxin,The serum concentration of Digoxin can be increased when it is combined with Edoxaban.
Anagrelide,Digoxin,Anagrelide may decrease the cardiotoxic activities of Digoxin.
Carboplatin,Digoxin,Carboplatin may decrease the cardiotoxic activities of Digoxin.
Etacrynic acid,Digoxin,The risk or severity of adverse effects can be increased when Etacrynic acid is combined with Digoxin.
Pirlindole,Digoxin,Pirlindole may decrease the cardiotoxic activities of Digoxin.
Procarbazine,Digoxin,Procarbazine may decrease the cardiotoxic activities of Digoxin.
Acarbose,Digoxin,The serum concentration of Digoxin can be decreased when it is combined with Acarbose.
Sunitinib,Digoxin,Sunitinib may decrease the cardiotoxic activities of Digoxin.
Lanreotide,Digoxin,Lanreotide may decrease the cardiotoxic activities of Digoxin.
Brimonidine,Digoxin,Brimonidine may increase the bradycardic activities of Digoxin.
Imatinib,Digoxin,Imatinib may decrease the cardiotoxic activities of Digoxin.
Crizotinib,Digoxin,Crizotinib may decrease the cardiotoxic activities of Digoxin.
Mitotane,Digoxin,The serum concentration of Digoxin can be decreased when it is combined with Mitotane.
Dienogest,Digoxin,Dienogest may decrease the cardiotoxic activities of Digoxin.
Olaparib,Digoxin,Olaparib may decrease the cardiotoxic activities of Digoxin.
Rucaparib,Digoxin,Rucaparib may decrease the cardiotoxic activities of Digoxin.
Prednisolone,Digoxin,Prednisolone may decrease the cardiotoxic activities of Digoxin.
Midostaurin,Digoxin,Midostaurin may decrease the cardiotoxic activities of Digoxin.
Medroxyprogesterone acetate,Digoxin,Medroxyprogesterone acetate may decrease the cardiotoxic activities of Digoxin.
Bortezomib,Digoxin,Bortezomib may decrease the cardiotoxic activities of Digoxin.
Panobinostat,Digoxin,Panobinostat may decrease the cardiotoxic activities of Digoxin.
Betaxolol,Digoxin,Betaxolol may increase the bradycardic activities of Digoxin.
Enzalutamide,Digoxin,The serum concentration of Digoxin can be decreased when it is combined with Enzalutamide.
Abiraterone,Digoxin,Abiraterone may decrease the cardiotoxic activities of Digoxin.
Diethylstilbestrol,Digoxin,Diethylstilbestrol may decrease the cardiotoxic activities of Digoxin.
Nilotinib,Digoxin,Nilotinib may decrease the cardiotoxic activities of Digoxin.
Dexamethasone,Digoxin,Dexamethasone may decrease the cardiotoxic activities of Digoxin.
Letrozole,Digoxin,Letrozole may decrease the cardiotoxic activities of Digoxin.
Norfloxacin,Digoxin,Norfloxacin may decrease the cardiotoxic activities of Digoxin.
Miltefosine,Digoxin,Miltefosine may decrease the cardiotoxic activities of Digoxin.
Trimetrexate,Digoxin,Trimetrexate may decrease the cardiotoxic activities of Digoxin.
Amphotericin B,Digoxin,The risk or severity of adverse effects can be increased when Amphotericin B is combined with Digoxin.
Sirolimus,Digoxin,Sirolimus may decrease the cardiotoxic activities of Digoxin.
Alprenolol,Digoxin,Alprenolol may increase the bradycardic activities of Digoxin.
Timolol,Digoxin,Timolol may increase the bradycardic activities of Digoxin.
Atenolol,Digoxin,Atenolol may increase the bradycardic activities of Digoxin.
Bupranolol,Digoxin,Bupranolol may increase the bradycardic activities of Digoxin.
Celiprolol,Digoxin,Celiprolol may increase the bradycardic activities of Digoxin.
Oxprenolol,Digoxin,Oxprenolol may increase the bradycardic activities of Digoxin.
Metoprolol,Digoxin,Metoprolol may increase the bradycardic activities of Digoxin.
Bopindolol,Digoxin,Bopindolol may increase the bradycardic activities of Digoxin.
Esmolol,Digoxin,Esmolol may increase the bradycardic activities of Digoxin.
Pentostatin,Digoxin,Pentostatin may decrease the cardiotoxic activities of Digoxin.
Reserpine,Digoxin,The risk or severity of adverse effects can be increased when Reserpine is combined with Digoxin.
Thalidomide,Digoxin,Thalidomide may decrease the cardiotoxic activities of Digoxin.
Clonidine,Digoxin,Clonidine may increase the atrioventricular blocking (AV block) activities of Digoxin.
Pomalidomide,Digoxin,Pomalidomide may decrease the cardiotoxic activities of Digoxin.
Furosemide,Digoxin,The risk or severity of adverse effects can be increased when Furosemide is combined with Digoxin.
Torasemide,Digoxin,The risk or severity of adverse effects can be increased when Torasemide is combined with Digoxin.
Bumetanide,Digoxin,The risk or severity of adverse effects can be increased when Bumetanide is combined with Digoxin.
Edrophonium,Digoxin,Edrophonium may increase the atrioventricular blocking (AV block) activities of Digoxin.
Cabergoline,Digoxin,Cabergoline may decrease the cardiotoxic activities of Digoxin.
Moxifloxacin,Digoxin,Moxifloxacin may decrease the cardiotoxic activities of Digoxin.
Pazopanib,Digoxin,The serum concentration of Digoxin can be increased when it is combined with Pazopanib.
Gemifloxacin,Digoxin,Gemifloxacin may decrease the cardiotoxic activities of Digoxin.
Ciprofloxacin,Digoxin,Ciprofloxacin may decrease the cardiotoxic activities of Digoxin.
Lenvatinib,Digoxin,Lenvatinib may decrease the cardiotoxic activities of Digoxin.
Ofloxacin,Digoxin,Ofloxacin may decrease the cardiotoxic activities of Digoxin.
Toremifene,Digoxin,Toremifene may decrease the cardiotoxic activities of Digoxin.
Arsenic trioxide,Digoxin,Arsenic trioxide may decrease the cardiotoxic activities of Digoxin.
Levofloxacin,Digoxin,Levofloxacin may decrease the cardiotoxic activities of Digoxin.
Goserelin,Digoxin,Goserelin may decrease the cardiotoxic activities of Digoxin.
Vorinostat,Digoxin,Vorinostat may decrease the cardiotoxic activities of Digoxin.
Octreotide,Digoxin,Octreotide may decrease the cardiotoxic activities of Digoxin.
Triptorelin,Digoxin,Triptorelin may decrease the cardiotoxic activities of Digoxin.
Degarelix,Digoxin,Degarelix may decrease the cardiotoxic activities of Digoxin.
Indapamide,Digoxin,The risk or severity of adverse effects can be increased when Indapamide is combined with Digoxin.
Eribulin,Digoxin,Eribulin may decrease the cardiotoxic activities of Digoxin.
Epirubicin,Digoxin,Epirubicin may decrease the cardiotoxic activities of Digoxin.
Streptomycin,Digoxin,The serum concentration of Digoxin can be decreased when it is combined with Streptomycin.
Metrizamide,Digoxin,The serum concentration of Digoxin can be decreased when it is combined with Metrizamide.
Kanamycin,Digoxin,The serum concentration of Digoxin can be decreased when it is combined with Kanamycin.
Idarubicin,Digoxin,Idarubicin may decrease the cardiotoxic activities of Digoxin.
Plicamycin,Digoxin,Plicamycin may decrease the cardiotoxic activities of Digoxin.
Streptozocin,Digoxin,Streptozocin may decrease the cardiotoxic activities of Digoxin.
Tobramycin,Digoxin,The serum concentration of Digoxin can be decreased when it is combined with Tobramycin.
Amrubicin,Digoxin,Amrubicin may decrease the cardiotoxic activities of Digoxin.
Framycetin,Digoxin,The serum concentration of Digoxin can be decreased when it is combined with Framycetin.
Netilmicin,Digoxin,The serum concentration of Digoxin can be decreased when it is combined with Netilmicin.
Amikacin,Digoxin,The serum concentration of Digoxin can be decreased when it is combined with Amikacin.
Valrubicin,Digoxin,Valrubicin may decrease the cardiotoxic activities of Digoxin.
Daunorubicin,Digoxin,Daunorubicin may decrease the cardiotoxic activities of Digoxin.
Ribostamycin,Digoxin,The serum concentration of Digoxin can be decreased when it is combined with Ribostamycin.
Doxorubicin,Digoxin,Doxorubicin may decrease the cardiotoxic activities of Digoxin.
Doxorubicin,Digoxin,The serum concentration of Digoxin can be increased when it is combined with Doxorubicin.
Arbekacin,Digoxin,The serum concentration of Digoxin can be decreased when it is combined with Arbekacin.
Gentamicin,Digoxin,The serum concentration of Digoxin can be decreased when it is combined with Gentamicin.
Paromomycin,Digoxin,The serum concentration of Digoxin can be decreased when it is combined with Paromomycin.
Spectinomycin,Digoxin,The serum concentration of Digoxin can be decreased when it is combined with Spectinomycin.
Prednisone,Digoxin,Prednisone may decrease the cardiotoxic activities of Digoxin.
Methylprednisolone,Digoxin,Methylprednisolone may decrease the cardiotoxic activities of Digoxin.
Formestane,Digoxin,Formestane may decrease the cardiotoxic activities of Digoxin.
Pamidronic acid,Digoxin,Pamidronic acid may decrease the cardiotoxic activities of Digoxin.
Bendroflumethiazide,Digoxin,The risk or severity of adverse effects can be increased when Bendroflumethiazide is combined with Digoxin.
Milnacipran,Digoxin,The risk or severity of adverse effects can be increased when Milnacipran is combined with Digoxin.
Practolol,Digoxin,Practolol may increase the bradycardic activities of Digoxin.
Altretamine,Digoxin,Altretamine may decrease the cardiotoxic activities of Digoxin.
Arotinolol,Digoxin,Arotinolol may increase the bradycardic activities of Digoxin.
Bretylium,Digoxin,Bretylium may increase the bradycardic activities of Digoxin.
Bevantolol,Digoxin,Bevantolol may increase the bradycardic activities of Digoxin.
Chlorthalidone,Digoxin,The risk or severity of adverse effects can be increased when Chlorthalidone is combined with Digoxin.
Tretinoin,Digoxin,Tretinoin may decrease the cardiotoxic activities of Digoxin.
Methyclothiazide,Digoxin,The risk or severity of adverse effects can be increased when Methyclothiazide is combined with Digoxin.
Clofarabine,Digoxin,Clofarabine may decrease the cardiotoxic activities of Digoxin.
Amiloride,Digoxin,The therapeutic efficacy of Digoxin can be decreased when used in combination with Amiloride.
Triamterene,Digoxin,The therapeutic efficacy of Digoxin can be decreased when used in combination with Triamterene.
Hydrochlorothiazide,Digoxin,The risk or severity of adverse effects can be increased when Hydrochlorothiazide is combined with Digoxin.
Eplerenone,Digoxin,The therapeutic efficacy of Digoxin can be decreased when used in combination with Eplerenone.
Hydroflumethiazide,Digoxin,The risk or severity of adverse effects can be increased when Hydroflumethiazide is combined with Digoxin.
Metolazone,Digoxin,The risk or severity of adverse effects can be increased when Metolazone is combined with Digoxin.
Barnidipine,Digoxin,The risk or severity of adverse effects can be increased when Barnidipine is combined with Digoxin.
Chlorothiazide,Digoxin,The risk or severity of adverse effects can be increased when Chlorothiazide is combined with Digoxin.
Quinacrine,Digoxin,Quinacrine may decrease the cardiotoxic activities of Digoxin.
Nelarabine,Digoxin,Nelarabine may decrease the cardiotoxic activities of Digoxin.
Azacitidine,Digoxin,Azacitidine may decrease the cardiotoxic activities of Digoxin.
Ifosfamide,Digoxin,Ifosfamide may decrease the cardiotoxic activities of Digoxin.
Cytarabine,Digoxin,Cytarabine may decrease the cardiotoxic activities of Digoxin.
Lomustine,Digoxin,Lomustine may decrease the cardiotoxic activities of Digoxin.
Tofacitinib,Digoxin,Tofacitinib may increase the bradycardic activities of Digoxin.
Mechlorethamine,Digoxin,Mechlorethamine may decrease the cardiotoxic activities of Digoxin.
Vincristine,Digoxin,Vincristine may decrease the cardiotoxic activities of Digoxin.
Temozolomide,Digoxin,Temozolomide may decrease the cardiotoxic activities of Digoxin.
Busulfan,Digoxin,Busulfan may decrease the cardiotoxic activities of Digoxin.
Vinorelbine,Digoxin,Vinorelbine may decrease the cardiotoxic activities of Digoxin.
Tioguanine,Digoxin,Tioguanine may decrease the cardiotoxic activities of Digoxin.
Mitoxantrone,Digoxin,Mitoxantrone may decrease the cardiotoxic activities of Digoxin.
Fluorouracil,Digoxin,Fluorouracil may decrease the cardiotoxic activities of Digoxin.
Imiquimod,Digoxin,Imiquimod may decrease the cardiotoxic activities of Digoxin.
Oxaliplatin,Digoxin,Oxaliplatin may decrease the cardiotoxic activities of Digoxin.
Pemetrexed,Digoxin,Pemetrexed may decrease the cardiotoxic activities of Digoxin.
Capecitabine,Digoxin,Capecitabine may decrease the cardiotoxic activities of Digoxin.
Fludarabine,Digoxin,Fludarabine may decrease the cardiotoxic activities of Digoxin.
Pralatrexate,Digoxin,Pralatrexate may decrease the cardiotoxic activities of Digoxin.
Etoposide,Digoxin,Etoposide may decrease the cardiotoxic activities of Digoxin.
Ruxolitinib,Digoxin,Ruxolitinib may increase the bradycardic activities of Digoxin.
Melphalan,Digoxin,Melphalan may decrease the cardiotoxic activities of Digoxin.
Sorafenib,Digoxin,Sorafenib may decrease the cardiotoxic activities of Digoxin.
Teniposide,Digoxin,Teniposide may decrease the cardiotoxic activities of Digoxin.
Everolimus,Digoxin,The serum concentration of Digoxin can be increased when it is combined with Everolimus.
Azathioprine,Digoxin,Azathioprine may decrease the cardiotoxic activities of Digoxin.
Dactinomycin,Digoxin,Dactinomycin may decrease the cardiotoxic activities of Digoxin.
Mitomycin,Digoxin,Mitomycin may decrease the cardiotoxic activities of Digoxin.
Cisplatin,Digoxin,Cisplatin may decrease the cardiotoxic activities of Digoxin.
Carmustine,Digoxin,Carmustine may decrease the cardiotoxic activities of Digoxin.
Hydroxyurea,Digoxin,Hydroxyurea may decrease the cardiotoxic activities of Digoxin.
Cladribine,Digoxin,Cladribine may decrease the cardiotoxic activities of Digoxin.
Ibrutinib,Digoxin,Ibrutinib may decrease the cardiotoxic activities of Digoxin.
Amsacrine,Digoxin,Amsacrine may decrease the cardiotoxic activities of Digoxin.
Vinblastine,Digoxin,Vinblastine may decrease the cardiotoxic activities of Digoxin.
Temsirolimus,Digoxin,Temsirolimus may decrease the cardiotoxic activities of Digoxin.
Thiotepa,Digoxin,Thiotepa may decrease the cardiotoxic activities of Digoxin.
Gemcitabine,Digoxin,Gemcitabine may decrease the cardiotoxic activities of Digoxin.
Chlorambucil,Digoxin,Chlorambucil may decrease the cardiotoxic activities of Digoxin.
Mercaptopurine,Digoxin,Mercaptopurine may decrease the cardiotoxic activities of Digoxin.
Methotrexate,Digoxin,Methotrexate may decrease the cardiotoxic activities of Digoxin.
Bleomycin,Digoxin,Bleomycin may decrease the cardiotoxic activities of Digoxin.
Estramustine,Digoxin,Estramustine may decrease the cardiotoxic activities of Digoxin.
Vindesine,Digoxin,Vindesine may decrease the cardiotoxic activities of Digoxin.
Floxuridine,Digoxin,Floxuridine may decrease the cardiotoxic activities of Digoxin.
Dacarbazine,Digoxin,Dacarbazine may decrease the cardiotoxic activities of Digoxin.
Trabectedin,Digoxin,Trabectedin may decrease the cardiotoxic activities of Digoxin.
Irinotecan,Digoxin,Irinotecan may decrease the cardiotoxic activities of Digoxin.
Gallium nitrate,Digoxin,Gallium nitrate may decrease the cardiotoxic activities of Digoxin.
Topotecan,Digoxin,The serum concentration of Digoxin can be increased when it is combined with Topotecan.
Tibolone,Digoxin,Tibolone may decrease the cardiotoxic activities of Digoxin.
Polythiazide,Digoxin,The risk or severity of adverse effects can be increased when Polythiazide is combined with Digoxin.
Trichlormethiazide,Digoxin,The risk or severity of adverse effects can be increased when Trichlormethiazide is combined with Digoxin.
Albendazole,Digoxin,Albendazole may decrease the cardiotoxic activities of Digoxin.
Podofilox,Digoxin,Podofilox may decrease the cardiotoxic activities of Digoxin.
Gefitinib,Digoxin,Gefitinib may decrease the cardiotoxic activities of Digoxin.
Lapatinib,Digoxin,Lapatinib may decrease the cardiotoxic activities of Digoxin.
Regorafenib,Digoxin,Regorafenib may increase the bradycardic activities of Digoxin.
Ponatinib,Digoxin,Ponatinib may decrease the cardiotoxic activities of Digoxin.
Paricalcitol,Digoxin,The risk or severity of adverse effects can be increased when Paricalcitol is combined with Digoxin.
Bendamustine,Digoxin,Bendamustine may decrease the cardiotoxic activities of Digoxin.
Axitinib,Digoxin,Axitinib may decrease the cardiotoxic activities of Digoxin.
Flutamide,Digoxin,Flutamide may decrease the cardiotoxic activities of Digoxin.
Nilutamide,Digoxin,Nilutamide may decrease the cardiotoxic activities of Digoxin.
Vismodegib,Digoxin,Vismodegib may decrease the cardiotoxic activities of Digoxin.
Exemestane,Digoxin,Exemestane may decrease the cardiotoxic activities of Digoxin.
Methyltestosterone,Digoxin,Methyltestosterone may decrease the cardiotoxic activities of Digoxin.
Bexarotene,Digoxin,Bexarotene may decrease the cardiotoxic activities of Digoxin.
Venetoclax,Digoxin,Venetoclax may decrease the cardiotoxic activities of Digoxin.
Tamoxifen,Digoxin,Tamoxifen may decrease the cardiotoxic activities of Digoxin.
Cabozantinib,Digoxin,Cabozantinib may decrease the cardiotoxic activities of Digoxin.
Romidepsin,Digoxin,Romidepsin may decrease the cardiotoxic activities of Digoxin.
Fulvestrant,Digoxin,Fulvestrant may decrease the cardiotoxic activities of Digoxin.
Erlotinib,Digoxin,Erlotinib may decrease the cardiotoxic activities of Digoxin.
Hydroxyprogesterone caproate,Digoxin,Hydroxyprogesterone caproate may decrease the cardiotoxic activities of Digoxin.
Dabrafenib,Digoxin,The serum concentration of Digoxin can be decreased when it is combined with Dabrafenib.
Mebendazole,Digoxin,Mebendazole may decrease the cardiotoxic activities of Digoxin.
Bicalutamide,Digoxin,Bicalutamide may decrease the cardiotoxic activities of Digoxin.
Ixabepilone,Digoxin,Ixabepilone may decrease the cardiotoxic activities of Digoxin.
Lomefloxacin,Digoxin,Lomefloxacin may decrease the cardiotoxic activities of Digoxin.
Colchicine,Digoxin,The serum concentration of Digoxin can be increased when it is combined with Colchicine.
Quinethazone,Digoxin,The risk or severity of adverse effects can be increased when Quinethazone is combined with Digoxin.
Decitabine,Digoxin,Decitabine may decrease the cardiotoxic activities of Digoxin.
Carfilzomib,Digoxin,Carfilzomib may decrease the cardiotoxic activities of Digoxin.
Dexrazoxane,Digoxin,Dexrazoxane may decrease the cardiotoxic activities of Digoxin.
Vitamin A,Digoxin,Vitamin A may decrease the cardiotoxic activities of Digoxin.
Nedaplatin,Digoxin,Nedaplatin may decrease the cardiotoxic activities of Digoxin.
Vinflunine,Digoxin,Vinflunine may decrease the cardiotoxic activities of Digoxin.
Nalidixic acid,Digoxin,Nalidixic acid may decrease the cardiotoxic activities of Digoxin.
Belinostat,Digoxin,Belinostat may decrease the cardiotoxic activities of Digoxin.
Trametinib,Digoxin,Trametinib may decrease the cardiotoxic activities of Digoxin.
Naloxegol,Digoxin,The serum concentration of Digoxin can be increased when it is combined with Naloxegol.
Anastrozole,Digoxin,Anastrozole may decrease the cardiotoxic activities of Digoxin.
Raltitrexed,Digoxin,Raltitrexed may decrease the cardiotoxic activities of Digoxin.
Bosutinib,Digoxin,The serum concentration of Digoxin can be increased when it is combined with Bosutinib.
Calcipotriol,Digoxin,Calcipotriol may decrease the cardiotoxic activities of Digoxin.
Cobimetinib,Digoxin,Cobimetinib may decrease the cardiotoxic activities of Digoxin.
Besifloxacin,Digoxin,Besifloxacin may decrease the cardiotoxic activities of Digoxin.
Tegafur,Digoxin,Tegafur may decrease the cardiotoxic activities of Digoxin.
Alitretinoin,Digoxin,Alitretinoin may decrease the cardiotoxic activities of Digoxin.
Pipobroman,Digoxin,Pipobroman may decrease the cardiotoxic activities of Digoxin.
Uracil mustard,Digoxin,Uracil mustard may decrease the cardiotoxic activities of Digoxin.
Alectinib,Digoxin,Alectinib may decrease the cardiotoxic activities of Digoxin.
Testolactone,Digoxin,Testolactone may decrease the cardiotoxic activities of Digoxin.
Eflornithine,Digoxin,Eflornithine may decrease the cardiotoxic activities of Digoxin.
Trovafloxacin,Digoxin,Trovafloxacin may decrease the cardiotoxic activities of Digoxin.
Radium Ra 223 dichloride,Digoxin,Radium Ra 223 dichloride may decrease the cardiotoxic activities of Digoxin.
Nintedanib,Digoxin,Nintedanib may decrease the cardiotoxic activities of Digoxin.
Methyl aminolevulinate,Digoxin,Methyl aminolevulinate may decrease the cardiotoxic activities of Digoxin.
Enoxacin,Digoxin,Enoxacin may decrease the cardiotoxic activities of Digoxin.
Pefloxacin,Digoxin,Pefloxacin may decrease the cardiotoxic activities of Digoxin.
Azelaic acid,Digoxin,Azelaic acid may decrease the cardiotoxic activities of Digoxin.
Cinoxacin,Digoxin,Cinoxacin may decrease the cardiotoxic activities of Digoxin.
Phenylacetic acid,Digoxin,Phenylacetic acid may decrease the cardiotoxic activities of Digoxin.
Sparfloxacin,Digoxin,Sparfloxacin may decrease the cardiotoxic activities of Digoxin.
Niraparib,Digoxin,Niraparib may decrease the cardiotoxic activities of Digoxin.
Vapreotide,Digoxin,Vapreotide may decrease the cardiotoxic activities of Digoxin.
Verteporfin,Digoxin,Verteporfin may decrease the cardiotoxic activities of Digoxin.
Trilostane,Digoxin,Trilostane may decrease the cardiotoxic activities of Digoxin.
Sonidegib,Digoxin,Sonidegib may decrease the cardiotoxic activities of Digoxin.
Cyproterone acetate,Digoxin,Cyproterone acetate may decrease the cardiotoxic activities of Digoxin.
Suramin,Digoxin,Suramin may decrease the cardiotoxic activities of Digoxin.
Iobenguane,Digoxin,Iobenguane may decrease the cardiotoxic activities of Digoxin.
Omacetaxine mepesuccinate,Digoxin,Omacetaxine mepesuccinate may decrease the cardiotoxic activities of Digoxin.
Aminoglutethimide,Digoxin,Aminoglutethimide may decrease the cardiotoxic activities of Digoxin.
Gatifloxacin,Digoxin,Gatifloxacin may decrease the cardiotoxic activities of Digoxin.
Mequinol,Digoxin,Mequinol may decrease the cardiotoxic activities of Digoxin.
Podophyllin,Digoxin,Podophyllin may decrease the cardiotoxic activities of Digoxin.
Megestrol acetate,Digoxin,Megestrol acetate may decrease the cardiotoxic activities of Digoxin.
Fleroxacin,Digoxin,Fleroxacin may decrease the cardiotoxic activities of Digoxin.
Phenylbutyric acid,Digoxin,Phenylbutyric acid may decrease the cardiotoxic activities of Digoxin.
Pixantrone,Digoxin,Pixantrone may decrease the cardiotoxic activities of Digoxin.
Trifluridine,Digoxin,Trifluridine may decrease the cardiotoxic activities of Digoxin.
Medrogestone,Digoxin,Medrogestone may decrease the cardiotoxic activities of Digoxin.
Lycopene,Digoxin,Lycopene may decrease the cardiotoxic activities of Digoxin.
Penicillamine,Digoxin,The serum concentration of Digoxin can be decreased when it is combined with Penicillamine.
Ledipasvir,Digoxin,The serum concentration of Digoxin can be increased when it is combined with Ledipasvir.
Prucalopride,Digoxin,The serum concentration of Digoxin can be increased when it is combined with Prucalopride.
Sucralfate,Digoxin,The serum concentration of Digoxin can be decreased when it is combined with Sucralfate.
Deferasirox,Digoxin,The serum concentration of Digoxin can be decreased when it is combined with Deferasirox.
Kaolin,Digoxin,The serum concentration of Digoxin can be decreased when it is combined with Kaolin.
Aminolevulinic acid,Digitoxin,Aminolevulinic acid may decrease the cardiotoxic activities of Digitoxin.
Temoporfin,Digitoxin,Temoporfin may decrease the cardiotoxic activities of Digitoxin.
Cyclophosphamide,Digitoxin,Cyclophosphamide may decrease the cardiotoxic activities of Digitoxin.
Paclitaxel,Digitoxin,Paclitaxel may decrease the cardiotoxic activities of Digitoxin.
Docetaxel,Digitoxin,Docetaxel may decrease the cardiotoxic activities of Digitoxin.
Cabazitaxel,Digitoxin,Cabazitaxel may decrease the cardiotoxic activities of Digitoxin.
Sulpiride,Digitoxin,The risk or severity of adverse effects can be increased when Sulpiride is combined with Digitoxin.
Rifabutin,Digitoxin,The metabolism of Digitoxin can be increased when combined with Rifabutin.
Phenytoin,Digitoxin,The metabolism of Digitoxin can be increased when combined with Phenytoin.
Rifampicin,Digitoxin,The metabolism of Digitoxin can be increased when combined with Rifampicin.
Fosphenytoin,Digitoxin,The metabolism of Digitoxin can be increased when combined with Fosphenytoin.
Carbamazepine,Digitoxin,The metabolism of Digitoxin can be increased when combined with Carbamazepine.
Primidone,Digitoxin,The metabolism of Digitoxin can be increased when combined with Primidone.
Phenobarbital,Digitoxin,The metabolism of Digitoxin can be increased when combined with Phenobarbital.
Pentobarbital,Digitoxin,The metabolism of Digitoxin can be increased when combined with Pentobarbital.
Nevirapine,Digitoxin,The metabolism of Digitoxin can be increased when combined with Nevirapine.
Rifapentine,Digitoxin,The metabolism of Digitoxin can be increased when combined with Rifapentine.
Bosentan,Digitoxin,The serum concentration of Digitoxin can be decreased when it is combined with Bosentan.
Lumacaftor,Digitoxin,The serum concentration of Digitoxin can be decreased when it is combined with Lumacaftor.
Anagrelide,Digitoxin,Anagrelide may decrease the cardiotoxic activities of Digitoxin.
Carboplatin,Digitoxin,Carboplatin may decrease the cardiotoxic activities of Digitoxin.
Etacrynic acid,Digitoxin,The risk or severity of adverse effects can be increased when Etacrynic acid is combined with Digitoxin.
Pirlindole,Digitoxin,Pirlindole may decrease the cardiotoxic activities of Digitoxin.
Procarbazine,Digitoxin,Procarbazine may decrease the cardiotoxic activities of Digitoxin.
Sunitinib,Digitoxin,Sunitinib may decrease the cardiotoxic activities of Digitoxin.
Lanreotide,Digitoxin,Lanreotide may decrease the cardiotoxic activities of Digitoxin.
Imatinib,Digitoxin,Imatinib may decrease the cardiotoxic activities of Digitoxin.
Crizotinib,Digitoxin,Crizotinib may decrease the cardiotoxic activities of Digitoxin.
Mitotane,Digitoxin,The serum concentration of Digitoxin can be decreased when it is combined with Mitotane.
Dienogest,Digitoxin,Dienogest may decrease the cardiotoxic activities of Digitoxin.
Olaparib,Digitoxin,Olaparib may decrease the cardiotoxic activities of Digitoxin.
Rucaparib,Digitoxin,Rucaparib may decrease the cardiotoxic activities of Digitoxin.
Prednisolone,Digitoxin,Prednisolone may decrease the cardiotoxic activities of Digitoxin.
Midostaurin,Digitoxin,Midostaurin may decrease the cardiotoxic activities of Digitoxin.
Medroxyprogesterone acetate,Digitoxin,Medroxyprogesterone acetate may decrease the cardiotoxic activities of Digitoxin.
Bortezomib,Digitoxin,Bortezomib may decrease the cardiotoxic activities of Digitoxin.
Panobinostat,Digitoxin,Panobinostat may decrease the cardiotoxic activities of Digitoxin.
Betaxolol,Digitoxin,Betaxolol may increase the bradycardic activities of Digitoxin.
Enzalutamide,Digitoxin,The serum concentration of Digitoxin can be decreased when it is combined with Enzalutamide.
Abiraterone,Digitoxin,Abiraterone may decrease the cardiotoxic activities of Digitoxin.
Diethylstilbestrol,Digitoxin,Diethylstilbestrol may decrease the cardiotoxic activities of Digitoxin.
Nilotinib,Digitoxin,Nilotinib may decrease the cardiotoxic activities of Digitoxin.
Dexamethasone,Digitoxin,Dexamethasone may decrease the cardiotoxic activities of Digitoxin.
Letrozole,Digitoxin,Letrozole may decrease the cardiotoxic activities of Digitoxin.
Norfloxacin,Digitoxin,Norfloxacin may decrease the cardiotoxic activities of Digitoxin.
Miltefosine,Digitoxin,Miltefosine may decrease the cardiotoxic activities of Digitoxin.
Trimetrexate,Digitoxin,Trimetrexate may decrease the cardiotoxic activities of Digitoxin.
Amphotericin B,Digitoxin,The risk or severity of adverse effects can be increased when Amphotericin B is combined with Digitoxin.
Sirolimus,Digitoxin,Sirolimus may decrease the cardiotoxic activities of Digitoxin.
Alprenolol,Digitoxin,Alprenolol may increase the bradycardic activities of Digitoxin.
Timolol,Digitoxin,Timolol may increase the bradycardic activities of Digitoxin.
Atenolol,Digitoxin,Atenolol may increase the bradycardic activities of Digitoxin.
Bupranolol,Digitoxin,Bupranolol may increase the bradycardic activities of Digitoxin.
Celiprolol,Digitoxin,Celiprolol may increase the bradycardic activities of Digitoxin.
Oxprenolol,Digitoxin,Oxprenolol may increase the bradycardic activities of Digitoxin.
Metoprolol,Digitoxin,Metoprolol may increase the bradycardic activities of Digitoxin.
Bopindolol,Digitoxin,Bopindolol may increase the bradycardic activities of Digitoxin.
Esmolol,Digitoxin,Esmolol may increase the bradycardic activities of Digitoxin.
Pentostatin,Digitoxin,Pentostatin may decrease the cardiotoxic activities of Digitoxin.
Reserpine,Digitoxin,The risk or severity of adverse effects can be increased when Reserpine is combined with Digitoxin.
Thalidomide,Digitoxin,Thalidomide may decrease the cardiotoxic activities of Digitoxin.
Clonidine,Digitoxin,Clonidine may increase the atrioventricular blocking (AV block) activities of Digitoxin.
Pomalidomide,Digitoxin,Pomalidomide may decrease the cardiotoxic activities of Digitoxin.
Furosemide,Digitoxin,The risk or severity of adverse effects can be increased when Furosemide is combined with Digitoxin.
Torasemide,Digitoxin,The risk or severity of adverse effects can be increased when Torasemide is combined with Digitoxin.
Bumetanide,Digitoxin,The risk or severity of adverse effects can be increased when Bumetanide is combined with Digitoxin.
Edrophonium,Digitoxin,Edrophonium may increase the atrioventricular blocking (AV block) activities of Digitoxin.
Cabergoline,Digitoxin,Cabergoline may decrease the cardiotoxic activities of Digitoxin.
Moxifloxacin,Digitoxin,Moxifloxacin may decrease the cardiotoxic activities of Digitoxin.
Pazopanib,Digitoxin,Pazopanib may decrease the cardiotoxic activities of Digitoxin.
Gemifloxacin,Digitoxin,Gemifloxacin may decrease the cardiotoxic activities of Digitoxin.
Ciprofloxacin,Digitoxin,Ciprofloxacin may decrease the cardiotoxic activities of Digitoxin.
Lenvatinib,Digitoxin,Lenvatinib may decrease the cardiotoxic activities of Digitoxin.
Ofloxacin,Digitoxin,Ofloxacin may decrease the cardiotoxic activities of Digitoxin.
Toremifene,Digitoxin,Toremifene may decrease the cardiotoxic activities of Digitoxin.
Arsenic trioxide,Digitoxin,Arsenic trioxide may decrease the cardiotoxic activities of Digitoxin.
Levofloxacin,Digitoxin,Levofloxacin may decrease the cardiotoxic activities of Digitoxin.
Goserelin,Digitoxin,Goserelin may decrease the cardiotoxic activities of Digitoxin.
Vorinostat,Digitoxin,Vorinostat may decrease the cardiotoxic activities of Digitoxin.
Octreotide,Digitoxin,Octreotide may decrease the cardiotoxic activities of Digitoxin.
Triptorelin,Digitoxin,Triptorelin may decrease the cardiotoxic activities of Digitoxin.
Degarelix,Digitoxin,Degarelix may decrease the cardiotoxic activities of Digitoxin.
Indapamide,Digitoxin,The risk or severity of adverse effects can be increased when Indapamide is combined with Digitoxin.
Eribulin,Digitoxin,Eribulin may decrease the cardiotoxic activities of Digitoxin.
Epirubicin,Digitoxin,Epirubicin may decrease the cardiotoxic activities of Digitoxin.
Streptomycin,Digitoxin,The serum concentration of Digitoxin can be decreased when it is combined with Streptomycin.
Metrizamide,Digitoxin,The serum concentration of Digitoxin can be decreased when it is combined with Metrizamide.
Kanamycin,Digitoxin,The serum concentration of Digitoxin can be decreased when it is combined with Kanamycin.
Idarubicin,Digitoxin,Idarubicin may decrease the cardiotoxic activities of Digitoxin.
Plicamycin,Digitoxin,Plicamycin may decrease the cardiotoxic activities of Digitoxin.
Streptozocin,Digitoxin,Streptozocin may decrease the cardiotoxic activities of Digitoxin.
Tobramycin,Digitoxin,The serum concentration of Digitoxin can be decreased when it is combined with Tobramycin.
Amrubicin,Digitoxin,Amrubicin may decrease the cardiotoxic activities of Digitoxin.
Framycetin,Digitoxin,The serum concentration of Digitoxin can be decreased when it is combined with Framycetin.
Netilmicin,Digitoxin,The serum concentration of Digitoxin can be decreased when it is combined with Netilmicin.
Amikacin,Digitoxin,The serum concentration of Digitoxin can be decreased when it is combined with Amikacin.
Valrubicin,Digitoxin,Valrubicin may decrease the cardiotoxic activities of Digitoxin.
Daunorubicin,Digitoxin,Daunorubicin may decrease the cardiotoxic activities of Digitoxin.
Ribostamycin,Digitoxin,The serum concentration of Digitoxin can be decreased when it is combined with Ribostamycin.
Doxorubicin,Digitoxin,Doxorubicin may decrease the cardiotoxic activities of Digitoxin.
Arbekacin,Digitoxin,The serum concentration of Digitoxin can be decreased when it is combined with Arbekacin.
Gentamicin,Digitoxin,The serum concentration of Digitoxin can be decreased when it is combined with Gentamicin.
Paromomycin,Digitoxin,The serum concentration of Digitoxin can be decreased when it is combined with Paromomycin.
Spectinomycin,Digitoxin,The serum concentration of Digitoxin can be decreased when it is combined with Spectinomycin.
Prednisone,Digitoxin,Prednisone may decrease the cardiotoxic activities of Digitoxin.
Methylprednisolone,Digitoxin,Methylprednisolone may decrease the cardiotoxic activities of Digitoxin.
Formestane,Digitoxin,Formestane may decrease the cardiotoxic activities of Digitoxin.
Pamidronic acid,Digitoxin,Pamidronic acid may decrease the cardiotoxic activities of Digitoxin.
Bendroflumethiazide,Digitoxin,The risk or severity of adverse effects can be increased when Bendroflumethiazide is combined with Digitoxin.
Practolol,Digitoxin,Practolol may increase the bradycardic activities of Digitoxin.
Altretamine,Digitoxin,Altretamine may decrease the cardiotoxic activities of Digitoxin.
Arotinolol,Digitoxin,Arotinolol may increase the bradycardic activities of Digitoxin.
Bevantolol,Digitoxin,Bevantolol may increase the bradycardic activities of Digitoxin.
Chlorthalidone,Digitoxin,The risk or severity of adverse effects can be increased when Chlorthalidone is combined with Digitoxin.
Tretinoin,Digitoxin,Tretinoin may decrease the cardiotoxic activities of Digitoxin.
Methyclothiazide,Digitoxin,The risk or severity of adverse effects can be increased when Methyclothiazide is combined with Digitoxin.
Clofarabine,Digitoxin,Clofarabine may decrease the cardiotoxic activities of Digitoxin.
Amiloride,Digitoxin,The therapeutic efficacy of Digitoxin can be decreased when used in combination with Amiloride.
Triamterene,Digitoxin,The therapeutic efficacy of Digitoxin can be decreased when used in combination with Triamterene.
Hydrochlorothiazide,Digitoxin,The risk or severity of adverse effects can be increased when Hydrochlorothiazide is combined with Digitoxin.
Eplerenone,Digitoxin,The therapeutic efficacy of Digitoxin can be decreased when used in combination with Eplerenone.
Hydroflumethiazide,Digitoxin,The risk or severity of adverse effects can be increased when Hydroflumethiazide is combined with Digitoxin.
Metolazone,Digitoxin,The risk or severity of adverse effects can be increased when Metolazone is combined with Digitoxin.
Chlorothiazide,Digitoxin,The risk or severity of adverse effects can be increased when Chlorothiazide is combined with Digitoxin.
Quinacrine,Digitoxin,Quinacrine may decrease the cardiotoxic activities of Digitoxin.
Nelarabine,Digitoxin,Nelarabine may decrease the cardiotoxic activities of Digitoxin.
Azacitidine,Digitoxin,Azacitidine may decrease the cardiotoxic activities of Digitoxin.
Ifosfamide,Digitoxin,Ifosfamide may decrease the cardiotoxic activities of Digitoxin.
Cytarabine,Digitoxin,Cytarabine may decrease the cardiotoxic activities of Digitoxin.
Lomustine,Digitoxin,Lomustine may decrease the cardiotoxic activities of Digitoxin.
Mechlorethamine,Digitoxin,Mechlorethamine may decrease the cardiotoxic activities of Digitoxin.
Vincristine,Digitoxin,Vincristine may decrease the cardiotoxic activities of Digitoxin.
Temozolomide,Digitoxin,Temozolomide may decrease the cardiotoxic activities of Digitoxin.
Busulfan,Digitoxin,Busulfan may decrease the cardiotoxic activities of Digitoxin.
Vinorelbine,Digitoxin,Vinorelbine may decrease the cardiotoxic activities of Digitoxin.
Tioguanine,Digitoxin,Tioguanine may decrease the cardiotoxic activities of Digitoxin.
Mitoxantrone,Digitoxin,Mitoxantrone may decrease the cardiotoxic activities of Digitoxin.
Fluorouracil,Digitoxin,Fluorouracil may decrease the cardiotoxic activities of Digitoxin.
Imiquimod,Digitoxin,Imiquimod may decrease the cardiotoxic activities of Digitoxin.
Oxaliplatin,Digitoxin,Oxaliplatin may decrease the cardiotoxic activities of Digitoxin.
Pemetrexed,Digitoxin,Pemetrexed may decrease the cardiotoxic activities of Digitoxin.
Capecitabine,Digitoxin,Capecitabine may decrease the cardiotoxic activities of Digitoxin.
Fludarabine,Digitoxin,Fludarabine may decrease the cardiotoxic activities of Digitoxin.
Pralatrexate,Digitoxin,Pralatrexate may decrease the cardiotoxic activities of Digitoxin.
Etoposide,Digitoxin,Etoposide may decrease the cardiotoxic activities of Digitoxin.
Ruxolitinib,Digitoxin,Ruxolitinib may decrease the cardiotoxic activities of Digitoxin.
Melphalan,Digitoxin,Melphalan may decrease the cardiotoxic activities of Digitoxin.
Sorafenib,Digitoxin,Sorafenib may decrease the cardiotoxic activities of Digitoxin.
Teniposide,Digitoxin,Teniposide may decrease the cardiotoxic activities of Digitoxin.
Everolimus,Digitoxin,Everolimus may decrease the cardiotoxic activities of Digitoxin.
Azathioprine,Digitoxin,Azathioprine may decrease the cardiotoxic activities of Digitoxin.
Dactinomycin,Digitoxin,Dactinomycin may decrease the cardiotoxic activities of Digitoxin.
Mitomycin,Digitoxin,Mitomycin may decrease the cardiotoxic activities of Digitoxin.
Cisplatin,Digitoxin,Cisplatin may decrease the cardiotoxic activities of Digitoxin.
Carmustine,Digitoxin,Carmustine may decrease the cardiotoxic activities of Digitoxin.
Hydroxyurea,Digitoxin,Hydroxyurea may decrease the cardiotoxic activities of Digitoxin.
Cladribine,Digitoxin,Cladribine may decrease the cardiotoxic activities of Digitoxin.
Ibrutinib,Digitoxin,Ibrutinib may decrease the cardiotoxic activities of Digitoxin.
Amsacrine,Digitoxin,Amsacrine may decrease the cardiotoxic activities of Digitoxin.
Vinblastine,Digitoxin,Vinblastine may decrease the cardiotoxic activities of Digitoxin.
Temsirolimus,Digitoxin,Temsirolimus may decrease the cardiotoxic activities of Digitoxin.
Thiotepa,Digitoxin,Thiotepa may decrease the cardiotoxic activities of Digitoxin.
Gemcitabine,Digitoxin,Gemcitabine may decrease the cardiotoxic activities of Digitoxin.
Chlorambucil,Digitoxin,Chlorambucil may decrease the cardiotoxic activities of Digitoxin.
Mercaptopurine,Digitoxin,Mercaptopurine may decrease the cardiotoxic activities of Digitoxin.
Methotrexate,Digitoxin,Methotrexate may decrease the cardiotoxic activities of Digitoxin.
Bleomycin,Digitoxin,Bleomycin may decrease the cardiotoxic activities of Digitoxin.
Estramustine,Digitoxin,Estramustine may decrease the cardiotoxic activities of Digitoxin.
Vindesine,Digitoxin,Vindesine may decrease the cardiotoxic activities of Digitoxin.
Floxuridine,Digitoxin,Floxuridine may decrease the cardiotoxic activities of Digitoxin.
Dacarbazine,Digitoxin,Dacarbazine may decrease the cardiotoxic activities of Digitoxin.
Trabectedin,Digitoxin,Trabectedin may decrease the cardiotoxic activities of Digitoxin.
Irinotecan,Digitoxin,Irinotecan may decrease the cardiotoxic activities of Digitoxin.
Gallium nitrate,Digitoxin,Gallium nitrate may decrease the cardiotoxic activities of Digitoxin.
Topotecan,Digitoxin,Topotecan may decrease the cardiotoxic activities of Digitoxin.
Tibolone,Digitoxin,Tibolone may decrease the cardiotoxic activities of Digitoxin.
Polythiazide,Digitoxin,The risk or severity of adverse effects can be increased when Polythiazide is combined with Digitoxin.
Trichlormethiazide,Digitoxin,The risk or severity of adverse effects can be increased when Trichlormethiazide is combined with Digitoxin.
Albendazole,Digitoxin,Albendazole may decrease the cardiotoxic activities of Digitoxin.
Podofilox,Digitoxin,Podofilox may decrease the cardiotoxic activities of Digitoxin.
Gefitinib,Digitoxin,Gefitinib may decrease the cardiotoxic activities of Digitoxin.
Lapatinib,Digitoxin,Lapatinib may decrease the cardiotoxic activities of Digitoxin.
Regorafenib,Digitoxin,Regorafenib may decrease the cardiotoxic activities of Digitoxin.
Ponatinib,Digitoxin,Ponatinib may decrease the cardiotoxic activities of Digitoxin.
Bendamustine,Digitoxin,Bendamustine may decrease the cardiotoxic activities of Digitoxin.
Axitinib,Digitoxin,Axitinib may decrease the cardiotoxic activities of Digitoxin.
Flutamide,Digitoxin,Flutamide may decrease the cardiotoxic activities of Digitoxin.
Nilutamide,Digitoxin,Nilutamide may decrease the cardiotoxic activities of Digitoxin.
Vismodegib,Digitoxin,Vismodegib may decrease the cardiotoxic activities of Digitoxin.
Exemestane,Digitoxin,Exemestane may decrease the cardiotoxic activities of Digitoxin.
Methyltestosterone,Digitoxin,Methyltestosterone may decrease the cardiotoxic activities of Digitoxin.
Bexarotene,Digitoxin,Bexarotene may decrease the cardiotoxic activities of Digitoxin.
Venetoclax,Digitoxin,Venetoclax may decrease the cardiotoxic activities of Digitoxin.
Tamoxifen,Digitoxin,Tamoxifen may decrease the cardiotoxic activities of Digitoxin.
Cabozantinib,Digitoxin,Cabozantinib may decrease the cardiotoxic activities of Digitoxin.
Romidepsin,Digitoxin,Romidepsin may decrease the cardiotoxic activities of Digitoxin.
Fulvestrant,Digitoxin,Fulvestrant may decrease the cardiotoxic activities of Digitoxin.
Erlotinib,Digitoxin,Erlotinib may decrease the cardiotoxic activities of Digitoxin.
Hydroxyprogesterone caproate,Digitoxin,Hydroxyprogesterone caproate may decrease the cardiotoxic activities of Digitoxin.
Dabrafenib,Digitoxin,The serum concentration of Digitoxin can be decreased when it is combined with Dabrafenib.
Mebendazole,Digitoxin,Mebendazole may decrease the cardiotoxic activities of Digitoxin.
Bicalutamide,Digitoxin,Bicalutamide may decrease the cardiotoxic activities of Digitoxin.
Ixabepilone,Digitoxin,Ixabepilone may decrease the cardiotoxic activities of Digitoxin.
Lomefloxacin,Digitoxin,Lomefloxacin may decrease the cardiotoxic activities of Digitoxin.
Colchicine,Digitoxin,Colchicine may decrease the cardiotoxic activities of Digitoxin.
Quinethazone,Digitoxin,The risk or severity of adverse effects can be increased when Quinethazone is combined with Digitoxin.
Decitabine,Digitoxin,Decitabine may decrease the cardiotoxic activities of Digitoxin.
Carfilzomib,Digitoxin,Carfilzomib may decrease the cardiotoxic activities of Digitoxin.
Dexrazoxane,Digitoxin,Dexrazoxane may decrease the cardiotoxic activities of Digitoxin.
Vitamin A,Digitoxin,Vitamin A may decrease the cardiotoxic activities of Digitoxin.
Nedaplatin,Digitoxin,Nedaplatin may decrease the cardiotoxic activities of Digitoxin.
Vinflunine,Digitoxin,Vinflunine may decrease the cardiotoxic activities of Digitoxin.
Nalidixic acid,Digitoxin,Nalidixic acid may decrease the cardiotoxic activities of Digitoxin.
Belinostat,Digitoxin,Belinostat may decrease the cardiotoxic activities of Digitoxin.
Trametinib,Digitoxin,Trametinib may decrease the cardiotoxic activities of Digitoxin.
Anastrozole,Digitoxin,Anastrozole may decrease the cardiotoxic activities of Digitoxin.
Raltitrexed,Digitoxin,Raltitrexed may decrease the cardiotoxic activities of Digitoxin.
Bosutinib,Digitoxin,Bosutinib may decrease the cardiotoxic activities of Digitoxin.
Calcipotriol,Digitoxin,Calcipotriol may decrease the cardiotoxic activities of Digitoxin.
Cobimetinib,Digitoxin,Cobimetinib may decrease the cardiotoxic activities of Digitoxin.
Besifloxacin,Digitoxin,Besifloxacin may decrease the cardiotoxic activities of Digitoxin.
Tegafur,Digitoxin,Tegafur may decrease the cardiotoxic activities of Digitoxin.
Alitretinoin,Digitoxin,Alitretinoin may decrease the cardiotoxic activities of Digitoxin.
Pipobroman,Digitoxin,Pipobroman may decrease the cardiotoxic activities of Digitoxin.
Uracil mustard,Digitoxin,Uracil mustard may decrease the cardiotoxic activities of Digitoxin.
Alectinib,Digitoxin,Alectinib may decrease the cardiotoxic activities of Digitoxin.
Testolactone,Digitoxin,Testolactone may decrease the cardiotoxic activities of Digitoxin.
Eflornithine,Digitoxin,Eflornithine may decrease the cardiotoxic activities of Digitoxin.
Trovafloxacin,Digitoxin,Trovafloxacin may decrease the cardiotoxic activities of Digitoxin.
Radium Ra 223 dichloride,Digitoxin,Radium Ra 223 dichloride may decrease the cardiotoxic activities of Digitoxin.
Nintedanib,Digitoxin,Nintedanib may decrease the cardiotoxic activities of Digitoxin.
Methyl aminolevulinate,Digitoxin,Methyl aminolevulinate may decrease the cardiotoxic activities of Digitoxin.
Enoxacin,Digitoxin,Enoxacin may decrease the cardiotoxic activities of Digitoxin.
Pefloxacin,Digitoxin,Pefloxacin may decrease the cardiotoxic activities of Digitoxin.
Azelaic acid,Digitoxin,Azelaic acid may decrease the cardiotoxic activities of Digitoxin.
Cinoxacin,Digitoxin,Cinoxacin may decrease the cardiotoxic activities of Digitoxin.
Phenylacetic acid,Digitoxin,Phenylacetic acid may decrease the cardiotoxic activities of Digitoxin.
Sparfloxacin,Digitoxin,Sparfloxacin may decrease the cardiotoxic activities of Digitoxin.
Niraparib,Digitoxin,Niraparib may decrease the cardiotoxic activities of Digitoxin.
Vapreotide,Digitoxin,Vapreotide may decrease the cardiotoxic activities of Digitoxin.
Verteporfin,Digitoxin,Verteporfin may decrease the cardiotoxic activities of Digitoxin.
Trilostane,Digitoxin,Trilostane may decrease the cardiotoxic activities of Digitoxin.
Sonidegib,Digitoxin,Sonidegib may decrease the cardiotoxic activities of Digitoxin.
Cyproterone acetate,Digitoxin,Cyproterone acetate may decrease the cardiotoxic activities of Digitoxin.
Suramin,Digitoxin,Suramin may decrease the cardiotoxic activities of Digitoxin.
Iobenguane,Digitoxin,Iobenguane may decrease the cardiotoxic activities of Digitoxin.
Omacetaxine mepesuccinate,Digitoxin,Omacetaxine mepesuccinate may decrease the cardiotoxic activities of Digitoxin.
Aminoglutethimide,Digitoxin,Aminoglutethimide may decrease the cardiotoxic activities of Digitoxin.
Gatifloxacin,Digitoxin,Gatifloxacin may decrease the cardiotoxic activities of Digitoxin.
Mequinol,Digitoxin,Mequinol may decrease the cardiotoxic activities of Digitoxin.
Podophyllin,Digitoxin,Podophyllin may decrease the cardiotoxic activities of Digitoxin.
Megestrol acetate,Digitoxin,Megestrol acetate may decrease the cardiotoxic activities of Digitoxin.
Fleroxacin,Digitoxin,Fleroxacin may decrease the cardiotoxic activities of Digitoxin.
Phenylbutyric acid,Digitoxin,Phenylbutyric acid may decrease the cardiotoxic activities of Digitoxin.
Pixantrone,Digitoxin,Pixantrone may decrease the cardiotoxic activities of Digitoxin.
Trifluridine,Digitoxin,Trifluridine may decrease the cardiotoxic activities of Digitoxin.
Medrogestone,Digitoxin,Medrogestone may decrease the cardiotoxic activities of Digitoxin.
Lycopene,Digitoxin,Lycopene may decrease the cardiotoxic activities of Digitoxin.
Deferasirox,Digitoxin,The serum concentration of Digitoxin can be decreased when it is combined with Deferasirox.
Kaolin,Digitoxin,The serum concentration of Digitoxin can be decreased when it is combined with Kaolin.
Spironolactone,Digitoxin,The therapeutic efficacy of Digitoxin can be decreased when used in combination with Spironolactone.
Labetalol,Digitoxin,Labetalol may increase the bradycardic activities of Digitoxin.
Carvedilol,Digitoxin,Carvedilol may increase the bradycardic activities of Digitoxin.
Mesalazine,Digitoxin,The serum concentration of Digitoxin can be decreased when it is combined with Mesalazine.
Balsalazide,Digitoxin,The serum concentration of Digitoxin can be decreased when it is combined with Balsalazide.
Olsalazine,Digitoxin,The serum concentration of Digitoxin can be decreased when it is combined with Olsalazine.
Resveratrol,Digitoxin,Resveratrol may decrease the cardiotoxic activities of Digitoxin.
Conivaptan,Digitoxin,The serum concentration of Digitoxin can be increased when it is combined with Conivaptan.
Bisoprolol,Digitoxin,Bisoprolol may increase the bradycardic activities of Digitoxin.
Penbutolol,Digitoxin,Penbutolol may increase the bradycardic activities of Digitoxin.
Nebivolol,Digitoxin,Nebivolol may increase the bradycardic activities of Digitoxin.
Acebutolol,Digitoxin,Acebutolol may increase the bradycardic activities of Digitoxin.
Carteolol,Digitoxin,Carteolol may increase the bradycardic activities of Digitoxin.
Vandetanib,Digitoxin,Vandetanib may decrease the cardiotoxic activities of Digitoxin.
Sotalol,Digitoxin,Sotalol may increase the bradycardic activities of Digitoxin.
Levobunolol,Digitoxin,Levobunolol may increase the bradycardic activities of Digitoxin.
Pindolol,Digitoxin,Pindolol may increase the bradycardic activities of Digitoxin.
Metipranolol,Digitoxin,Metipranolol may increase the bradycardic activities of Digitoxin.
Nadolol,Digitoxin,Nadolol may increase the bradycardic activities of Digitoxin.
Propranolol,Digitoxin,Propranolol may increase the bradycardic activities of Digitoxin.
Masoprocol,Digitoxin,Masoprocol may decrease the cardiotoxic activities of Digitoxin.
Sulindac,Digitoxin,Sulindac may decrease the cardiotoxic activities of Digitoxin.
Pirfenidone,Digitoxin,Pirfenidone may decrease the cardiotoxic activities of Digitoxin.
Mycophenolate mofetil,Digitoxin,Mycophenolate mofetil may decrease the cardiotoxic activities of Digitoxin.
Leflunomide,Digitoxin,Leflunomide may decrease the cardiotoxic activities of Digitoxin.
Mycophenolic acid,Digitoxin,Mycophenolic acid may decrease the cardiotoxic activities of Digitoxin.
Lenalidomide,Digitoxin,Lenalidomide may decrease the cardiotoxic activities of Digitoxin.
Ixazomib,Digitoxin,Ixazomib may decrease the cardiotoxic activities of Digitoxin.
Ecabet,Digitoxin,Ecabet may decrease the cardiotoxic activities of Digitoxin.
Afatinib,Digitoxin,Afatinib may decrease the cardiotoxic activities of Digitoxin.
Aminolevulinic acid,Deslanoside,Aminolevulinic acid may decrease the cardiotoxic activities of Deslanoside.
Temoporfin,Deslanoside,Temoporfin may decrease the cardiotoxic activities of Deslanoside.
Cyclophosphamide,Deslanoside,Cyclophosphamide may decrease the cardiotoxic activities of Deslanoside.
Paclitaxel,Deslanoside,Paclitaxel may decrease the cardiotoxic activities of Deslanoside.
Docetaxel,Deslanoside,Docetaxel may decrease the cardiotoxic activities of Deslanoside.
Cabazitaxel,Deslanoside,Cabazitaxel may decrease the cardiotoxic activities of Deslanoside.
Sulpiride,Deslanoside,The risk or severity of adverse effects can be increased when Sulpiride is combined with Deslanoside.
Anagrelide,Deslanoside,Anagrelide may decrease the cardiotoxic activities of Deslanoside.
Carboplatin,Deslanoside,Carboplatin may decrease the cardiotoxic activities of Deslanoside.
Etacrynic acid,Deslanoside,The risk or severity of adverse effects can be increased when Etacrynic acid is combined with Deslanoside.
Pirlindole,Deslanoside,Pirlindole may decrease the cardiotoxic activities of Deslanoside.
Procarbazine,Deslanoside,Procarbazine may decrease the cardiotoxic activities of Deslanoside.
Sunitinib,Deslanoside,Sunitinib may decrease the cardiotoxic activities of Deslanoside.
Lanreotide,Deslanoside,Lanreotide may decrease the cardiotoxic activities of Deslanoside.
Imatinib,Deslanoside,Imatinib may decrease the cardiotoxic activities of Deslanoside.
Crizotinib,Deslanoside,Crizotinib may decrease the cardiotoxic activities of Deslanoside.
Mitotane,Deslanoside,Mitotane may decrease the cardiotoxic activities of Deslanoside.
Dienogest,Deslanoside,Dienogest may decrease the cardiotoxic activities of Deslanoside.
Olaparib,Deslanoside,Olaparib may decrease the cardiotoxic activities of Deslanoside.
Rucaparib,Deslanoside,Rucaparib may decrease the cardiotoxic activities of Deslanoside.
Prednisolone,Deslanoside,Prednisolone may decrease the cardiotoxic activities of Deslanoside.
Midostaurin,Deslanoside,Midostaurin may decrease the cardiotoxic activities of Deslanoside.
Medroxyprogesterone acetate,Deslanoside,Medroxyprogesterone acetate may decrease the cardiotoxic activities of Deslanoside.
Bortezomib,Deslanoside,Bortezomib may decrease the cardiotoxic activities of Deslanoside.
Panobinostat,Deslanoside,Panobinostat may decrease the cardiotoxic activities of Deslanoside.
Betaxolol,Deslanoside,Betaxolol may increase the bradycardic activities of Deslanoside.
Enzalutamide,Deslanoside,Enzalutamide may decrease the cardiotoxic activities of Deslanoside.
Abiraterone,Deslanoside,Abiraterone may decrease the cardiotoxic activities of Deslanoside.
Diethylstilbestrol,Deslanoside,Diethylstilbestrol may decrease the cardiotoxic activities of Deslanoside.
Nilotinib,Deslanoside,Nilotinib may decrease the cardiotoxic activities of Deslanoside.
Dexamethasone,Deslanoside,Dexamethasone may decrease the cardiotoxic activities of Deslanoside.
Letrozole,Deslanoside,Letrozole may decrease the cardiotoxic activities of Deslanoside.
Norfloxacin,Deslanoside,Norfloxacin may decrease the cardiotoxic activities of Deslanoside.
Miltefosine,Deslanoside,Miltefosine may decrease the cardiotoxic activities of Deslanoside.
Trimetrexate,Deslanoside,Trimetrexate may decrease the cardiotoxic activities of Deslanoside.
Amphotericin B,Deslanoside,The risk or severity of adverse effects can be increased when Amphotericin B is combined with Deslanoside.
Sirolimus,Deslanoside,Sirolimus may decrease the cardiotoxic activities of Deslanoside.
Alprenolol,Deslanoside,Alprenolol may increase the bradycardic activities of Deslanoside.
Timolol,Deslanoside,Timolol may increase the bradycardic activities of Deslanoside.
Atenolol,Deslanoside,Atenolol may increase the bradycardic activities of Deslanoside.
Bupranolol,Deslanoside,Bupranolol may increase the bradycardic activities of Deslanoside.
Celiprolol,Deslanoside,Celiprolol may increase the bradycardic activities of Deslanoside.
Oxprenolol,Deslanoside,Oxprenolol may increase the bradycardic activities of Deslanoside.
Metoprolol,Deslanoside,Metoprolol may increase the bradycardic activities of Deslanoside.
Bopindolol,Deslanoside,Bopindolol may increase the bradycardic activities of Deslanoside.
Esmolol,Deslanoside,Esmolol may increase the bradycardic activities of Deslanoside.
Pentostatin,Deslanoside,Pentostatin may decrease the cardiotoxic activities of Deslanoside.
Reserpine,Deslanoside,The risk or severity of adverse effects can be increased when Reserpine is combined with Deslanoside.
Thalidomide,Deslanoside,Thalidomide may decrease the cardiotoxic activities of Deslanoside.
Clonidine,Deslanoside,Clonidine may increase the atrioventricular blocking (AV block) activities of Deslanoside.
Pomalidomide,Deslanoside,Pomalidomide may decrease the cardiotoxic activities of Deslanoside.
Furosemide,Deslanoside,The risk or severity of adverse effects can be increased when Furosemide is combined with Deslanoside.
Torasemide,Deslanoside,The risk or severity of adverse effects can be increased when Torasemide is combined with Deslanoside.
Bumetanide,Deslanoside,The risk or severity of adverse effects can be increased when Bumetanide is combined with Deslanoside.
Edrophonium,Deslanoside,Edrophonium may increase the atrioventricular blocking (AV block) activities of Deslanoside.
Cabergoline,Deslanoside,Cabergoline may decrease the cardiotoxic activities of Deslanoside.
Moxifloxacin,Deslanoside,Moxifloxacin may decrease the cardiotoxic activities of Deslanoside.
Pazopanib,Deslanoside,Pazopanib may decrease the cardiotoxic activities of Deslanoside.
Gemifloxacin,Deslanoside,Gemifloxacin may decrease the cardiotoxic activities of Deslanoside.
Ciprofloxacin,Deslanoside,Ciprofloxacin may decrease the cardiotoxic activities of Deslanoside.
Lenvatinib,Deslanoside,Lenvatinib may decrease the cardiotoxic activities of Deslanoside.
Ofloxacin,Deslanoside,Ofloxacin may decrease the cardiotoxic activities of Deslanoside.
Toremifene,Deslanoside,Toremifene may decrease the cardiotoxic activities of Deslanoside.
Arsenic trioxide,Deslanoside,Arsenic trioxide may decrease the cardiotoxic activities of Deslanoside.
Levofloxacin,Deslanoside,Levofloxacin may decrease the cardiotoxic activities of Deslanoside.
Goserelin,Deslanoside,Goserelin may decrease the cardiotoxic activities of Deslanoside.
Vorinostat,Deslanoside,Vorinostat may decrease the cardiotoxic activities of Deslanoside.
Octreotide,Deslanoside,Octreotide may decrease the cardiotoxic activities of Deslanoside.
Triptorelin,Deslanoside,Triptorelin may decrease the cardiotoxic activities of Deslanoside.
Degarelix,Deslanoside,Degarelix may decrease the cardiotoxic activities of Deslanoside.
Indapamide,Deslanoside,The risk or severity of adverse effects can be increased when Indapamide is combined with Deslanoside.
Eribulin,Deslanoside,Eribulin may decrease the cardiotoxic activities of Deslanoside.
Epirubicin,Deslanoside,Epirubicin may decrease the cardiotoxic activities of Deslanoside.
Streptomycin,Deslanoside,The serum concentration of Deslanoside can be decreased when it is combined with Streptomycin.
Metrizamide,Deslanoside,The serum concentration of Deslanoside can be decreased when it is combined with Metrizamide.
Kanamycin,Deslanoside,The serum concentration of Deslanoside can be decreased when it is combined with Kanamycin.
Idarubicin,Deslanoside,Idarubicin may decrease the cardiotoxic activities of Deslanoside.
Plicamycin,Deslanoside,Plicamycin may decrease the cardiotoxic activities of Deslanoside.
Streptozocin,Deslanoside,Streptozocin may decrease the cardiotoxic activities of Deslanoside.
Tobramycin,Deslanoside,The serum concentration of Deslanoside can be decreased when it is combined with Tobramycin.
Amrubicin,Deslanoside,Amrubicin may decrease the cardiotoxic activities of Deslanoside.
Framycetin,Deslanoside,The serum concentration of Deslanoside can be decreased when it is combined with Framycetin.
Netilmicin,Deslanoside,The serum concentration of Deslanoside can be decreased when it is combined with Netilmicin.
Amikacin,Deslanoside,The serum concentration of Deslanoside can be decreased when it is combined with Amikacin.
Valrubicin,Deslanoside,Valrubicin may decrease the cardiotoxic activities of Deslanoside.
Daunorubicin,Deslanoside,Daunorubicin may decrease the cardiotoxic activities of Deslanoside.
Ribostamycin,Deslanoside,The serum concentration of Deslanoside can be decreased when it is combined with Ribostamycin.
Doxorubicin,Deslanoside,Doxorubicin may decrease the cardiotoxic activities of Deslanoside.
Arbekacin,Deslanoside,The serum concentration of Deslanoside can be decreased when it is combined with Arbekacin.
Gentamicin,Deslanoside,The serum concentration of Deslanoside can be decreased when it is combined with Gentamicin.
Paromomycin,Deslanoside,The serum concentration of Deslanoside can be decreased when it is combined with Paromomycin.
Spectinomycin,Deslanoside,The serum concentration of Deslanoside can be decreased when it is combined with Spectinomycin.
Prednisone,Deslanoside,Prednisone may decrease the cardiotoxic activities of Deslanoside.
Methylprednisolone,Deslanoside,Methylprednisolone may decrease the cardiotoxic activities of Deslanoside.
Formestane,Deslanoside,Formestane may decrease the cardiotoxic activities of Deslanoside.
Pamidronic acid,Deslanoside,Pamidronic acid may decrease the cardiotoxic activities of Deslanoside.
Bendroflumethiazide,Deslanoside,The risk or severity of adverse effects can be increased when Bendroflumethiazide is combined with Deslanoside.
Practolol,Deslanoside,Practolol may increase the bradycardic activities of Deslanoside.
Altretamine,Deslanoside,Altretamine may decrease the cardiotoxic activities of Deslanoside.
Arotinolol,Deslanoside,Arotinolol may increase the bradycardic activities of Deslanoside.
Bevantolol,Deslanoside,Bevantolol may increase the bradycardic activities of Deslanoside.
Chlorthalidone,Deslanoside,The risk or severity of adverse effects can be increased when Chlorthalidone is combined with Deslanoside.
Tretinoin,Deslanoside,Tretinoin may decrease the cardiotoxic activities of Deslanoside.
Methyclothiazide,Deslanoside,The risk or severity of adverse effects can be increased when Methyclothiazide is combined with Deslanoside.
Clofarabine,Deslanoside,Clofarabine may decrease the cardiotoxic activities of Deslanoside.
Amiloride,Deslanoside,The therapeutic efficacy of Deslanoside can be decreased when used in combination with Amiloride.
Triamterene,Deslanoside,The therapeutic efficacy of Deslanoside can be decreased when used in combination with Triamterene.
Hydrochlorothiazide,Deslanoside,The risk or severity of adverse effects can be increased when Hydrochlorothiazide is combined with Deslanoside.
Eplerenone,Deslanoside,The therapeutic efficacy of Deslanoside can be decreased when used in combination with Eplerenone.
Hydroflumethiazide,Deslanoside,The risk or severity of adverse effects can be increased when Hydroflumethiazide is combined with Deslanoside.
Metolazone,Deslanoside,The risk or severity of adverse effects can be increased when Metolazone is combined with Deslanoside.
Chlorothiazide,Deslanoside,The risk or severity of adverse effects can be increased when Chlorothiazide is combined with Deslanoside.
Quinacrine,Deslanoside,Quinacrine may decrease the cardiotoxic activities of Deslanoside.
Nelarabine,Deslanoside,Nelarabine may decrease the cardiotoxic activities of Deslanoside.
Azacitidine,Deslanoside,Azacitidine may decrease the cardiotoxic activities of Deslanoside.
Ifosfamide,Deslanoside,Ifosfamide may decrease the cardiotoxic activities of Deslanoside.
Cytarabine,Deslanoside,Cytarabine may decrease the cardiotoxic activities of Deslanoside.
Lomustine,Deslanoside,Lomustine may decrease the cardiotoxic activities of Deslanoside.
Mechlorethamine,Deslanoside,Mechlorethamine may decrease the cardiotoxic activities of Deslanoside.
Vincristine,Deslanoside,Vincristine may decrease the cardiotoxic activities of Deslanoside.
Temozolomide,Deslanoside,Temozolomide may decrease the cardiotoxic activities of Deslanoside.
Busulfan,Deslanoside,Busulfan may decrease the cardiotoxic activities of Deslanoside.
Vinorelbine,Deslanoside,Vinorelbine may decrease the cardiotoxic activities of Deslanoside.
Tioguanine,Deslanoside,Tioguanine may decrease the cardiotoxic activities of Deslanoside.
Mitoxantrone,Deslanoside,Mitoxantrone may decrease the cardiotoxic activities of Deslanoside.
Fluorouracil,Deslanoside,Fluorouracil may decrease the cardiotoxic activities of Deslanoside.
Imiquimod,Deslanoside,Imiquimod may decrease the cardiotoxic activities of Deslanoside.
Oxaliplatin,Deslanoside,Oxaliplatin may decrease the cardiotoxic activities of Deslanoside.
Pemetrexed,Deslanoside,Pemetrexed may decrease the cardiotoxic activities of Deslanoside.
Capecitabine,Deslanoside,Capecitabine may decrease the cardiotoxic activities of Deslanoside.
Fludarabine,Deslanoside,Fludarabine may decrease the cardiotoxic activities of Deslanoside.
Pralatrexate,Deslanoside,Pralatrexate may decrease the cardiotoxic activities of Deslanoside.
Etoposide,Deslanoside,Etoposide may decrease the cardiotoxic activities of Deslanoside.
Ruxolitinib,Deslanoside,Ruxolitinib may decrease the cardiotoxic activities of Deslanoside.
Melphalan,Deslanoside,Melphalan may decrease the cardiotoxic activities of Deslanoside.
Sorafenib,Deslanoside,Sorafenib may decrease the cardiotoxic activities of Deslanoside.
Teniposide,Deslanoside,Teniposide may decrease the cardiotoxic activities of Deslanoside.
Everolimus,Deslanoside,Everolimus may decrease the cardiotoxic activities of Deslanoside.
Azathioprine,Deslanoside,Azathioprine may decrease the cardiotoxic activities of Deslanoside.
Dactinomycin,Deslanoside,Dactinomycin may decrease the cardiotoxic activities of Deslanoside.
Mitomycin,Deslanoside,Mitomycin may decrease the cardiotoxic activities of Deslanoside.
Cisplatin,Deslanoside,Cisplatin may decrease the cardiotoxic activities of Deslanoside.
Carmustine,Deslanoside,Carmustine may decrease the cardiotoxic activities of Deslanoside.
Hydroxyurea,Deslanoside,Hydroxyurea may decrease the cardiotoxic activities of Deslanoside.
Cladribine,Deslanoside,Cladribine may decrease the cardiotoxic activities of Deslanoside.
Ibrutinib,Deslanoside,Ibrutinib may decrease the cardiotoxic activities of Deslanoside.
Amsacrine,Deslanoside,Amsacrine may decrease the cardiotoxic activities of Deslanoside.
Vinblastine,Deslanoside,Vinblastine may decrease the cardiotoxic activities of Deslanoside.
Temsirolimus,Deslanoside,Temsirolimus may decrease the cardiotoxic activities of Deslanoside.
Thiotepa,Deslanoside,Thiotepa may decrease the cardiotoxic activities of Deslanoside.
Gemcitabine,Deslanoside,Gemcitabine may decrease the cardiotoxic activities of Deslanoside.
Chlorambucil,Deslanoside,Chlorambucil may decrease the cardiotoxic activities of Deslanoside.
Mercaptopurine,Deslanoside,Mercaptopurine may decrease the cardiotoxic activities of Deslanoside.
Methotrexate,Deslanoside,Methotrexate may decrease the cardiotoxic activities of Deslanoside.
Bleomycin,Deslanoside,Bleomycin may decrease the cardiotoxic activities of Deslanoside.
Estramustine,Deslanoside,Estramustine may decrease the cardiotoxic activities of Deslanoside.
Vindesine,Deslanoside,Vindesine may decrease the cardiotoxic activities of Deslanoside.
Floxuridine,Deslanoside,Floxuridine may decrease the cardiotoxic activities of Deslanoside.
Dacarbazine,Deslanoside,Dacarbazine may decrease the cardiotoxic activities of Deslanoside.
Trabectedin,Deslanoside,Trabectedin may decrease the cardiotoxic activities of Deslanoside.
Irinotecan,Deslanoside,Irinotecan may decrease the cardiotoxic activities of Deslanoside.
Gallium nitrate,Deslanoside,Gallium nitrate may decrease the cardiotoxic activities of Deslanoside.
Topotecan,Deslanoside,Topotecan may decrease the cardiotoxic activities of Deslanoside.
Tibolone,Deslanoside,Tibolone may decrease the cardiotoxic activities of Deslanoside.
Polythiazide,Deslanoside,The risk or severity of adverse effects can be increased when Polythiazide is combined with Deslanoside.
Trichlormethiazide,Deslanoside,The risk or severity of adverse effects can be increased when Trichlormethiazide is combined with Deslanoside.
Albendazole,Deslanoside,Albendazole may decrease the cardiotoxic activities of Deslanoside.
Podofilox,Deslanoside,Podofilox may decrease the cardiotoxic activities of Deslanoside.
Gefitinib,Deslanoside,Gefitinib may decrease the cardiotoxic activities of Deslanoside.
Lapatinib,Deslanoside,Lapatinib may decrease the cardiotoxic activities of Deslanoside.
Regorafenib,Deslanoside,Regorafenib may decrease the cardiotoxic activities of Deslanoside.
Ponatinib,Deslanoside,Ponatinib may decrease the cardiotoxic activities of Deslanoside.
Bendamustine,Deslanoside,Bendamustine may decrease the cardiotoxic activities of Deslanoside.
Axitinib,Deslanoside,Axitinib may decrease the cardiotoxic activities of Deslanoside.
Flutamide,Deslanoside,Flutamide may decrease the cardiotoxic activities of Deslanoside.
Nilutamide,Deslanoside,Nilutamide may decrease the cardiotoxic activities of Deslanoside.
Vismodegib,Deslanoside,Vismodegib may decrease the cardiotoxic activities of Deslanoside.
Exemestane,Deslanoside,Exemestane may decrease the cardiotoxic activities of Deslanoside.
Methyltestosterone,Deslanoside,Methyltestosterone may decrease the cardiotoxic activities of Deslanoside.
Bexarotene,Deslanoside,Bexarotene may decrease the cardiotoxic activities of Deslanoside.
Venetoclax,Deslanoside,Venetoclax may decrease the cardiotoxic activities of Deslanoside.
Tamoxifen,Deslanoside,Tamoxifen may decrease the cardiotoxic activities of Deslanoside.
Cabozantinib,Deslanoside,Cabozantinib may decrease the cardiotoxic activities of Deslanoside.
Romidepsin,Deslanoside,Romidepsin may decrease the cardiotoxic activities of Deslanoside.
Fulvestrant,Deslanoside,Fulvestrant may decrease the cardiotoxic activities of Deslanoside.
Erlotinib,Deslanoside,Erlotinib may decrease the cardiotoxic activities of Deslanoside.
Hydroxyprogesterone caproate,Deslanoside,Hydroxyprogesterone caproate may decrease the cardiotoxic activities of Deslanoside.
Dabrafenib,Deslanoside,Dabrafenib may decrease the cardiotoxic activities of Deslanoside.
Mebendazole,Deslanoside,Mebendazole may decrease the cardiotoxic activities of Deslanoside.
Bicalutamide,Deslanoside,Bicalutamide may decrease the cardiotoxic activities of Deslanoside.
Ixabepilone,Deslanoside,Ixabepilone may decrease the cardiotoxic activities of Deslanoside.
Lomefloxacin,Deslanoside,Lomefloxacin may decrease the cardiotoxic activities of Deslanoside.
Colchicine,Deslanoside,Colchicine may decrease the cardiotoxic activities of Deslanoside.
Quinethazone,Deslanoside,The risk or severity of adverse effects can be increased when Quinethazone is combined with Deslanoside.
Decitabine,Deslanoside,Decitabine may decrease the cardiotoxic activities of Deslanoside.
Carfilzomib,Deslanoside,Carfilzomib may decrease the cardiotoxic activities of Deslanoside.
Dexrazoxane,Deslanoside,Dexrazoxane may decrease the cardiotoxic activities of Deslanoside.
Vitamin A,Deslanoside,Vitamin A may decrease the cardiotoxic activities of Deslanoside.
Nedaplatin,Deslanoside,Nedaplatin may decrease the cardiotoxic activities of Deslanoside.
Vinflunine,Deslanoside,Vinflunine may decrease the cardiotoxic activities of Deslanoside.
Nalidixic acid,Deslanoside,Nalidixic acid may decrease the cardiotoxic activities of Deslanoside.
Belinostat,Deslanoside,Belinostat may decrease the cardiotoxic activities of Deslanoside.
Trametinib,Deslanoside,Trametinib may decrease the cardiotoxic activities of Deslanoside.
Anastrozole,Deslanoside,Anastrozole may decrease the cardiotoxic activities of Deslanoside.
Raltitrexed,Deslanoside,Raltitrexed may decrease the cardiotoxic activities of Deslanoside.
Bosutinib,Deslanoside,Bosutinib may decrease the cardiotoxic activities of Deslanoside.
Calcipotriol,Deslanoside,Calcipotriol may decrease the cardiotoxic activities of Deslanoside.
Cobimetinib,Deslanoside,Cobimetinib may decrease the cardiotoxic activities of Deslanoside.
Besifloxacin,Deslanoside,Besifloxacin may decrease the cardiotoxic activities of Deslanoside.
Tegafur,Deslanoside,Tegafur may decrease the cardiotoxic activities of Deslanoside.
Alitretinoin,Deslanoside,Alitretinoin may decrease the cardiotoxic activities of Deslanoside.
Pipobroman,Deslanoside,Pipobroman may decrease the cardiotoxic activities of Deslanoside.
Uracil mustard,Deslanoside,Uracil mustard may decrease the cardiotoxic activities of Deslanoside.
Alectinib,Deslanoside,Alectinib may decrease the cardiotoxic activities of Deslanoside.
Testolactone,Deslanoside,Testolactone may decrease the cardiotoxic activities of Deslanoside.
Eflornithine,Deslanoside,Eflornithine may decrease the cardiotoxic activities of Deslanoside.
Trovafloxacin,Deslanoside,Trovafloxacin may decrease the cardiotoxic activities of Deslanoside.
Radium Ra 223 dichloride,Deslanoside,Radium Ra 223 dichloride may decrease the cardiotoxic activities of Deslanoside.
Nintedanib,Deslanoside,Nintedanib may decrease the cardiotoxic activities of Deslanoside.
Methyl aminolevulinate,Deslanoside,Methyl aminolevulinate may decrease the cardiotoxic activities of Deslanoside.
Enoxacin,Deslanoside,Enoxacin may decrease the cardiotoxic activities of Deslanoside.
Pefloxacin,Deslanoside,Pefloxacin may decrease the cardiotoxic activities of Deslanoside.
Azelaic acid,Deslanoside,Azelaic acid may decrease the cardiotoxic activities of Deslanoside.
Cinoxacin,Deslanoside,Cinoxacin may decrease the cardiotoxic activities of Deslanoside.
Phenylacetic acid,Deslanoside,Phenylacetic acid may decrease the cardiotoxic activities of Deslanoside.
Sparfloxacin,Deslanoside,Sparfloxacin may decrease the cardiotoxic activities of Deslanoside.
Niraparib,Deslanoside,Niraparib may decrease the cardiotoxic activities of Deslanoside.
Vapreotide,Deslanoside,Vapreotide may decrease the cardiotoxic activities of Deslanoside.
Verteporfin,Deslanoside,Verteporfin may decrease the cardiotoxic activities of Deslanoside.
Trilostane,Deslanoside,Trilostane may decrease the cardiotoxic activities of Deslanoside.
Sonidegib,Deslanoside,Sonidegib may decrease the cardiotoxic activities of Deslanoside.
Cyproterone acetate,Deslanoside,Cyproterone acetate may decrease the cardiotoxic activities of Deslanoside.
Suramin,Deslanoside,Suramin may decrease the cardiotoxic activities of Deslanoside.
Iobenguane,Deslanoside,Iobenguane may decrease the cardiotoxic activities of Deslanoside.
Omacetaxine mepesuccinate,Deslanoside,Omacetaxine mepesuccinate may decrease the cardiotoxic activities of Deslanoside.
Aminoglutethimide,Deslanoside,Aminoglutethimide may decrease the cardiotoxic activities of Deslanoside.
Gatifloxacin,Deslanoside,Gatifloxacin may decrease the cardiotoxic activities of Deslanoside.
Mequinol,Deslanoside,Mequinol may decrease the cardiotoxic activities of Deslanoside.
Podophyllin,Deslanoside,Podophyllin may decrease the cardiotoxic activities of Deslanoside.
Megestrol acetate,Deslanoside,Megestrol acetate may decrease the cardiotoxic activities of Deslanoside.
Fleroxacin,Deslanoside,Fleroxacin may decrease the cardiotoxic activities of Deslanoside.
Phenylbutyric acid,Deslanoside,Phenylbutyric acid may decrease the cardiotoxic activities of Deslanoside.
Pixantrone,Deslanoside,Pixantrone may decrease the cardiotoxic activities of Deslanoside.
Trifluridine,Deslanoside,Trifluridine may decrease the cardiotoxic activities of Deslanoside.
Medrogestone,Deslanoside,Medrogestone may decrease the cardiotoxic activities of Deslanoside.
Lycopene,Deslanoside,Lycopene may decrease the cardiotoxic activities of Deslanoside.
Kaolin,Deslanoside,The serum concentration of Deslanoside can be decreased when it is combined with Kaolin.
Spironolactone,Deslanoside,The therapeutic efficacy of Deslanoside can be decreased when used in combination with Spironolactone.
Labetalol,Deslanoside,Labetalol may increase the bradycardic activities of Deslanoside.
Carvedilol,Deslanoside,Carvedilol may increase the bradycardic activities of Deslanoside.
Mesalazine,Deslanoside,The serum concentration of Deslanoside can be decreased when it is combined with Mesalazine.
Balsalazide,Deslanoside,The serum concentration of Deslanoside can be decreased when it is combined with Balsalazide.
Olsalazine,Deslanoside,The serum concentration of Deslanoside can be decreased when it is combined with Olsalazine.
Resveratrol,Deslanoside,Resveratrol may decrease the cardiotoxic activities of Deslanoside.
Bisoprolol,Deslanoside,Bisoprolol may increase the bradycardic activities of Deslanoside.
Penbutolol,Deslanoside,Penbutolol may increase the bradycardic activities of Deslanoside.
Nebivolol,Deslanoside,Nebivolol may increase the bradycardic activities of Deslanoside.
Acebutolol,Deslanoside,Acebutolol may increase the bradycardic activities of Deslanoside.
Carteolol,Deslanoside,Carteolol may increase the bradycardic activities of Deslanoside.
Vandetanib,Deslanoside,Vandetanib may decrease the cardiotoxic activities of Deslanoside.
Sotalol,Deslanoside,Sotalol may increase the bradycardic activities of Deslanoside.
Levobunolol,Deslanoside,Levobunolol may increase the bradycardic activities of Deslanoside.
Pindolol,Deslanoside,Pindolol may increase the bradycardic activities of Deslanoside.
Metipranolol,Deslanoside,Metipranolol may increase the bradycardic activities of Deslanoside.
Nadolol,Deslanoside,Nadolol may increase the bradycardic activities of Deslanoside.
Propranolol,Deslanoside,Propranolol may increase the bradycardic activities of Deslanoside.
Masoprocol,Deslanoside,Masoprocol may decrease the cardiotoxic activities of Deslanoside.
Sulindac,Deslanoside,Sulindac may decrease the cardiotoxic activities of Deslanoside.
Pirfenidone,Deslanoside,Pirfenidone may decrease the cardiotoxic activities of Deslanoside.
Mycophenolate mofetil,Deslanoside,Mycophenolate mofetil may decrease the cardiotoxic activities of Deslanoside.
Leflunomide,Deslanoside,Leflunomide may decrease the cardiotoxic activities of Deslanoside.
Mycophenolic acid,Deslanoside,Mycophenolic acid may decrease the cardiotoxic activities of Deslanoside.
Lenalidomide,Deslanoside,Lenalidomide may decrease the cardiotoxic activities of Deslanoside.
Ixazomib,Deslanoside,Ixazomib may decrease the cardiotoxic activities of Deslanoside.
Ecabet,Deslanoside,Ecabet may decrease the cardiotoxic activities of Deslanoside.
Afatinib,Deslanoside,Afatinib may decrease the cardiotoxic activities of Deslanoside.
Diltiazem,Deslanoside,Diltiazem may increase the atrioventricular blocking (AV block) activities of Deslanoside.
Idelalisib,Deslanoside,Idelalisib may decrease the cardiotoxic activities of Deslanoside.
Verapamil,Deslanoside,Verapamil may increase the atrioventricular blocking (AV block) activities of Deslanoside.
Vemurafenib,Deslanoside,Vemurafenib may decrease the cardiotoxic activities of Deslanoside.
Ceritinib,Deslanoside,Ceritinib may decrease the cardiotoxic activities of Deslanoside.
Dasatinib,Deslanoside,Dasatinib may decrease the cardiotoxic activities of Deslanoside.
Palbociclib,Deslanoside,Palbociclib may decrease the cardiotoxic activities of Deslanoside.
Osimertinib,Deslanoside,Osimertinib may decrease the cardiotoxic activities of Deslanoside.
Aminolevulinic acid,Acetyldigitoxin,Aminolevulinic acid may decrease the cardiotoxic activities of Acetyldigitoxin.
Temoporfin,Acetyldigitoxin,Temoporfin may decrease the cardiotoxic activities of Acetyldigitoxin.
Cyclophosphamide,Acetyldigitoxin,Cyclophosphamide may decrease the cardiotoxic activities of Acetyldigitoxin.
Paclitaxel,Acetyldigitoxin,Paclitaxel may decrease the cardiotoxic activities of Acetyldigitoxin.
Docetaxel,Acetyldigitoxin,Docetaxel may decrease the cardiotoxic activities of Acetyldigitoxin.
Cabazitaxel,Acetyldigitoxin,Cabazitaxel may decrease the cardiotoxic activities of Acetyldigitoxin.
Sulpiride,Acetyldigitoxin,The risk or severity of adverse effects can be increased when Sulpiride is combined with Acetyldigitoxin.
Anagrelide,Acetyldigitoxin,Anagrelide may decrease the cardiotoxic activities of Acetyldigitoxin.
Carboplatin,Acetyldigitoxin,Carboplatin may decrease the cardiotoxic activities of Acetyldigitoxin.
Etacrynic acid,Acetyldigitoxin,The risk or severity of adverse effects can be increased when Etacrynic acid is combined with Acetyldigitoxin.
Pirlindole,Acetyldigitoxin,Pirlindole may decrease the cardiotoxic activities of Acetyldigitoxin.
Procarbazine,Acetyldigitoxin,Procarbazine may decrease the cardiotoxic activities of Acetyldigitoxin.
Sunitinib,Acetyldigitoxin,Sunitinib may decrease the cardiotoxic activities of Acetyldigitoxin.
Lanreotide,Acetyldigitoxin,Lanreotide may decrease the cardiotoxic activities of Acetyldigitoxin.
Imatinib,Acetyldigitoxin,Imatinib may decrease the cardiotoxic activities of Acetyldigitoxin.
Crizotinib,Acetyldigitoxin,Crizotinib may decrease the cardiotoxic activities of Acetyldigitoxin.
Mitotane,Acetyldigitoxin,Mitotane may decrease the cardiotoxic activities of Acetyldigitoxin.
Dienogest,Acetyldigitoxin,Dienogest may decrease the cardiotoxic activities of Acetyldigitoxin.
Olaparib,Acetyldigitoxin,Olaparib may decrease the cardiotoxic activities of Acetyldigitoxin.
Rucaparib,Acetyldigitoxin,Rucaparib may decrease the cardiotoxic activities of Acetyldigitoxin.
Prednisolone,Acetyldigitoxin,Prednisolone may decrease the cardiotoxic activities of Acetyldigitoxin.
Midostaurin,Acetyldigitoxin,Midostaurin may decrease the cardiotoxic activities of Acetyldigitoxin.
Medroxyprogesterone acetate,Acetyldigitoxin,Medroxyprogesterone acetate may decrease the cardiotoxic activities of Acetyldigitoxin.
Bortezomib,Acetyldigitoxin,Bortezomib may decrease the cardiotoxic activities of Acetyldigitoxin.
Panobinostat,Acetyldigitoxin,Panobinostat may decrease the cardiotoxic activities of Acetyldigitoxin.
Betaxolol,Acetyldigitoxin,Betaxolol may increase the bradycardic activities of Acetyldigitoxin.
Enzalutamide,Acetyldigitoxin,Enzalutamide may decrease the cardiotoxic activities of Acetyldigitoxin.
Abiraterone,Acetyldigitoxin,Abiraterone may decrease the cardiotoxic activities of Acetyldigitoxin.
Diethylstilbestrol,Acetyldigitoxin,Diethylstilbestrol may decrease the cardiotoxic activities of Acetyldigitoxin.
Nilotinib,Acetyldigitoxin,Nilotinib may decrease the cardiotoxic activities of Acetyldigitoxin.
Dexamethasone,Acetyldigitoxin,Dexamethasone may decrease the cardiotoxic activities of Acetyldigitoxin.
Letrozole,Acetyldigitoxin,Letrozole may decrease the cardiotoxic activities of Acetyldigitoxin.
Norfloxacin,Acetyldigitoxin,Norfloxacin may decrease the cardiotoxic activities of Acetyldigitoxin.
Miltefosine,Acetyldigitoxin,Miltefosine may decrease the cardiotoxic activities of Acetyldigitoxin.
Trimetrexate,Acetyldigitoxin,Trimetrexate may decrease the cardiotoxic activities of Acetyldigitoxin.
Amphotericin B,Acetyldigitoxin,The risk or severity of adverse effects can be increased when Amphotericin B is combined with Acetyldigitoxin.
Sirolimus,Acetyldigitoxin,Sirolimus may decrease the cardiotoxic activities of Acetyldigitoxin.
Alprenolol,Acetyldigitoxin,Alprenolol may increase the bradycardic activities of Acetyldigitoxin.
Timolol,Acetyldigitoxin,Timolol may increase the bradycardic activities of Acetyldigitoxin.
Atenolol,Acetyldigitoxin,Atenolol may increase the bradycardic activities of Acetyldigitoxin.
Bupranolol,Acetyldigitoxin,Bupranolol may increase the bradycardic activities of Acetyldigitoxin.
Celiprolol,Acetyldigitoxin,Celiprolol may increase the bradycardic activities of Acetyldigitoxin.
Oxprenolol,Acetyldigitoxin,Oxprenolol may increase the bradycardic activities of Acetyldigitoxin.
Metoprolol,Acetyldigitoxin,Metoprolol may increase the bradycardic activities of Acetyldigitoxin.
Bopindolol,Acetyldigitoxin,Bopindolol may increase the bradycardic activities of Acetyldigitoxin.
Esmolol,Acetyldigitoxin,Esmolol may increase the bradycardic activities of Acetyldigitoxin.
Pentostatin,Acetyldigitoxin,Pentostatin may decrease the cardiotoxic activities of Acetyldigitoxin.
Reserpine,Acetyldigitoxin,The risk or severity of adverse effects can be increased when Reserpine is combined with Acetyldigitoxin.
Thalidomide,Acetyldigitoxin,Thalidomide may decrease the cardiotoxic activities of Acetyldigitoxin.
Clonidine,Acetyldigitoxin,Clonidine may increase the atrioventricular blocking (AV block) activities of Acetyldigitoxin.
Pomalidomide,Acetyldigitoxin,Pomalidomide may decrease the cardiotoxic activities of Acetyldigitoxin.
Furosemide,Acetyldigitoxin,The risk or severity of adverse effects can be increased when Furosemide is combined with Acetyldigitoxin.
Torasemide,Acetyldigitoxin,The risk or severity of adverse effects can be increased when Torasemide is combined with Acetyldigitoxin.
Bumetanide,Acetyldigitoxin,The risk or severity of adverse effects can be increased when Bumetanide is combined with Acetyldigitoxin.
Edrophonium,Acetyldigitoxin,Edrophonium may increase the atrioventricular blocking (AV block) activities of Acetyldigitoxin.
Cabergoline,Acetyldigitoxin,Cabergoline may decrease the cardiotoxic activities of Acetyldigitoxin.
Moxifloxacin,Acetyldigitoxin,Moxifloxacin may decrease the cardiotoxic activities of Acetyldigitoxin.
Pazopanib,Acetyldigitoxin,Pazopanib may decrease the cardiotoxic activities of Acetyldigitoxin.
Gemifloxacin,Acetyldigitoxin,Gemifloxacin may decrease the cardiotoxic activities of Acetyldigitoxin.
Ciprofloxacin,Acetyldigitoxin,Ciprofloxacin may decrease the cardiotoxic activities of Acetyldigitoxin.
Lenvatinib,Acetyldigitoxin,Lenvatinib may decrease the cardiotoxic activities of Acetyldigitoxin.
Ofloxacin,Acetyldigitoxin,Ofloxacin may decrease the cardiotoxic activities of Acetyldigitoxin.
Toremifene,Acetyldigitoxin,Toremifene may decrease the cardiotoxic activities of Acetyldigitoxin.
Arsenic trioxide,Acetyldigitoxin,Arsenic trioxide may decrease the cardiotoxic activities of Acetyldigitoxin.
Levofloxacin,Acetyldigitoxin,Levofloxacin may decrease the cardiotoxic activities of Acetyldigitoxin.
Goserelin,Acetyldigitoxin,Goserelin may decrease the cardiotoxic activities of Acetyldigitoxin.
Vorinostat,Acetyldigitoxin,Vorinostat may decrease the cardiotoxic activities of Acetyldigitoxin.
Octreotide,Acetyldigitoxin,Octreotide may decrease the cardiotoxic activities of Acetyldigitoxin.
Triptorelin,Acetyldigitoxin,Triptorelin may decrease the cardiotoxic activities of Acetyldigitoxin.
Degarelix,Acetyldigitoxin,Degarelix may decrease the cardiotoxic activities of Acetyldigitoxin.
Indapamide,Acetyldigitoxin,The risk or severity of adverse effects can be increased when Indapamide is combined with Acetyldigitoxin.
Eribulin,Acetyldigitoxin,Eribulin may decrease the cardiotoxic activities of Acetyldigitoxin.
Epirubicin,Acetyldigitoxin,Epirubicin may decrease the cardiotoxic activities of Acetyldigitoxin.
Streptomycin,Acetyldigitoxin,The serum concentration of Acetyldigitoxin can be decreased when it is combined with Streptomycin.
Metrizamide,Acetyldigitoxin,The serum concentration of Acetyldigitoxin can be decreased when it is combined with Metrizamide.
Kanamycin,Acetyldigitoxin,The serum concentration of Acetyldigitoxin can be decreased when it is combined with Kanamycin.
Idarubicin,Acetyldigitoxin,Idarubicin may decrease the cardiotoxic activities of Acetyldigitoxin.
Plicamycin,Acetyldigitoxin,Plicamycin may decrease the cardiotoxic activities of Acetyldigitoxin.
Streptozocin,Acetyldigitoxin,Streptozocin may decrease the cardiotoxic activities of Acetyldigitoxin.
Tobramycin,Acetyldigitoxin,The serum concentration of Acetyldigitoxin can be decreased when it is combined with Tobramycin.
Amrubicin,Acetyldigitoxin,Amrubicin may decrease the cardiotoxic activities of Acetyldigitoxin.
Framycetin,Acetyldigitoxin,The serum concentration of Acetyldigitoxin can be decreased when it is combined with Framycetin.
Netilmicin,Acetyldigitoxin,The serum concentration of Acetyldigitoxin can be decreased when it is combined with Netilmicin.
Amikacin,Acetyldigitoxin,The serum concentration of Acetyldigitoxin can be decreased when it is combined with Amikacin.
Valrubicin,Acetyldigitoxin,Valrubicin may decrease the cardiotoxic activities of Acetyldigitoxin.
Daunorubicin,Acetyldigitoxin,Daunorubicin may decrease the cardiotoxic activities of Acetyldigitoxin.
Ribostamycin,Acetyldigitoxin,The serum concentration of Acetyldigitoxin can be decreased when it is combined with Ribostamycin.
Doxorubicin,Acetyldigitoxin,Doxorubicin may decrease the cardiotoxic activities of Acetyldigitoxin.
Arbekacin,Acetyldigitoxin,The serum concentration of Acetyldigitoxin can be decreased when it is combined with Arbekacin.
Gentamicin,Acetyldigitoxin,The serum concentration of Acetyldigitoxin can be decreased when it is combined with Gentamicin.
Paromomycin,Acetyldigitoxin,The serum concentration of Acetyldigitoxin can be decreased when it is combined with Paromomycin.
Spectinomycin,Acetyldigitoxin,The serum concentration of Acetyldigitoxin can be decreased when it is combined with Spectinomycin.
Prednisone,Acetyldigitoxin,Prednisone may decrease the cardiotoxic activities of Acetyldigitoxin.
Methylprednisolone,Acetyldigitoxin,Methylprednisolone may decrease the cardiotoxic activities of Acetyldigitoxin.
Formestane,Acetyldigitoxin,Formestane may decrease the cardiotoxic activities of Acetyldigitoxin.
Pamidronic acid,Acetyldigitoxin,Pamidronic acid may decrease the cardiotoxic activities of Acetyldigitoxin.
Bendroflumethiazide,Acetyldigitoxin,The risk or severity of adverse effects can be increased when Bendroflumethiazide is combined with Acetyldigitoxin.
Practolol,Acetyldigitoxin,Practolol may increase the bradycardic activities of Acetyldigitoxin.
Altretamine,Acetyldigitoxin,Altretamine may decrease the cardiotoxic activities of Acetyldigitoxin.
Arotinolol,Acetyldigitoxin,Arotinolol may increase the bradycardic activities of Acetyldigitoxin.
Bevantolol,Acetyldigitoxin,Bevantolol may increase the bradycardic activities of Acetyldigitoxin.
Chlorthalidone,Acetyldigitoxin,The risk or severity of adverse effects can be increased when Chlorthalidone is combined with Acetyldigitoxin.
Tretinoin,Acetyldigitoxin,Tretinoin may decrease the cardiotoxic activities of Acetyldigitoxin.
Methyclothiazide,Acetyldigitoxin,The risk or severity of adverse effects can be increased when Methyclothiazide is combined with Acetyldigitoxin.
Clofarabine,Acetyldigitoxin,Clofarabine may decrease the cardiotoxic activities of Acetyldigitoxin.
Amiloride,Acetyldigitoxin,The therapeutic efficacy of Acetyldigitoxin can be decreased when used in combination with Amiloride.
Triamterene,Acetyldigitoxin,The therapeutic efficacy of Acetyldigitoxin can be decreased when used in combination with Triamterene.
Hydrochlorothiazide,Acetyldigitoxin,The risk or severity of adverse effects can be increased when Hydrochlorothiazide is combined with Acetyldigitoxin.
Eplerenone,Acetyldigitoxin,The therapeutic efficacy of Acetyldigitoxin can be decreased when used in combination with Eplerenone.
Hydroflumethiazide,Acetyldigitoxin,The risk or severity of adverse effects can be increased when Hydroflumethiazide is combined with Acetyldigitoxin.
Metolazone,Acetyldigitoxin,The risk or severity of adverse effects can be increased when Metolazone is combined with Acetyldigitoxin.
Chlorothiazide,Acetyldigitoxin,The risk or severity of adverse effects can be increased when Chlorothiazide is combined with Acetyldigitoxin.
Quinacrine,Acetyldigitoxin,Quinacrine may decrease the cardiotoxic activities of Acetyldigitoxin.
Nelarabine,Acetyldigitoxin,Nelarabine may decrease the cardiotoxic activities of Acetyldigitoxin.
Azacitidine,Acetyldigitoxin,Azacitidine may decrease the cardiotoxic activities of Acetyldigitoxin.
Ifosfamide,Acetyldigitoxin,Ifosfamide may decrease the cardiotoxic activities of Acetyldigitoxin.
Cytarabine,Acetyldigitoxin,Cytarabine may decrease the cardiotoxic activities of Acetyldigitoxin.
Lomustine,Acetyldigitoxin,Lomustine may decrease the cardiotoxic activities of Acetyldigitoxin.
Mechlorethamine,Acetyldigitoxin,Mechlorethamine may decrease the cardiotoxic activities of Acetyldigitoxin.
Vincristine,Acetyldigitoxin,Vincristine may decrease the cardiotoxic activities of Acetyldigitoxin.
Temozolomide,Acetyldigitoxin,Temozolomide may decrease the cardiotoxic activities of Acetyldigitoxin.
Busulfan,Acetyldigitoxin,Busulfan may decrease the cardiotoxic activities of Acetyldigitoxin.
Vinorelbine,Acetyldigitoxin,Vinorelbine may decrease the cardiotoxic activities of Acetyldigitoxin.
Tioguanine,Acetyldigitoxin,Tioguanine may decrease the cardiotoxic activities of Acetyldigitoxin.
Mitoxantrone,Acetyldigitoxin,Mitoxantrone may decrease the cardiotoxic activities of Acetyldigitoxin.
Fluorouracil,Acetyldigitoxin,Fluorouracil may decrease the cardiotoxic activities of Acetyldigitoxin.
Imiquimod,Acetyldigitoxin,Imiquimod may decrease the cardiotoxic activities of Acetyldigitoxin.
Oxaliplatin,Acetyldigitoxin,Oxaliplatin may decrease the cardiotoxic activities of Acetyldigitoxin.
Pemetrexed,Acetyldigitoxin,Pemetrexed may decrease the cardiotoxic activities of Acetyldigitoxin.
Capecitabine,Acetyldigitoxin,Capecitabine may decrease the cardiotoxic activities of Acetyldigitoxin.
Fludarabine,Acetyldigitoxin,Fludarabine may decrease the cardiotoxic activities of Acetyldigitoxin.
Pralatrexate,Acetyldigitoxin,Pralatrexate may decrease the cardiotoxic activities of Acetyldigitoxin.
Etoposide,Acetyldigitoxin,Etoposide may decrease the cardiotoxic activities of Acetyldigitoxin.
Ruxolitinib,Acetyldigitoxin,Ruxolitinib may decrease the cardiotoxic activities of Acetyldigitoxin.
Melphalan,Acetyldigitoxin,Melphalan may decrease the cardiotoxic activities of Acetyldigitoxin.
Sorafenib,Acetyldigitoxin,Sorafenib may decrease the cardiotoxic activities of Acetyldigitoxin.
Teniposide,Acetyldigitoxin,Teniposide may decrease the cardiotoxic activities of Acetyldigitoxin.
Everolimus,Acetyldigitoxin,Everolimus may decrease the cardiotoxic activities of Acetyldigitoxin.
Azathioprine,Acetyldigitoxin,Azathioprine may decrease the cardiotoxic activities of Acetyldigitoxin.
Dactinomycin,Acetyldigitoxin,Dactinomycin may decrease the cardiotoxic activities of Acetyldigitoxin.
Mitomycin,Acetyldigitoxin,Mitomycin may decrease the cardiotoxic activities of Acetyldigitoxin.
Cisplatin,Acetyldigitoxin,Cisplatin may decrease the cardiotoxic activities of Acetyldigitoxin.
Carmustine,Acetyldigitoxin,Carmustine may decrease the cardiotoxic activities of Acetyldigitoxin.
Hydroxyurea,Acetyldigitoxin,Hydroxyurea may decrease the cardiotoxic activities of Acetyldigitoxin.
Cladribine,Acetyldigitoxin,Cladribine may decrease the cardiotoxic activities of Acetyldigitoxin.
Ibrutinib,Acetyldigitoxin,Ibrutinib may decrease the cardiotoxic activities of Acetyldigitoxin.
Amsacrine,Acetyldigitoxin,Amsacrine may decrease the cardiotoxic activities of Acetyldigitoxin.
Vinblastine,Acetyldigitoxin,Vinblastine may decrease the cardiotoxic activities of Acetyldigitoxin.
Temsirolimus,Acetyldigitoxin,Temsirolimus may decrease the cardiotoxic activities of Acetyldigitoxin.
Thiotepa,Acetyldigitoxin,Thiotepa may decrease the cardiotoxic activities of Acetyldigitoxin.
Gemcitabine,Acetyldigitoxin,Gemcitabine may decrease the cardiotoxic activities of Acetyldigitoxin.
Chlorambucil,Acetyldigitoxin,Chlorambucil may decrease the cardiotoxic activities of Acetyldigitoxin.
Mercaptopurine,Acetyldigitoxin,Mercaptopurine may decrease the cardiotoxic activities of Acetyldigitoxin.
Methotrexate,Acetyldigitoxin,Methotrexate may decrease the cardiotoxic activities of Acetyldigitoxin.
Bleomycin,Acetyldigitoxin,Bleomycin may decrease the cardiotoxic activities of Acetyldigitoxin.
Estramustine,Acetyldigitoxin,Estramustine may decrease the cardiotoxic activities of Acetyldigitoxin.
Vindesine,Acetyldigitoxin,Vindesine may decrease the cardiotoxic activities of Acetyldigitoxin.
Floxuridine,Acetyldigitoxin,Floxuridine may decrease the cardiotoxic activities of Acetyldigitoxin.
Dacarbazine,Acetyldigitoxin,Dacarbazine may decrease the cardiotoxic activities of Acetyldigitoxin.
Trabectedin,Acetyldigitoxin,Trabectedin may decrease the cardiotoxic activities of Acetyldigitoxin.
Irinotecan,Acetyldigitoxin,Irinotecan may decrease the cardiotoxic activities of Acetyldigitoxin.
Gallium nitrate,Acetyldigitoxin,Gallium nitrate may decrease the cardiotoxic activities of Acetyldigitoxin.
Topotecan,Acetyldigitoxin,Topotecan may decrease the cardiotoxic activities of Acetyldigitoxin.
Tibolone,Acetyldigitoxin,Tibolone may decrease the cardiotoxic activities of Acetyldigitoxin.
Polythiazide,Acetyldigitoxin,The risk or severity of adverse effects can be increased when Polythiazide is combined with Acetyldigitoxin.
Trichlormethiazide,Acetyldigitoxin,The risk or severity of adverse effects can be increased when Trichlormethiazide is combined with Acetyldigitoxin.
Albendazole,Acetyldigitoxin,Albendazole may decrease the cardiotoxic activities of Acetyldigitoxin.
Podofilox,Acetyldigitoxin,Podofilox may decrease the cardiotoxic activities of Acetyldigitoxin.
Gefitinib,Acetyldigitoxin,Gefitinib may decrease the cardiotoxic activities of Acetyldigitoxin.
Lapatinib,Acetyldigitoxin,Lapatinib may decrease the cardiotoxic activities of Acetyldigitoxin.
Regorafenib,Acetyldigitoxin,Regorafenib may decrease the cardiotoxic activities of Acetyldigitoxin.
Ponatinib,Acetyldigitoxin,Ponatinib may decrease the cardiotoxic activities of Acetyldigitoxin.
Bendamustine,Acetyldigitoxin,Bendamustine may decrease the cardiotoxic activities of Acetyldigitoxin.
Axitinib,Acetyldigitoxin,Axitinib may decrease the cardiotoxic activities of Acetyldigitoxin.
Flutamide,Acetyldigitoxin,Flutamide may decrease the cardiotoxic activities of Acetyldigitoxin.
Nilutamide,Acetyldigitoxin,Nilutamide may decrease the cardiotoxic activities of Acetyldigitoxin.
Vismodegib,Acetyldigitoxin,Vismodegib may decrease the cardiotoxic activities of Acetyldigitoxin.
Exemestane,Acetyldigitoxin,Exemestane may decrease the cardiotoxic activities of Acetyldigitoxin.
Methyltestosterone,Acetyldigitoxin,Methyltestosterone may decrease the cardiotoxic activities of Acetyldigitoxin.
Bexarotene,Acetyldigitoxin,Bexarotene may decrease the cardiotoxic activities of Acetyldigitoxin.
Venetoclax,Acetyldigitoxin,Venetoclax may decrease the cardiotoxic activities of Acetyldigitoxin.
Tamoxifen,Acetyldigitoxin,Tamoxifen may decrease the cardiotoxic activities of Acetyldigitoxin.
Cabozantinib,Acetyldigitoxin,Cabozantinib may decrease the cardiotoxic activities of Acetyldigitoxin.
Romidepsin,Acetyldigitoxin,Romidepsin may decrease the cardiotoxic activities of Acetyldigitoxin.
Fulvestrant,Acetyldigitoxin,Fulvestrant may decrease the cardiotoxic activities of Acetyldigitoxin.
Erlotinib,Acetyldigitoxin,Erlotinib may decrease the cardiotoxic activities of Acetyldigitoxin.
Hydroxyprogesterone caproate,Acetyldigitoxin,Hydroxyprogesterone caproate may decrease the cardiotoxic activities of Acetyldigitoxin.
Dabrafenib,Acetyldigitoxin,Dabrafenib may decrease the cardiotoxic activities of Acetyldigitoxin.
Mebendazole,Acetyldigitoxin,Mebendazole may decrease the cardiotoxic activities of Acetyldigitoxin.
Bicalutamide,Acetyldigitoxin,Bicalutamide may decrease the cardiotoxic activities of Acetyldigitoxin.
Ixabepilone,Acetyldigitoxin,Ixabepilone may decrease the cardiotoxic activities of Acetyldigitoxin.
Lomefloxacin,Acetyldigitoxin,Lomefloxacin may decrease the cardiotoxic activities of Acetyldigitoxin.
Colchicine,Acetyldigitoxin,Colchicine may decrease the cardiotoxic activities of Acetyldigitoxin.
Quinethazone,Acetyldigitoxin,The risk or severity of adverse effects can be increased when Quinethazone is combined with Acetyldigitoxin.
Decitabine,Acetyldigitoxin,Decitabine may decrease the cardiotoxic activities of Acetyldigitoxin.
Carfilzomib,Acetyldigitoxin,Carfilzomib may decrease the cardiotoxic activities of Acetyldigitoxin.
Dexrazoxane,Acetyldigitoxin,Dexrazoxane may decrease the cardiotoxic activities of Acetyldigitoxin.
Vitamin A,Acetyldigitoxin,Vitamin A may decrease the cardiotoxic activities of Acetyldigitoxin.
Nedaplatin,Acetyldigitoxin,Nedaplatin may decrease the cardiotoxic activities of Acetyldigitoxin.
Vinflunine,Acetyldigitoxin,Vinflunine may decrease the cardiotoxic activities of Acetyldigitoxin.
Nalidixic acid,Acetyldigitoxin,Nalidixic acid may decrease the cardiotoxic activities of Acetyldigitoxin.
Belinostat,Acetyldigitoxin,Belinostat may decrease the cardiotoxic activities of Acetyldigitoxin.
Trametinib,Acetyldigitoxin,Trametinib may decrease the cardiotoxic activities of Acetyldigitoxin.
Anastrozole,Acetyldigitoxin,Anastrozole may decrease the cardiotoxic activities of Acetyldigitoxin.
Raltitrexed,Acetyldigitoxin,Raltitrexed may decrease the cardiotoxic activities of Acetyldigitoxin.
Bosutinib,Acetyldigitoxin,Bosutinib may decrease the cardiotoxic activities of Acetyldigitoxin.
Calcipotriol,Acetyldigitoxin,Calcipotriol may decrease the cardiotoxic activities of Acetyldigitoxin.
Cobimetinib,Acetyldigitoxin,Cobimetinib may decrease the cardiotoxic activities of Acetyldigitoxin.
Besifloxacin,Acetyldigitoxin,Besifloxacin may decrease the cardiotoxic activities of Acetyldigitoxin.
Tegafur,Acetyldigitoxin,Tegafur may decrease the cardiotoxic activities of Acetyldigitoxin.
Alitretinoin,Acetyldigitoxin,Alitretinoin may decrease the cardiotoxic activities of Acetyldigitoxin.
Pipobroman,Acetyldigitoxin,Pipobroman may decrease the cardiotoxic activities of Acetyldigitoxin.
Uracil mustard,Acetyldigitoxin,Uracil mustard may decrease the cardiotoxic activities of Acetyldigitoxin.
Alectinib,Acetyldigitoxin,Alectinib may decrease the cardiotoxic activities of Acetyldigitoxin.
Testolactone,Acetyldigitoxin,Testolactone may decrease the cardiotoxic activities of Acetyldigitoxin.
Eflornithine,Acetyldigitoxin,Eflornithine may decrease the cardiotoxic activities of Acetyldigitoxin.
Trovafloxacin,Acetyldigitoxin,Trovafloxacin may decrease the cardiotoxic activities of Acetyldigitoxin.
Radium Ra 223 dichloride,Acetyldigitoxin,Radium Ra 223 dichloride may decrease the cardiotoxic activities of Acetyldigitoxin.
Nintedanib,Acetyldigitoxin,Nintedanib may decrease the cardiotoxic activities of Acetyldigitoxin.
Methyl aminolevulinate,Acetyldigitoxin,Methyl aminolevulinate may decrease the cardiotoxic activities of Acetyldigitoxin.
Enoxacin,Acetyldigitoxin,Enoxacin may decrease the cardiotoxic activities of Acetyldigitoxin.
Pefloxacin,Acetyldigitoxin,Pefloxacin may decrease the cardiotoxic activities of Acetyldigitoxin.
Azelaic acid,Acetyldigitoxin,Azelaic acid may decrease the cardiotoxic activities of Acetyldigitoxin.
Cinoxacin,Acetyldigitoxin,Cinoxacin may decrease the cardiotoxic activities of Acetyldigitoxin.
Phenylacetic acid,Acetyldigitoxin,Phenylacetic acid may decrease the cardiotoxic activities of Acetyldigitoxin.
Sparfloxacin,Acetyldigitoxin,Sparfloxacin may decrease the cardiotoxic activities of Acetyldigitoxin.
Niraparib,Acetyldigitoxin,Niraparib may decrease the cardiotoxic activities of Acetyldigitoxin.
Vapreotide,Acetyldigitoxin,Vapreotide may decrease the cardiotoxic activities of Acetyldigitoxin.
Verteporfin,Acetyldigitoxin,Verteporfin may decrease the cardiotoxic activities of Acetyldigitoxin.
Trilostane,Acetyldigitoxin,Trilostane may decrease the cardiotoxic activities of Acetyldigitoxin.
Sonidegib,Acetyldigitoxin,Sonidegib may decrease the cardiotoxic activities of Acetyldigitoxin.
Cyproterone acetate,Acetyldigitoxin,Cyproterone acetate may decrease the cardiotoxic activities of Acetyldigitoxin.
Suramin,Acetyldigitoxin,Suramin may decrease the cardiotoxic activities of Acetyldigitoxin.
Iobenguane,Acetyldigitoxin,Iobenguane may decrease the cardiotoxic activities of Acetyldigitoxin.
Omacetaxine mepesuccinate,Acetyldigitoxin,Omacetaxine mepesuccinate may decrease the cardiotoxic activities of Acetyldigitoxin.
Aminoglutethimide,Acetyldigitoxin,Aminoglutethimide may decrease the cardiotoxic activities of Acetyldigitoxin.
Gatifloxacin,Acetyldigitoxin,Gatifloxacin may decrease the cardiotoxic activities of Acetyldigitoxin.
Mequinol,Acetyldigitoxin,Mequinol may decrease the cardiotoxic activities of Acetyldigitoxin.
Podophyllin,Acetyldigitoxin,Podophyllin may decrease the cardiotoxic activities of Acetyldigitoxin.
Megestrol acetate,Acetyldigitoxin,Megestrol acetate may decrease the cardiotoxic activities of Acetyldigitoxin.
Fleroxacin,Acetyldigitoxin,Fleroxacin may decrease the cardiotoxic activities of Acetyldigitoxin.
Phenylbutyric acid,Acetyldigitoxin,Phenylbutyric acid may decrease the cardiotoxic activities of Acetyldigitoxin.
Pixantrone,Acetyldigitoxin,Pixantrone may decrease the cardiotoxic activities of Acetyldigitoxin.
Trifluridine,Acetyldigitoxin,Trifluridine may decrease the cardiotoxic activities of Acetyldigitoxin.
Medrogestone,Acetyldigitoxin,Medrogestone may decrease the cardiotoxic activities of Acetyldigitoxin.
Lycopene,Acetyldigitoxin,Lycopene may decrease the cardiotoxic activities of Acetyldigitoxin.
Kaolin,Acetyldigitoxin,The serum concentration of Acetyldigitoxin can be decreased when it is combined with Kaolin.
Spironolactone,Acetyldigitoxin,The therapeutic efficacy of Acetyldigitoxin can be decreased when used in combination with Spironolactone.
Labetalol,Acetyldigitoxin,Labetalol may increase the bradycardic activities of Acetyldigitoxin.
Carvedilol,Acetyldigitoxin,Carvedilol may increase the bradycardic activities of Acetyldigitoxin.
Mesalazine,Acetyldigitoxin,The serum concentration of Acetyldigitoxin can be decreased when it is combined with Mesalazine.
Balsalazide,Acetyldigitoxin,The serum concentration of Acetyldigitoxin can be decreased when it is combined with Balsalazide.
Olsalazine,Acetyldigitoxin,The serum concentration of Acetyldigitoxin can be decreased when it is combined with Olsalazine.
Resveratrol,Acetyldigitoxin,Resveratrol may decrease the cardiotoxic activities of Acetyldigitoxin.
Bisoprolol,Acetyldigitoxin,Bisoprolol may increase the bradycardic activities of Acetyldigitoxin.
Penbutolol,Acetyldigitoxin,Penbutolol may increase the bradycardic activities of Acetyldigitoxin.
Nebivolol,Acetyldigitoxin,Nebivolol may increase the bradycardic activities of Acetyldigitoxin.
Acebutolol,Acetyldigitoxin,Acebutolol may increase the bradycardic activities of Acetyldigitoxin.
Carteolol,Acetyldigitoxin,Carteolol may increase the bradycardic activities of Acetyldigitoxin.
Vandetanib,Acetyldigitoxin,Vandetanib may decrease the cardiotoxic activities of Acetyldigitoxin.
Sotalol,Acetyldigitoxin,Sotalol may increase the bradycardic activities of Acetyldigitoxin.
Levobunolol,Acetyldigitoxin,Levobunolol may increase the bradycardic activities of Acetyldigitoxin.
Pindolol,Acetyldigitoxin,Pindolol may increase the bradycardic activities of Acetyldigitoxin.
Metipranolol,Acetyldigitoxin,Metipranolol may increase the bradycardic activities of Acetyldigitoxin.
Nadolol,Acetyldigitoxin,Nadolol may increase the bradycardic activities of Acetyldigitoxin.
Propranolol,Acetyldigitoxin,Propranolol may increase the bradycardic activities of Acetyldigitoxin.
Masoprocol,Acetyldigitoxin,Masoprocol may decrease the cardiotoxic activities of Acetyldigitoxin.
Sulindac,Acetyldigitoxin,Sulindac may decrease the cardiotoxic activities of Acetyldigitoxin.
Pirfenidone,Acetyldigitoxin,Pirfenidone may decrease the cardiotoxic activities of Acetyldigitoxin.
Mycophenolate mofetil,Acetyldigitoxin,Mycophenolate mofetil may decrease the cardiotoxic activities of Acetyldigitoxin.
Leflunomide,Acetyldigitoxin,Leflunomide may decrease the cardiotoxic activities of Acetyldigitoxin.
Mycophenolic acid,Acetyldigitoxin,Mycophenolic acid may decrease the cardiotoxic activities of Acetyldigitoxin.
Lenalidomide,Acetyldigitoxin,Lenalidomide may decrease the cardiotoxic activities of Acetyldigitoxin.
Ixazomib,Acetyldigitoxin,Ixazomib may decrease the cardiotoxic activities of Acetyldigitoxin.
Ecabet,Acetyldigitoxin,Ecabet may decrease the cardiotoxic activities of Acetyldigitoxin.
Afatinib,Acetyldigitoxin,Afatinib may decrease the cardiotoxic activities of Acetyldigitoxin.
Diltiazem,Acetyldigitoxin,Diltiazem may increase the atrioventricular blocking (AV block) activities of Acetyldigitoxin.
Idelalisib,Acetyldigitoxin,Idelalisib may decrease the cardiotoxic activities of Acetyldigitoxin.
Verapamil,Acetyldigitoxin,Verapamil may increase the atrioventricular blocking (AV block) activities of Acetyldigitoxin.
Vemurafenib,Acetyldigitoxin,Vemurafenib may decrease the cardiotoxic activities of Acetyldigitoxin.
Ceritinib,Acetyldigitoxin,Ceritinib may decrease the cardiotoxic activities of Acetyldigitoxin.
Dasatinib,Acetyldigitoxin,Dasatinib may decrease the cardiotoxic activities of Acetyldigitoxin.
Palbociclib,Acetyldigitoxin,Palbociclib may decrease the cardiotoxic activities of Acetyldigitoxin.
Osimertinib,Acetyldigitoxin,Osimertinib may decrease the cardiotoxic activities of Acetyldigitoxin.
Aminolevulinic acid,Ouabain,Aminolevulinic acid may decrease the cardiotoxic activities of Ouabain.
Temoporfin,Ouabain,Temoporfin may decrease the cardiotoxic activities of Ouabain.
Cyclophosphamide,Ouabain,Cyclophosphamide may decrease the cardiotoxic activities of Ouabain.
Paclitaxel,Ouabain,Paclitaxel may decrease the cardiotoxic activities of Ouabain.
Docetaxel,Ouabain,Docetaxel may decrease the cardiotoxic activities of Ouabain.
Cabazitaxel,Ouabain,Cabazitaxel may decrease the cardiotoxic activities of Ouabain.
Sulpiride,Ouabain,The risk or severity of adverse effects can be increased when Sulpiride is combined with Ouabain.
Anagrelide,Ouabain,Anagrelide may decrease the cardiotoxic activities of Ouabain.
Carboplatin,Ouabain,Carboplatin may decrease the cardiotoxic activities of Ouabain.
Etacrynic acid,Ouabain,The risk or severity of adverse effects can be increased when Etacrynic acid is combined with Ouabain.
Pirlindole,Ouabain,Pirlindole may decrease the cardiotoxic activities of Ouabain.
Procarbazine,Ouabain,Procarbazine may decrease the cardiotoxic activities of Ouabain.
Sunitinib,Ouabain,Sunitinib may decrease the cardiotoxic activities of Ouabain.
Lanreotide,Ouabain,Lanreotide may decrease the cardiotoxic activities of Ouabain.
Imatinib,Ouabain,Imatinib may decrease the cardiotoxic activities of Ouabain.
Crizotinib,Ouabain,Crizotinib may decrease the cardiotoxic activities of Ouabain.
Mitotane,Ouabain,Mitotane may decrease the cardiotoxic activities of Ouabain.
Dienogest,Ouabain,Dienogest may decrease the cardiotoxic activities of Ouabain.
Olaparib,Ouabain,Olaparib may decrease the cardiotoxic activities of Ouabain.
Rucaparib,Ouabain,Rucaparib may decrease the cardiotoxic activities of Ouabain.
Prednisolone,Ouabain,Prednisolone may decrease the cardiotoxic activities of Ouabain.
Midostaurin,Ouabain,Midostaurin may decrease the cardiotoxic activities of Ouabain.
Medroxyprogesterone acetate,Ouabain,Medroxyprogesterone acetate may decrease the cardiotoxic activities of Ouabain.
Bortezomib,Ouabain,Bortezomib may decrease the cardiotoxic activities of Ouabain.
Panobinostat,Ouabain,Panobinostat may decrease the cardiotoxic activities of Ouabain.
Betaxolol,Ouabain,Betaxolol may increase the bradycardic activities of Ouabain.
Enzalutamide,Ouabain,Enzalutamide may decrease the cardiotoxic activities of Ouabain.
Abiraterone,Ouabain,Abiraterone may decrease the cardiotoxic activities of Ouabain.
Diethylstilbestrol,Ouabain,Diethylstilbestrol may decrease the cardiotoxic activities of Ouabain.
Nilotinib,Ouabain,Nilotinib may decrease the cardiotoxic activities of Ouabain.
Dexamethasone,Ouabain,Dexamethasone may decrease the cardiotoxic activities of Ouabain.
Letrozole,Ouabain,Letrozole may decrease the cardiotoxic activities of Ouabain.
Norfloxacin,Ouabain,Norfloxacin may decrease the cardiotoxic activities of Ouabain.
Miltefosine,Ouabain,Miltefosine may decrease the cardiotoxic activities of Ouabain.
Trimetrexate,Ouabain,Trimetrexate may decrease the cardiotoxic activities of Ouabain.
Amphotericin B,Ouabain,The risk or severity of adverse effects can be increased when Amphotericin B is combined with Ouabain.
Sirolimus,Ouabain,Sirolimus may decrease the cardiotoxic activities of Ouabain.
Alprenolol,Ouabain,Alprenolol may increase the bradycardic activities of Ouabain.
Timolol,Ouabain,Timolol may increase the bradycardic activities of Ouabain.
Atenolol,Ouabain,Atenolol may increase the bradycardic activities of Ouabain.
Bupranolol,Ouabain,Bupranolol may increase the bradycardic activities of Ouabain.
Celiprolol,Ouabain,Celiprolol may increase the bradycardic activities of Ouabain.
Oxprenolol,Ouabain,Oxprenolol may increase the bradycardic activities of Ouabain.
Metoprolol,Ouabain,Metoprolol may increase the bradycardic activities of Ouabain.
Bopindolol,Ouabain,Bopindolol may increase the bradycardic activities of Ouabain.
Esmolol,Ouabain,Esmolol may increase the bradycardic activities of Ouabain.
Pentostatin,Ouabain,Pentostatin may decrease the cardiotoxic activities of Ouabain.
Reserpine,Ouabain,The risk or severity of adverse effects can be increased when Reserpine is combined with Ouabain.
Thalidomide,Ouabain,Thalidomide may decrease the cardiotoxic activities of Ouabain.
Clonidine,Ouabain,Clonidine may increase the atrioventricular blocking (AV block) activities of Ouabain.
Pomalidomide,Ouabain,Pomalidomide may decrease the cardiotoxic activities of Ouabain.
Furosemide,Ouabain,The risk or severity of adverse effects can be increased when Furosemide is combined with Ouabain.
Torasemide,Ouabain,The risk or severity of adverse effects can be increased when Torasemide is combined with Ouabain.
Bumetanide,Ouabain,The risk or severity of adverse effects can be increased when Bumetanide is combined with Ouabain.
Edrophonium,Ouabain,Edrophonium may increase the atrioventricular blocking (AV block) activities of Ouabain.
Cabergoline,Ouabain,Cabergoline may decrease the cardiotoxic activities of Ouabain.
Moxifloxacin,Ouabain,Moxifloxacin may decrease the cardiotoxic activities of Ouabain.
Pazopanib,Ouabain,Pazopanib may decrease the cardiotoxic activities of Ouabain.
Gemifloxacin,Ouabain,Gemifloxacin may decrease the cardiotoxic activities of Ouabain.
Ciprofloxacin,Ouabain,Ciprofloxacin may decrease the cardiotoxic activities of Ouabain.
Lenvatinib,Ouabain,Lenvatinib may decrease the cardiotoxic activities of Ouabain.
Ofloxacin,Ouabain,Ofloxacin may decrease the cardiotoxic activities of Ouabain.
Toremifene,Ouabain,Toremifene may decrease the cardiotoxic activities of Ouabain.
Arsenic trioxide,Ouabain,Arsenic trioxide may decrease the cardiotoxic activities of Ouabain.
Levofloxacin,Ouabain,Levofloxacin may decrease the cardiotoxic activities of Ouabain.
Goserelin,Ouabain,Goserelin may decrease the cardiotoxic activities of Ouabain.
Vorinostat,Ouabain,Vorinostat may decrease the cardiotoxic activities of Ouabain.
Octreotide,Ouabain,Octreotide may decrease the cardiotoxic activities of Ouabain.
Triptorelin,Ouabain,Triptorelin may decrease the cardiotoxic activities of Ouabain.
Degarelix,Ouabain,Degarelix may decrease the cardiotoxic activities of Ouabain.
Indapamide,Ouabain,The risk or severity of adverse effects can be increased when Indapamide is combined with Ouabain.
Eribulin,Ouabain,Eribulin may decrease the cardiotoxic activities of Ouabain.
Epirubicin,Ouabain,Epirubicin may decrease the cardiotoxic activities of Ouabain.
Streptomycin,Ouabain,The serum concentration of Ouabain can be decreased when it is combined with Streptomycin.
Metrizamide,Ouabain,The serum concentration of Ouabain can be decreased when it is combined with Metrizamide.
Kanamycin,Ouabain,The serum concentration of Ouabain can be decreased when it is combined with Kanamycin.
Idarubicin,Ouabain,Idarubicin may decrease the cardiotoxic activities of Ouabain.
Plicamycin,Ouabain,Plicamycin may decrease the cardiotoxic activities of Ouabain.
Streptozocin,Ouabain,Streptozocin may decrease the cardiotoxic activities of Ouabain.
Tobramycin,Ouabain,The serum concentration of Ouabain can be decreased when it is combined with Tobramycin.
Amrubicin,Ouabain,Amrubicin may decrease the cardiotoxic activities of Ouabain.
Framycetin,Ouabain,The serum concentration of Ouabain can be decreased when it is combined with Framycetin.
Netilmicin,Ouabain,The serum concentration of Ouabain can be decreased when it is combined with Netilmicin.
Amikacin,Ouabain,The serum concentration of Ouabain can be decreased when it is combined with Amikacin.
Valrubicin,Ouabain,Valrubicin may decrease the cardiotoxic activities of Ouabain.
Daunorubicin,Ouabain,Daunorubicin may decrease the cardiotoxic activities of Ouabain.
Ribostamycin,Ouabain,The serum concentration of Ouabain can be decreased when it is combined with Ribostamycin.
Doxorubicin,Ouabain,Doxorubicin may decrease the cardiotoxic activities of Ouabain.
Arbekacin,Ouabain,The serum concentration of Ouabain can be decreased when it is combined with Arbekacin.
Gentamicin,Ouabain,The serum concentration of Ouabain can be decreased when it is combined with Gentamicin.
Paromomycin,Ouabain,The serum concentration of Ouabain can be decreased when it is combined with Paromomycin.
Spectinomycin,Ouabain,The serum concentration of Ouabain can be decreased when it is combined with Spectinomycin.
Prednisone,Ouabain,Prednisone may decrease the cardiotoxic activities of Ouabain.
Methylprednisolone,Ouabain,Methylprednisolone may decrease the cardiotoxic activities of Ouabain.
Formestane,Ouabain,Formestane may decrease the cardiotoxic activities of Ouabain.
Pamidronic acid,Ouabain,Pamidronic acid may decrease the cardiotoxic activities of Ouabain.
Bendroflumethiazide,Ouabain,The risk or severity of adverse effects can be increased when Bendroflumethiazide is combined with Ouabain.
Practolol,Ouabain,Practolol may increase the bradycardic activities of Ouabain.
Altretamine,Ouabain,Altretamine may decrease the cardiotoxic activities of Ouabain.
Arotinolol,Ouabain,Arotinolol may increase the bradycardic activities of Ouabain.
Bevantolol,Ouabain,Bevantolol may increase the bradycardic activities of Ouabain.
Chlorthalidone,Ouabain,The risk or severity of adverse effects can be increased when Chlorthalidone is combined with Ouabain.
Tretinoin,Ouabain,Tretinoin may decrease the cardiotoxic activities of Ouabain.
Methyclothiazide,Ouabain,The risk or severity of adverse effects can be increased when Methyclothiazide is combined with Ouabain.
Clofarabine,Ouabain,Clofarabine may decrease the cardiotoxic activities of Ouabain.
Amiloride,Ouabain,The therapeutic efficacy of Ouabain can be decreased when used in combination with Amiloride.
Triamterene,Ouabain,The therapeutic efficacy of Ouabain can be decreased when used in combination with Triamterene.
Hydrochlorothiazide,Ouabain,The risk or severity of adverse effects can be increased when Hydrochlorothiazide is combined with Ouabain.
Eplerenone,Ouabain,The therapeutic efficacy of Ouabain can be decreased when used in combination with Eplerenone.
Hydroflumethiazide,Ouabain,The risk or severity of adverse effects can be increased when Hydroflumethiazide is combined with Ouabain.
Metolazone,Ouabain,The risk or severity of adverse effects can be increased when Metolazone is combined with Ouabain.
Chlorothiazide,Ouabain,The risk or severity of adverse effects can be increased when Chlorothiazide is combined with Ouabain.
Quinacrine,Ouabain,Quinacrine may decrease the cardiotoxic activities of Ouabain.
Nelarabine,Ouabain,Nelarabine may decrease the cardiotoxic activities of Ouabain.
Azacitidine,Ouabain,Azacitidine may decrease the cardiotoxic activities of Ouabain.
Ifosfamide,Ouabain,Ifosfamide may decrease the cardiotoxic activities of Ouabain.
Cytarabine,Ouabain,Cytarabine may decrease the cardiotoxic activities of Ouabain.
Lomustine,Ouabain,Lomustine may decrease the cardiotoxic activities of Ouabain.
Mechlorethamine,Ouabain,Mechlorethamine may decrease the cardiotoxic activities of Ouabain.
Vincristine,Ouabain,Vincristine may decrease the cardiotoxic activities of Ouabain.
Temozolomide,Ouabain,Temozolomide may decrease the cardiotoxic activities of Ouabain.
Busulfan,Ouabain,Busulfan may decrease the cardiotoxic activities of Ouabain.
Vinorelbine,Ouabain,Vinorelbine may decrease the cardiotoxic activities of Ouabain.
Tioguanine,Ouabain,Tioguanine may decrease the cardiotoxic activities of Ouabain.
Mitoxantrone,Ouabain,Mitoxantrone may decrease the cardiotoxic activities of Ouabain.
Fluorouracil,Ouabain,Fluorouracil may decrease the cardiotoxic activities of Ouabain.
Imiquimod,Ouabain,Imiquimod may decrease the cardiotoxic activities of Ouabain.
Oxaliplatin,Ouabain,Oxaliplatin may decrease the cardiotoxic activities of Ouabain.
Pemetrexed,Ouabain,Pemetrexed may decrease the cardiotoxic activities of Ouabain.
Capecitabine,Ouabain,Capecitabine may decrease the cardiotoxic activities of Ouabain.
Fludarabine,Ouabain,Fludarabine may decrease the cardiotoxic activities of Ouabain.
Pralatrexate,Ouabain,Pralatrexate may decrease the cardiotoxic activities of Ouabain.
Etoposide,Ouabain,Etoposide may decrease the cardiotoxic activities of Ouabain.
Ruxolitinib,Ouabain,Ruxolitinib may decrease the cardiotoxic activities of Ouabain.
Melphalan,Ouabain,Melphalan may decrease the cardiotoxic activities of Ouabain.
Sorafenib,Ouabain,Sorafenib may decrease the cardiotoxic activities of Ouabain.
Teniposide,Ouabain,Teniposide may decrease the cardiotoxic activities of Ouabain.
Everolimus,Ouabain,Everolimus may decrease the cardiotoxic activities of Ouabain.
Azathioprine,Ouabain,Azathioprine may decrease the cardiotoxic activities of Ouabain.
Dactinomycin,Ouabain,Dactinomycin may decrease the cardiotoxic activities of Ouabain.
Mitomycin,Ouabain,Mitomycin may decrease the cardiotoxic activities of Ouabain.
Cisplatin,Ouabain,Cisplatin may decrease the cardiotoxic activities of Ouabain.
Carmustine,Ouabain,Carmustine may decrease the cardiotoxic activities of Ouabain.
Hydroxyurea,Ouabain,Hydroxyurea may decrease the cardiotoxic activities of Ouabain.
Cladribine,Ouabain,Cladribine may decrease the cardiotoxic activities of Ouabain.
Ibrutinib,Ouabain,Ibrutinib may decrease the cardiotoxic activities of Ouabain.
Amsacrine,Ouabain,Amsacrine may decrease the cardiotoxic activities of Ouabain.
Vinblastine,Ouabain,Vinblastine may decrease the cardiotoxic activities of Ouabain.
Temsirolimus,Ouabain,Temsirolimus may decrease the cardiotoxic activities of Ouabain.
Thiotepa,Ouabain,Thiotepa may decrease the cardiotoxic activities of Ouabain.
Gemcitabine,Ouabain,Gemcitabine may decrease the cardiotoxic activities of Ouabain.
Chlorambucil,Ouabain,Chlorambucil may decrease the cardiotoxic activities of Ouabain.
Mercaptopurine,Ouabain,Mercaptopurine may decrease the cardiotoxic activities of Ouabain.
Methotrexate,Ouabain,Methotrexate may decrease the cardiotoxic activities of Ouabain.
Bleomycin,Ouabain,Bleomycin may decrease the cardiotoxic activities of Ouabain.
Estramustine,Ouabain,Estramustine may decrease the cardiotoxic activities of Ouabain.
Vindesine,Ouabain,Vindesine may decrease the cardiotoxic activities of Ouabain.
Floxuridine,Ouabain,Floxuridine may decrease the cardiotoxic activities of Ouabain.
Dacarbazine,Ouabain,Dacarbazine may decrease the cardiotoxic activities of Ouabain.
Trabectedin,Ouabain,Trabectedin may decrease the cardiotoxic activities of Ouabain.
Irinotecan,Ouabain,Irinotecan may decrease the cardiotoxic activities of Ouabain.
Gallium nitrate,Ouabain,Gallium nitrate may decrease the cardiotoxic activities of Ouabain.
Topotecan,Ouabain,Topotecan may decrease the cardiotoxic activities of Ouabain.
Tibolone,Ouabain,Tibolone may decrease the cardiotoxic activities of Ouabain.
Polythiazide,Ouabain,The risk or severity of adverse effects can be increased when Polythiazide is combined with Ouabain.
Trichlormethiazide,Ouabain,The risk or severity of adverse effects can be increased when Trichlormethiazide is combined with Ouabain.
Albendazole,Ouabain,Albendazole may decrease the cardiotoxic activities of Ouabain.
Podofilox,Ouabain,Podofilox may decrease the cardiotoxic activities of Ouabain.
Gefitinib,Ouabain,Gefitinib may decrease the cardiotoxic activities of Ouabain.
Lapatinib,Ouabain,Lapatinib may decrease the cardiotoxic activities of Ouabain.
Regorafenib,Ouabain,Regorafenib may decrease the cardiotoxic activities of Ouabain.
Ponatinib,Ouabain,Ponatinib may decrease the cardiotoxic activities of Ouabain.
Bendamustine,Ouabain,Bendamustine may decrease the cardiotoxic activities of Ouabain.
Axitinib,Ouabain,Axitinib may decrease the cardiotoxic activities of Ouabain.
Flutamide,Ouabain,Flutamide may decrease the cardiotoxic activities of Ouabain.
Nilutamide,Ouabain,Nilutamide may decrease the cardiotoxic activities of Ouabain.
Vismodegib,Ouabain,Vismodegib may decrease the cardiotoxic activities of Ouabain.
Exemestane,Ouabain,Exemestane may decrease the cardiotoxic activities of Ouabain.
Methyltestosterone,Ouabain,Methyltestosterone may decrease the cardiotoxic activities of Ouabain.
Bexarotene,Ouabain,Bexarotene may decrease the cardiotoxic activities of Ouabain.
Venetoclax,Ouabain,Venetoclax may decrease the cardiotoxic activities of Ouabain.
Tamoxifen,Ouabain,Tamoxifen may decrease the cardiotoxic activities of Ouabain.
Cabozantinib,Ouabain,Cabozantinib may decrease the cardiotoxic activities of Ouabain.
Romidepsin,Ouabain,Romidepsin may decrease the cardiotoxic activities of Ouabain.
Fulvestrant,Ouabain,Fulvestrant may decrease the cardiotoxic activities of Ouabain.
Erlotinib,Ouabain,Erlotinib may decrease the cardiotoxic activities of Ouabain.
Hydroxyprogesterone caproate,Ouabain,Hydroxyprogesterone caproate may decrease the cardiotoxic activities of Ouabain.
Dabrafenib,Ouabain,Dabrafenib may decrease the cardiotoxic activities of Ouabain.
Mebendazole,Ouabain,Mebendazole may decrease the cardiotoxic activities of Ouabain.
Bicalutamide,Ouabain,Bicalutamide may decrease the cardiotoxic activities of Ouabain.
Ixabepilone,Ouabain,Ixabepilone may decrease the cardiotoxic activities of Ouabain.
Lomefloxacin,Ouabain,Lomefloxacin may decrease the cardiotoxic activities of Ouabain.
Colchicine,Ouabain,Colchicine may decrease the cardiotoxic activities of Ouabain.
Quinethazone,Ouabain,The risk or severity of adverse effects can be increased when Quinethazone is combined with Ouabain.
Decitabine,Ouabain,Decitabine may decrease the cardiotoxic activities of Ouabain.
Carfilzomib,Ouabain,Carfilzomib may decrease the cardiotoxic activities of Ouabain.
Dexrazoxane,Ouabain,Dexrazoxane may decrease the cardiotoxic activities of Ouabain.
Vitamin A,Ouabain,Vitamin A may decrease the cardiotoxic activities of Ouabain.
Nedaplatin,Ouabain,Nedaplatin may decrease the cardiotoxic activities of Ouabain.
Vinflunine,Ouabain,Vinflunine may decrease the cardiotoxic activities of Ouabain.
Nalidixic acid,Ouabain,Nalidixic acid may decrease the cardiotoxic activities of Ouabain.
Belinostat,Ouabain,Belinostat may decrease the cardiotoxic activities of Ouabain.
Trametinib,Ouabain,Trametinib may decrease the cardiotoxic activities of Ouabain.
Anastrozole,Ouabain,Anastrozole may decrease the cardiotoxic activities of Ouabain.
Raltitrexed,Ouabain,Raltitrexed may decrease the cardiotoxic activities of Ouabain.
Bosutinib,Ouabain,Bosutinib may decrease the cardiotoxic activities of Ouabain.
Calcipotriol,Ouabain,Calcipotriol may decrease the cardiotoxic activities of Ouabain.
Cobimetinib,Ouabain,Cobimetinib may decrease the cardiotoxic activities of Ouabain.
Besifloxacin,Ouabain,Besifloxacin may decrease the cardiotoxic activities of Ouabain.
Tegafur,Ouabain,Tegafur may decrease the cardiotoxic activities of Ouabain.
Alitretinoin,Ouabain,Alitretinoin may decrease the cardiotoxic activities of Ouabain.
Pipobroman,Ouabain,Pipobroman may decrease the cardiotoxic activities of Ouabain.
Uracil mustard,Ouabain,Uracil mustard may decrease the cardiotoxic activities of Ouabain.
Alectinib,Ouabain,Alectinib may decrease the cardiotoxic activities of Ouabain.
Testolactone,Ouabain,Testolactone may decrease the cardiotoxic activities of Ouabain.
Eflornithine,Ouabain,Eflornithine may decrease the cardiotoxic activities of Ouabain.
Trovafloxacin,Ouabain,Trovafloxacin may decrease the cardiotoxic activities of Ouabain.
Radium Ra 223 dichloride,Ouabain,Radium Ra 223 dichloride may decrease the cardiotoxic activities of Ouabain.
Nintedanib,Ouabain,Nintedanib may decrease the cardiotoxic activities of Ouabain.
Methyl aminolevulinate,Ouabain,Methyl aminolevulinate may decrease the cardiotoxic activities of Ouabain.
Enoxacin,Ouabain,Enoxacin may decrease the cardiotoxic activities of Ouabain.
Pefloxacin,Ouabain,Pefloxacin may decrease the cardiotoxic activities of Ouabain.
Azelaic acid,Ouabain,Azelaic acid may decrease the cardiotoxic activities of Ouabain.
Cinoxacin,Ouabain,Cinoxacin may decrease the cardiotoxic activities of Ouabain.
Phenylacetic acid,Ouabain,Phenylacetic acid may decrease the cardiotoxic activities of Ouabain.
Sparfloxacin,Ouabain,Sparfloxacin may decrease the cardiotoxic activities of Ouabain.
Niraparib,Ouabain,Niraparib may decrease the cardiotoxic activities of Ouabain.
Vapreotide,Ouabain,Vapreotide may decrease the cardiotoxic activities of Ouabain.
Verteporfin,Ouabain,Verteporfin may decrease the cardiotoxic activities of Ouabain.
Trilostane,Ouabain,Trilostane may decrease the cardiotoxic activities of Ouabain.
Sonidegib,Ouabain,Sonidegib may decrease the cardiotoxic activities of Ouabain.
Cyproterone acetate,Ouabain,Cyproterone acetate may decrease the cardiotoxic activities of Ouabain.
Suramin,Ouabain,Suramin may decrease the cardiotoxic activities of Ouabain.
Iobenguane,Ouabain,Iobenguane may decrease the cardiotoxic activities of Ouabain.
Omacetaxine mepesuccinate,Ouabain,Omacetaxine mepesuccinate may decrease the cardiotoxic activities of Ouabain.
Aminoglutethimide,Ouabain,Aminoglutethimide may decrease the cardiotoxic activities of Ouabain.
Gatifloxacin,Ouabain,Gatifloxacin may decrease the cardiotoxic activities of Ouabain.
Mequinol,Ouabain,Mequinol may decrease the cardiotoxic activities of Ouabain.
Podophyllin,Ouabain,Podophyllin may decrease the cardiotoxic activities of Ouabain.
Megestrol acetate,Ouabain,Megestrol acetate may decrease the cardiotoxic activities of Ouabain.
Fleroxacin,Ouabain,Fleroxacin may decrease the cardiotoxic activities of Ouabain.
Phenylbutyric acid,Ouabain,Phenylbutyric acid may decrease the cardiotoxic activities of Ouabain.
Pixantrone,Ouabain,Pixantrone may decrease the cardiotoxic activities of Ouabain.
Trifluridine,Ouabain,Trifluridine may decrease the cardiotoxic activities of Ouabain.
Medrogestone,Ouabain,Medrogestone may decrease the cardiotoxic activities of Ouabain.
Lycopene,Ouabain,Lycopene may decrease the cardiotoxic activities of Ouabain.
Kaolin,Ouabain,The serum concentration of Ouabain can be decreased when it is combined with Kaolin.
Spironolactone,Ouabain,The therapeutic efficacy of Ouabain can be decreased when used in combination with Spironolactone.
Labetalol,Ouabain,Labetalol may increase the bradycardic activities of Ouabain.
Carvedilol,Ouabain,Carvedilol may increase the bradycardic activities of Ouabain.
Mesalazine,Ouabain,The serum concentration of Ouabain can be decreased when it is combined with Mesalazine.
Balsalazide,Ouabain,The serum concentration of Ouabain can be decreased when it is combined with Balsalazide.
Olsalazine,Ouabain,The serum concentration of Ouabain can be decreased when it is combined with Olsalazine.
Resveratrol,Ouabain,Resveratrol may decrease the cardiotoxic activities of Ouabain.
Bisoprolol,Ouabain,Bisoprolol may increase the bradycardic activities of Ouabain.
Penbutolol,Ouabain,Penbutolol may increase the bradycardic activities of Ouabain.
Nebivolol,Ouabain,Nebivolol may increase the bradycardic activities of Ouabain.
Acebutolol,Ouabain,Acebutolol may increase the bradycardic activities of Ouabain.
Carteolol,Ouabain,Carteolol may increase the bradycardic activities of Ouabain.
Vandetanib,Ouabain,Vandetanib may decrease the cardiotoxic activities of Ouabain.
Sotalol,Ouabain,Sotalol may increase the bradycardic activities of Ouabain.
Levobunolol,Ouabain,Levobunolol may increase the bradycardic activities of Ouabain.
Pindolol,Ouabain,Pindolol may increase the bradycardic activities of Ouabain.
Metipranolol,Ouabain,Metipranolol may increase the bradycardic activities of Ouabain.
Nadolol,Ouabain,Nadolol may increase the bradycardic activities of Ouabain.
Propranolol,Ouabain,Propranolol may increase the bradycardic activities of Ouabain.
Masoprocol,Ouabain,Masoprocol may decrease the cardiotoxic activities of Ouabain.
Sulindac,Ouabain,Sulindac may decrease the cardiotoxic activities of Ouabain.
Pirfenidone,Ouabain,Pirfenidone may decrease the cardiotoxic activities of Ouabain.
Mycophenolate mofetil,Ouabain,Mycophenolate mofetil may decrease the cardiotoxic activities of Ouabain.
Leflunomide,Ouabain,Leflunomide may decrease the cardiotoxic activities of Ouabain.
Mycophenolic acid,Ouabain,Mycophenolic acid may decrease the cardiotoxic activities of Ouabain.
Lenalidomide,Ouabain,Lenalidomide may decrease the cardiotoxic activities of Ouabain.
Ixazomib,Ouabain,Ixazomib may decrease the cardiotoxic activities of Ouabain.
Ecabet,Ouabain,Ecabet may decrease the cardiotoxic activities of Ouabain.
Afatinib,Ouabain,Afatinib may decrease the cardiotoxic activities of Ouabain.
Diltiazem,Ouabain,Diltiazem may increase the atrioventricular blocking (AV block) activities of Ouabain.
Idelalisib,Ouabain,Idelalisib may decrease the cardiotoxic activities of Ouabain.
Verapamil,Ouabain,Verapamil may increase the atrioventricular blocking (AV block) activities of Ouabain.
Vemurafenib,Ouabain,Vemurafenib may decrease the cardiotoxic activities of Ouabain.
Ceritinib,Ouabain,Ceritinib may decrease the cardiotoxic activities of Ouabain.
Dasatinib,Ouabain,Dasatinib may decrease the cardiotoxic activities of Ouabain.
Palbociclib,Ouabain,Palbociclib may decrease the cardiotoxic activities of Ouabain.
Osimertinib,Ouabain,Osimertinib may decrease the cardiotoxic activities of Ouabain.
Tiaprofenic acid,Gatifloxacin,Tiaprofenic acid may increase the neuroexcitatory activities of Gatifloxacin.
Carprofen,Gatifloxacin,Carprofen may increase the neuroexcitatory activities of Gatifloxacin.
Cyclophosphamide,Gatifloxacin,Cyclophosphamide may increase the cardiotoxic activities of Gatifloxacin.
Paclitaxel,Gatifloxacin,The risk or severity of adverse effects can be increased when Paclitaxel is combined with Gatifloxacin.
Docetaxel,Gatifloxacin,The risk or severity of adverse effects can be increased when Docetaxel is combined with Gatifloxacin.
Cabazitaxel,Gatifloxacin,The risk or severity of adverse effects can be increased when Cabazitaxel is combined with Gatifloxacin.
Acarbose,Gatifloxacin,Acarbose may increase the hypoglycemic activities of Gatifloxacin.
Sunitinib,Gatifloxacin,Sunitinib may increase the hypoglycemic activities of Gatifloxacin.
Prednisolone,Gatifloxacin,The risk or severity of adverse effects can be increased when Prednisolone is combined with Gatifloxacin.
Dexamethasone,Gatifloxacin,The risk or severity of adverse effects can be increased when Dexamethasone is combined with Gatifloxacin.
Prednisone,Gatifloxacin,The risk or severity of adverse effects can be increased when Prednisone is combined with Gatifloxacin.
Methylprednisolone,Gatifloxacin,The risk or severity of adverse effects can be increased when Methylprednisolone is combined with Gatifloxacin.
Formestane,Gatifloxacin,The risk or severity of adverse effects can be increased when Formestane is combined with Gatifloxacin.
Sucralfate,Gatifloxacin,The serum concentration of Gatifloxacin can be decreased when it is combined with Sucralfate.
Mesalazine,Gatifloxacin,Mesalazine may increase the neuroexcitatory activities of Gatifloxacin.
Balsalazide,Gatifloxacin,Balsalazide may increase the neuroexcitatory activities of Gatifloxacin.
Olsalazine,Gatifloxacin,Olsalazine may increase the neuroexcitatory activities of Gatifloxacin.
Resveratrol,Gatifloxacin,Resveratrol may increase the neuroexcitatory activities of Gatifloxacin.
Masoprocol,Gatifloxacin,Masoprocol may increase the neuroexcitatory activities of Gatifloxacin.
Sulindac,Gatifloxacin,Sulindac may increase the neuroexcitatory activities of Gatifloxacin.
Pirfenidone,Gatifloxacin,Pirfenidone may increase the neuroexcitatory activities of Gatifloxacin.
Mycophenolate mofetil,Gatifloxacin,Mycophenolate mofetil may increase the neuroexcitatory activities of Gatifloxacin.
Leflunomide,Gatifloxacin,Leflunomide may increase the neuroexcitatory activities of Gatifloxacin.
Vemurafenib,Gatifloxacin,The risk or severity of QTc prolongation can be increased when Vemurafenib is combined with Gatifloxacin.
Warfarin,Gatifloxacin,Warfarin may increase the anticoagulant activities of Gatifloxacin.
Phenprocoumon,Gatifloxacin,Phenprocoumon may increase the anticoagulant activities of Gatifloxacin.
Phenindione,Gatifloxacin,Phenindione may increase the anticoagulant activities of Gatifloxacin.
Acenocoumarol,Gatifloxacin,Acenocoumarol may increase the anticoagulant activities of Gatifloxacin.
Dicoumarol,Gatifloxacin,Dicoumarol may increase the anticoagulant activities of Gatifloxacin.
Nafamostat,Gatifloxacin,Nafamostat may increase the neuroexcitatory activities of Gatifloxacin.
Rosiglitazone,Gatifloxacin,Rosiglitazone may increase the hypoglycemic activities of Gatifloxacin.
Nimesulide,Gatifloxacin,Nimesulide may increase the neuroexcitatory activities of Gatifloxacin.
Acetylsalicylic acid,Gatifloxacin,Acetylsalicylic acid may increase the neuroexcitatory activities of Gatifloxacin.
Diflunisal,Gatifloxacin,Diflunisal may increase the neuroexcitatory activities of Gatifloxacin.
Azelastine,Gatifloxacin,Azelastine may increase the neuroexcitatory activities of Gatifloxacin.
Tranilast,Gatifloxacin,Tranilast may increase the neuroexcitatory activities of Gatifloxacin.
Sulfisoxazole,Gatifloxacin,Sulfisoxazole may increase the hypoglycemic activities of Gatifloxacin.
Chlorpropamide,Gatifloxacin,Chlorpropamide may increase the hypoglycemic activities of Gatifloxacin.
Canagliflozin,Gatifloxacin,Canagliflozin may increase the hypoglycemic activities of Gatifloxacin.
Pentamidine,Gatifloxacin,Pentamidine may increase the hypoglycemic activities of Gatifloxacin.
Glipizide,Gatifloxacin,Glipizide may increase the hypoglycemic activities of Gatifloxacin.
Disopyramide,Gatifloxacin,Disopyramide may increase the hypoglycemic activities of Gatifloxacin.
Tolbutamide,Gatifloxacin,Tolbutamide may increase the hypoglycemic activities of Gatifloxacin.
Miglitol,Gatifloxacin,Miglitol may increase the hypoglycemic activities of Gatifloxacin.
Sulfamethoxazole,Gatifloxacin,Sulfamethoxazole may increase the hypoglycemic activities of Gatifloxacin.
Sitagliptin,Gatifloxacin,Sitagliptin may increase the hypoglycemic activities of Gatifloxacin.
Dapagliflozin,Gatifloxacin,Dapagliflozin may increase the hypoglycemic activities of Gatifloxacin.
Alogliptin,Gatifloxacin,Alogliptin may increase the hypoglycemic activities of Gatifloxacin.
Saxagliptin,Gatifloxacin,Saxagliptin may increase the hypoglycemic activities of Gatifloxacin.
Sulfadiazine,Gatifloxacin,Sulfadiazine may increase the hypoglycemic activities of Gatifloxacin.
Nateglinide,Gatifloxacin,Nateglinide may increase the hypoglycemic activities of Gatifloxacin.
Gliclazide,Gatifloxacin,Gliclazide may increase the hypoglycemic activities of Gatifloxacin.
Pioglitazone,Gatifloxacin,Pioglitazone may increase the hypoglycemic activities of Gatifloxacin.
Mifepristone,Gatifloxacin,Mifepristone may increase the hypoglycemic activities of Gatifloxacin.
Quinine,Gatifloxacin,Quinine may increase the hypoglycemic activities of Gatifloxacin.
Metformin,Gatifloxacin,Metformin may increase the hypoglycemic activities of Gatifloxacin.
Tolazamide,Gatifloxacin,Tolazamide may increase the hypoglycemic activities of Gatifloxacin.
Glimepiride,Gatifloxacin,Glimepiride may increase the hypoglycemic activities of Gatifloxacin.
Empagliflozin,Gatifloxacin,Empagliflozin may increase the hypoglycemic activities of Gatifloxacin.
Repaglinide,Gatifloxacin,Repaglinide may increase the hypoglycemic activities of Gatifloxacin.
Glyburide,Gatifloxacin,Glyburide may increase the hypoglycemic activities of Gatifloxacin.
Bromocriptine,Gatifloxacin,Bromocriptine may increase the hypoglycemic activities of Gatifloxacin.
Seratrodast,Gatifloxacin,Seratrodast may increase the neuroexcitatory activities of Gatifloxacin.
Chloroquine,Gatifloxacin,Chloroquine may increase the neuroexcitatory activities of Gatifloxacin.
Celecoxib,Gatifloxacin,Celecoxib may increase the neuroexcitatory activities of Gatifloxacin.
Salicylic acid,Gatifloxacin,Salicylic acid may increase the neuroexcitatory activities of Gatifloxacin.
Naftifine,Gatifloxacin,Naftifine may increase the neuroexcitatory activities of Gatifloxacin.
Fluticasone propionate,Gatifloxacin,The risk or severity of adverse effects can be increased when Fluticasone propionate is combined with Gatifloxacin.
Magnesium sulfate,Gatifloxacin,The serum concentration of Gatifloxacin can be decreased when it is combined with Magnesium sulfate.
Olopatadine,Gatifloxacin,Olopatadine may increase the neuroexcitatory activities of Gatifloxacin.
Fluticasone furoate,Gatifloxacin,The risk or severity of adverse effects can be increased when Fluticasone furoate is combined with Gatifloxacin.
Prasterone,Gatifloxacin,The risk or severity of adverse effects can be increased when Prasterone is combined with Gatifloxacin.
Diflorasone,Gatifloxacin,The risk or severity of adverse effects can be increased when Diflorasone is combined with Gatifloxacin.
Flumethasone,Gatifloxacin,The risk or severity of adverse effects can be increased when Flumethasone is combined with Gatifloxacin.
Desoximetasone,Gatifloxacin,The risk or severity of adverse effects can be increased when Desoximetasone is combined with Gatifloxacin.
Mometasone,Gatifloxacin,The risk or severity of adverse effects can be increased when Mometasone is combined with Gatifloxacin.
Clobetasol propionate,Gatifloxacin,The risk or severity of adverse effects can be increased when Clobetasol propionate is combined with Gatifloxacin.
Estrone,Gatifloxacin,The risk or severity of adverse effects can be increased when Estrone is combined with Gatifloxacin.
Difluprednate,Gatifloxacin,The risk or severity of adverse effects can be increased when Difluprednate is combined with Gatifloxacin.
Fluprednidene,Gatifloxacin,The risk or severity of adverse effects can be increased when Fluprednidene is combined with Gatifloxacin.
Beclomethasone dipropionate,Gatifloxacin,The risk or severity of adverse effects can be increased when Beclomethasone dipropionate is combined with Gatifloxacin.
Tixocortol,Gatifloxacin,The risk or severity of adverse effects can be increased when Tixocortol is combined with Gatifloxacin.
Fluocinonide,Gatifloxacin,The risk or severity of adverse effects can be increased when Fluocinonide is combined with Gatifloxacin.
Ciclesonide,Gatifloxacin,The risk or severity of adverse effects can be increased when Ciclesonide is combined with Gatifloxacin.
Cortisone acetate,Gatifloxacin,The risk or severity of adverse effects can be increased when Cortisone acetate is combined with Gatifloxacin.
Alclometasone,Gatifloxacin,The risk or severity of adverse effects can be increased when Alclometasone is combined with Gatifloxacin.
Fludrocortisone,Gatifloxacin,The risk or severity of adverse effects can be increased when Fludrocortisone is combined with Gatifloxacin.
Flunisolide,Gatifloxacin,The risk or severity of adverse effects can be increased when Flunisolide is combined with Gatifloxacin.
Triamcinolone,Gatifloxacin,The risk or severity of adverse effects can be increased when Triamcinolone is combined with Gatifloxacin.
Fluocinolone acetonide,Gatifloxacin,The risk or severity of adverse effects can be increased when Fluocinolone acetonide is combined with Gatifloxacin.
Paramethasone,Gatifloxacin,The risk or severity of adverse effects can be increased when Paramethasone is combined with Gatifloxacin.
Prednicarbate,Gatifloxacin,The risk or severity of adverse effects can be increased when Prednicarbate is combined with Gatifloxacin.
Rimexolone,Gatifloxacin,The risk or severity of adverse effects can be increased when Rimexolone is combined with Gatifloxacin.
Betamethasone,Gatifloxacin,The risk or severity of adverse effects can be increased when Betamethasone is combined with Gatifloxacin.
Deflazacort,Gatifloxacin,The risk or severity of adverse effects can be increased when Deflazacort is combined with Gatifloxacin.
Desonide,Gatifloxacin,The risk or severity of adverse effects can be increased when Desonide is combined with Gatifloxacin.
Amcinonide,Gatifloxacin,The risk or severity of adverse effects can be increased when Amcinonide is combined with Gatifloxacin.
Estrone sulfate,Gatifloxacin,The risk or severity of adverse effects can be increased when Estrone sulfate is combined with Gatifloxacin.
Equilin,Gatifloxacin,The risk or severity of adverse effects can be increased when Equilin is combined with Gatifloxacin.
Ulobetasol,Gatifloxacin,The risk or severity of adverse effects can be increased when Ulobetasol is combined with Gatifloxacin.
Loteprednol,Gatifloxacin,The risk or severity of adverse effects can be increased when Loteprednol is combined with Gatifloxacin.
Halcinonide,Gatifloxacin,The risk or severity of adverse effects can be increased when Halcinonide is combined with Gatifloxacin.
Fluocortolone,Gatifloxacin,The risk or severity of adverse effects can be increased when Fluocortolone is combined with Gatifloxacin.
Flurandrenolide,Gatifloxacin,The risk or severity of adverse effects can be increased when Flurandrenolide is combined with Gatifloxacin.
Budesonide,Gatifloxacin,The risk or severity of adverse effects can be increased when Budesonide is combined with Gatifloxacin.
Difluocortolone,Gatifloxacin,The risk or severity of adverse effects can be increased when Difluocortolone is combined with Gatifloxacin.
Medrysone,Gatifloxacin,The risk or severity of adverse effects can be increased when Medrysone is combined with Gatifloxacin.
Clocortolone,Gatifloxacin,The risk or severity of adverse effects can be increased when Clocortolone is combined with Gatifloxacin.
Hydrocortisone,Gatifloxacin,The risk or severity of adverse effects can be increased when Hydrocortisone is combined with Gatifloxacin.
Fluorometholone,Gatifloxacin,The risk or severity of adverse effects can be increased when Fluorometholone is combined with Gatifloxacin.
Clobetasone,Gatifloxacin,The risk or severity of adverse effects can be increased when Clobetasone is combined with Gatifloxacin.
Fenbufen,Gatifloxacin,Fenbufen may increase the neuroexcitatory activities of Gatifloxacin.
Meclofenamic acid,Gatifloxacin,Meclofenamic acid may increase the neuroexcitatory activities of Gatifloxacin.
Lumiracoxib,Gatifloxacin,Lumiracoxib may increase the neuroexcitatory activities of Gatifloxacin.
Tolmetin,Gatifloxacin,Tolmetin may increase the neuroexcitatory activities of Gatifloxacin.
Tenoxicam,Gatifloxacin,Tenoxicam may increase the neuroexcitatory activities of Gatifloxacin.
Choline magnesium trisalicylate,Gatifloxacin,Choline magnesium trisalicylate may increase the neuroexcitatory activities of Gatifloxacin.
Etoricoxib,Gatifloxacin,Etoricoxib may increase the neuroexcitatory activities of Gatifloxacin.
Suprofen,Gatifloxacin,Suprofen may increase the neuroexcitatory activities of Gatifloxacin.
Flurbiprofen,Gatifloxacin,Flurbiprofen may increase the neuroexcitatory activities of Gatifloxacin.
Indomethacin,Gatifloxacin,Indomethacin may increase the neuroexcitatory activities of Gatifloxacin.
Oxyphenbutazone,Gatifloxacin,Oxyphenbutazone may increase the neuroexcitatory activities of Gatifloxacin.
Icatibant,Gatifloxacin,Icatibant may increase the neuroexcitatory activities of Gatifloxacin.
Alclofenac,Gatifloxacin,Alclofenac may increase the neuroexcitatory activities of Gatifloxacin.
Etodolac,Gatifloxacin,Etodolac may increase the neuroexcitatory activities of Gatifloxacin.
Droxicam,Gatifloxacin,Droxicam may increase the neuroexcitatory activities of Gatifloxacin.
Apremilast,Gatifloxacin,Apremilast may increase the neuroexcitatory activities of Gatifloxacin.
Tolfenamic acid,Gatifloxacin,Tolfenamic acid may increase the neuroexcitatory activities of Gatifloxacin.
Lornoxicam,Gatifloxacin,Lornoxicam may increase the neuroexcitatory activities of Gatifloxacin.
Bromfenac,Gatifloxacin,Bromfenac may increase the neuroexcitatory activities of Gatifloxacin.
Propacetamol,Gatifloxacin,Propacetamol may increase the neuroexcitatory activities of Gatifloxacin.
Parecoxib,Gatifloxacin,Parecoxib may increase the neuroexcitatory activities of Gatifloxacin.
Phenylbutazone,Gatifloxacin,Phenylbutazone may increase the neuroexcitatory activities of Gatifloxacin.
Acemetacin,Gatifloxacin,Acemetacin may increase the neuroexcitatory activities of Gatifloxacin.
Teriflunomide,Gatifloxacin,Teriflunomide may increase the neuroexcitatory activities of Gatifloxacin.
Nabumetone,Gatifloxacin,Nabumetone may increase the neuroexcitatory activities of Gatifloxacin.
Epirizole,Gatifloxacin,Epirizole may increase the neuroexcitatory activities of Gatifloxacin.
Ketorolac,Gatifloxacin,Ketorolac may increase the neuroexcitatory activities of Gatifloxacin.
Salsalate,Gatifloxacin,Salsalate may increase the neuroexcitatory activities of Gatifloxacin.
Aceclofenac,Gatifloxacin,Aceclofenac may increase the neuroexcitatory activities of Gatifloxacin.
Niflumic acid,Gatifloxacin,Niflumic acid may increase the neuroexcitatory activities of Gatifloxacin.
Zaltoprofen,Gatifloxacin,Zaltoprofen may increase the neuroexcitatory activities of Gatifloxacin.
Naproxen,Gatifloxacin,Naproxen may increase the neuroexcitatory activities of Gatifloxacin.
Pimecrolimus,Gatifloxacin,Pimecrolimus may increase the neuroexcitatory activities of Gatifloxacin.
Antipyrine,Gatifloxacin,Antipyrine may increase the neuroexcitatory activities of Gatifloxacin.
Meloxicam,Gatifloxacin,Meloxicam may increase the neuroexcitatory activities of Gatifloxacin.
Clonixin,Gatifloxacin,Clonixin may increase the neuroexcitatory activities of Gatifloxacin.
Piroxicam,Gatifloxacin,Piroxicam may increase the neuroexcitatory activities of Gatifloxacin.
Fenoprofen,Gatifloxacin,Fenoprofen may increase the neuroexcitatory activities of Gatifloxacin.
Oxaprozin,Gatifloxacin,Oxaprozin may increase the neuroexcitatory activities of Gatifloxacin.
Salicylamide,Gatifloxacin,Salicylamide may increase the neuroexcitatory activities of Gatifloxacin.
Loxoprofen,Gatifloxacin,Loxoprofen may increase the neuroexcitatory activities of Gatifloxacin.
Zileuton,Gatifloxacin,Zileuton may increase the neuroexcitatory activities of Gatifloxacin.
Floctafenine,Gatifloxacin,Floctafenine may increase the neuroexcitatory activities of Gatifloxacin.
Ibuprofen,Gatifloxacin,Ibuprofen may increase the neuroexcitatory activities of Gatifloxacin.
Etofenamate,Gatifloxacin,Etofenamate may increase the neuroexcitatory activities of Gatifloxacin.
Diclofenac,Gatifloxacin,Diclofenac may increase the neuroexcitatory activities of Gatifloxacin.
Nepafenac,Gatifloxacin,Nepafenac may increase the neuroexcitatory activities of Gatifloxacin.
Sulfasalazine,Gatifloxacin,Sulfasalazine may increase the neuroexcitatory activities of Gatifloxacin.
Benzydamine,Gatifloxacin,Benzydamine may increase the neuroexcitatory activities of Gatifloxacin.
Ketoprofen,Gatifloxacin,Ketoprofen may increase the neuroexcitatory activities of Gatifloxacin.
Mefenamic acid,Gatifloxacin,Mefenamic acid may increase the neuroexcitatory activities of Gatifloxacin.
Adapalene,Gatifloxacin,Adapalene may increase the neuroexcitatory activities of Gatifloxacin.
Magnesium salicylate,Gatifloxacin,The serum concentration of Gatifloxacin can be decreased when it is combined with Magnesium salicylate.
Quinapril,Gatifloxacin,The serum concentration of Gatifloxacin can be decreased when it is combined with Quinapril.
Ribociclib,Gatifloxacin,The risk or severity of QTc prolongation can be increased when Ribociclib is combined with Gatifloxacin.
Theophylline,Gatifloxacin,The metabolism of Gatifloxacin can be decreased when combined with Theophylline.
Dyphylline,Gatifloxacin,The metabolism of Gatifloxacin can be decreased when combined with Dyphylline.
Aminophylline,Gatifloxacin,The metabolism of Gatifloxacin can be decreased when combined with Aminophylline.
Varenicline,Gatifloxacin,The serum concentration of Gatifloxacin can be increased when it is combined with Varenicline.
Iron sucrose,Gatifloxacin,The serum concentration of Gatifloxacin can be decreased when it is combined with Iron sucrose.
Iron,Gatifloxacin,The serum concentration of Gatifloxacin can be decreased when it is combined with Iron.
Ferric pyrophosphate,Gatifloxacin,The serum concentration of Gatifloxacin can be decreased when it is combined with Ferric pyrophosphate.
Lanthanum carbonate,Gatifloxacin,The serum concentration of Gatifloxacin can be decreased when it is combined with Lanthanum carbonate.
Strontium ranelate,Gatifloxacin,The serum concentration of Gatifloxacin can be decreased when it is combined with Strontium ranelate.
Tiaprofenic acid,Rosoxacin,Tiaprofenic acid may increase the neuroexcitatory activities of Rosoxacin.
Carprofen,Rosoxacin,Carprofen may increase the neuroexcitatory activities of Rosoxacin.
Acarbose,Rosoxacin,Acarbose may increase the hypoglycemic activities of Rosoxacin.
Sunitinib,Rosoxacin,Sunitinib may increase the hypoglycemic activities of Rosoxacin.
Prednisolone,Rosoxacin,The risk or severity of adverse effects can be increased when Prednisolone is combined with Rosoxacin.
Dexamethasone,Rosoxacin,The risk or severity of adverse effects can be increased when Dexamethasone is combined with Rosoxacin.
Prednisone,Rosoxacin,The risk or severity of adverse effects can be increased when Prednisone is combined with Rosoxacin.
Methylprednisolone,Rosoxacin,The risk or severity of adverse effects can be increased when Methylprednisolone is combined with Rosoxacin.
Formestane,Rosoxacin,The risk or severity of adverse effects can be increased when Formestane is combined with Rosoxacin.
Sucralfate,Rosoxacin,The serum concentration of Rosoxacin can be decreased when it is combined with Sucralfate.
Mesalazine,Rosoxacin,Mesalazine may increase the neuroexcitatory activities of Rosoxacin.
Balsalazide,Rosoxacin,Balsalazide may increase the neuroexcitatory activities of Rosoxacin.
Olsalazine,Rosoxacin,Olsalazine may increase the neuroexcitatory activities of Rosoxacin.
Resveratrol,Rosoxacin,Resveratrol may increase the neuroexcitatory activities of Rosoxacin.
Masoprocol,Rosoxacin,Masoprocol may increase the neuroexcitatory activities of Rosoxacin.
Sulindac,Rosoxacin,Sulindac may increase the neuroexcitatory activities of Rosoxacin.
Pirfenidone,Rosoxacin,Pirfenidone may increase the neuroexcitatory activities of Rosoxacin.
Mycophenolate mofetil,Rosoxacin,Mycophenolate mofetil may increase the neuroexcitatory activities of Rosoxacin.
Leflunomide,Rosoxacin,Leflunomide may increase the neuroexcitatory activities of Rosoxacin.
Vemurafenib,Rosoxacin,The risk or severity of QTc prolongation can be increased when Vemurafenib is combined with Rosoxacin.
Warfarin,Rosoxacin,Warfarin may increase the anticoagulant activities of Rosoxacin.
Phenprocoumon,Rosoxacin,Phenprocoumon may increase the anticoagulant activities of Rosoxacin.
Phenindione,Rosoxacin,Phenindione may increase the anticoagulant activities of Rosoxacin.
Acenocoumarol,Rosoxacin,Acenocoumarol may increase the anticoagulant activities of Rosoxacin.
Dicoumarol,Rosoxacin,Dicoumarol may increase the anticoagulant activities of Rosoxacin.
Nafamostat,Rosoxacin,Nafamostat may increase the neuroexcitatory activities of Rosoxacin.
Rosiglitazone,Rosoxacin,Rosiglitazone may increase the hypoglycemic activities of Rosoxacin.
Nimesulide,Rosoxacin,Nimesulide may increase the neuroexcitatory activities of Rosoxacin.
Acetylsalicylic acid,Rosoxacin,Acetylsalicylic acid may increase the neuroexcitatory activities of Rosoxacin.
Diflunisal,Rosoxacin,Diflunisal may increase the neuroexcitatory activities of Rosoxacin.
Azelastine,Rosoxacin,Azelastine may increase the neuroexcitatory activities of Rosoxacin.
Tranilast,Rosoxacin,Tranilast may increase the neuroexcitatory activities of Rosoxacin.
Sulfisoxazole,Rosoxacin,Sulfisoxazole may increase the hypoglycemic activities of Rosoxacin.
Chlorpropamide,Rosoxacin,Chlorpropamide may increase the hypoglycemic activities of Rosoxacin.
Canagliflozin,Rosoxacin,Canagliflozin may increase the hypoglycemic activities of Rosoxacin.
Pentamidine,Rosoxacin,Pentamidine may increase the hypoglycemic activities of Rosoxacin.
Glipizide,Rosoxacin,Glipizide may increase the hypoglycemic activities of Rosoxacin.
Disopyramide,Rosoxacin,Disopyramide may increase the hypoglycemic activities of Rosoxacin.
Tolbutamide,Rosoxacin,Tolbutamide may increase the hypoglycemic activities of Rosoxacin.
Miglitol,Rosoxacin,Miglitol may increase the hypoglycemic activities of Rosoxacin.
Sulfamethoxazole,Rosoxacin,Sulfamethoxazole may increase the hypoglycemic activities of Rosoxacin.
Sitagliptin,Rosoxacin,Sitagliptin may increase the hypoglycemic activities of Rosoxacin.
Dapagliflozin,Rosoxacin,Dapagliflozin may increase the hypoglycemic activities of Rosoxacin.
Alogliptin,Rosoxacin,Alogliptin may increase the hypoglycemic activities of Rosoxacin.
Saxagliptin,Rosoxacin,Saxagliptin may increase the hypoglycemic activities of Rosoxacin.
Sulfadiazine,Rosoxacin,Sulfadiazine may increase the hypoglycemic activities of Rosoxacin.
Nateglinide,Rosoxacin,Nateglinide may increase the hypoglycemic activities of Rosoxacin.
Gliclazide,Rosoxacin,Gliclazide may increase the hypoglycemic activities of Rosoxacin.
Pioglitazone,Rosoxacin,Pioglitazone may increase the hypoglycemic activities of Rosoxacin.
Mifepristone,Rosoxacin,Mifepristone may increase the hypoglycemic activities of Rosoxacin.
Quinine,Rosoxacin,Quinine may increase the hypoglycemic activities of Rosoxacin.
Metformin,Rosoxacin,Metformin may increase the hypoglycemic activities of Rosoxacin.
Tolazamide,Rosoxacin,Tolazamide may increase the hypoglycemic activities of Rosoxacin.
Glimepiride,Rosoxacin,Glimepiride may increase the hypoglycemic activities of Rosoxacin.
Empagliflozin,Rosoxacin,Empagliflozin may increase the hypoglycemic activities of Rosoxacin.
Repaglinide,Rosoxacin,Repaglinide may increase the hypoglycemic activities of Rosoxacin.
Glyburide,Rosoxacin,Glyburide may increase the hypoglycemic activities of Rosoxacin.
Bromocriptine,Rosoxacin,Bromocriptine may increase the hypoglycemic activities of Rosoxacin.
Seratrodast,Rosoxacin,Seratrodast may increase the neuroexcitatory activities of Rosoxacin.
Chloroquine,Rosoxacin,Chloroquine may increase the neuroexcitatory activities of Rosoxacin.
Celecoxib,Rosoxacin,Celecoxib may increase the neuroexcitatory activities of Rosoxacin.
Salicylic acid,Rosoxacin,Salicylic acid may increase the neuroexcitatory activities of Rosoxacin.
Naftifine,Rosoxacin,Naftifine may increase the neuroexcitatory activities of Rosoxacin.
Fluticasone propionate,Rosoxacin,The risk or severity of adverse effects can be increased when Fluticasone propionate is combined with Rosoxacin.
Magnesium sulfate,Rosoxacin,The serum concentration of Rosoxacin can be decreased when it is combined with Magnesium sulfate.
Olopatadine,Rosoxacin,Olopatadine may increase the neuroexcitatory activities of Rosoxacin.
Fluticasone furoate,Rosoxacin,The risk or severity of adverse effects can be increased when Fluticasone furoate is combined with Rosoxacin.
Prasterone,Rosoxacin,The risk or severity of adverse effects can be increased when Prasterone is combined with Rosoxacin.
Diflorasone,Rosoxacin,The risk or severity of adverse effects can be increased when Diflorasone is combined with Rosoxacin.
Flumethasone,Rosoxacin,The risk or severity of adverse effects can be increased when Flumethasone is combined with Rosoxacin.
Desoximetasone,Rosoxacin,The risk or severity of adverse effects can be increased when Desoximetasone is combined with Rosoxacin.
Mometasone,Rosoxacin,The risk or severity of adverse effects can be increased when Mometasone is combined with Rosoxacin.
Clobetasol propionate,Rosoxacin,The risk or severity of adverse effects can be increased when Clobetasol propionate is combined with Rosoxacin.
Estrone,Rosoxacin,The risk or severity of adverse effects can be increased when Estrone is combined with Rosoxacin.
Difluprednate,Rosoxacin,The risk or severity of adverse effects can be increased when Difluprednate is combined with Rosoxacin.
Fluprednidene,Rosoxacin,The risk or severity of adverse effects can be increased when Fluprednidene is combined with Rosoxacin.
Beclomethasone dipropionate,Rosoxacin,The risk or severity of adverse effects can be increased when Beclomethasone dipropionate is combined with Rosoxacin.
Tixocortol,Rosoxacin,The risk or severity of adverse effects can be increased when Tixocortol is combined with Rosoxacin.
Fluocinonide,Rosoxacin,The risk or severity of adverse effects can be increased when Fluocinonide is combined with Rosoxacin.
Ciclesonide,Rosoxacin,The risk or severity of adverse effects can be increased when Ciclesonide is combined with Rosoxacin.
Cortisone acetate,Rosoxacin,The risk or severity of adverse effects can be increased when Cortisone acetate is combined with Rosoxacin.
Alclometasone,Rosoxacin,The risk or severity of adverse effects can be increased when Alclometasone is combined with Rosoxacin.
Fludrocortisone,Rosoxacin,The risk or severity of adverse effects can be increased when Fludrocortisone is combined with Rosoxacin.
Flunisolide,Rosoxacin,The risk or severity of adverse effects can be increased when Flunisolide is combined with Rosoxacin.
Triamcinolone,Rosoxacin,The risk or severity of adverse effects can be increased when Triamcinolone is combined with Rosoxacin.
Fluocinolone acetonide,Rosoxacin,The risk or severity of adverse effects can be increased when Fluocinolone acetonide is combined with Rosoxacin.
Paramethasone,Rosoxacin,The risk or severity of adverse effects can be increased when Paramethasone is combined with Rosoxacin.
Prednicarbate,Rosoxacin,The risk or severity of adverse effects can be increased when Prednicarbate is combined with Rosoxacin.
Rimexolone,Rosoxacin,The risk or severity of adverse effects can be increased when Rimexolone is combined with Rosoxacin.
Betamethasone,Rosoxacin,The risk or severity of adverse effects can be increased when Betamethasone is combined with Rosoxacin.
Deflazacort,Rosoxacin,The risk or severity of adverse effects can be increased when Deflazacort is combined with Rosoxacin.
Desonide,Rosoxacin,The risk or severity of adverse effects can be increased when Desonide is combined with Rosoxacin.
Amcinonide,Rosoxacin,The risk or severity of adverse effects can be increased when Amcinonide is combined with Rosoxacin.
Estrone sulfate,Rosoxacin,The risk or severity of adverse effects can be increased when Estrone sulfate is combined with Rosoxacin.
Equilin,Rosoxacin,The risk or severity of adverse effects can be increased when Equilin is combined with Rosoxacin.
Ulobetasol,Rosoxacin,The risk or severity of adverse effects can be increased when Ulobetasol is combined with Rosoxacin.
Loteprednol,Rosoxacin,The risk or severity of adverse effects can be increased when Loteprednol is combined with Rosoxacin.
Halcinonide,Rosoxacin,The risk or severity of adverse effects can be increased when Halcinonide is combined with Rosoxacin.
Fluocortolone,Rosoxacin,The risk or severity of adverse effects can be increased when Fluocortolone is combined with Rosoxacin.
Flurandrenolide,Rosoxacin,The risk or severity of adverse effects can be increased when Flurandrenolide is combined with Rosoxacin.
Budesonide,Rosoxacin,The risk or severity of adverse effects can be increased when Budesonide is combined with Rosoxacin.
Difluocortolone,Rosoxacin,The risk or severity of adverse effects can be increased when Difluocortolone is combined with Rosoxacin.
Medrysone,Rosoxacin,The risk or severity of adverse effects can be increased when Medrysone is combined with Rosoxacin.
Clocortolone,Rosoxacin,The risk or severity of adverse effects can be increased when Clocortolone is combined with Rosoxacin.
Hydrocortisone,Rosoxacin,The risk or severity of adverse effects can be increased when Hydrocortisone is combined with Rosoxacin.
Fluorometholone,Rosoxacin,The risk or severity of adverse effects can be increased when Fluorometholone is combined with Rosoxacin.
Clobetasone,Rosoxacin,The risk or severity of adverse effects can be increased when Clobetasone is combined with Rosoxacin.
Fenbufen,Rosoxacin,Fenbufen may increase the neuroexcitatory activities of Rosoxacin.
Meclofenamic acid,Rosoxacin,Meclofenamic acid may increase the neuroexcitatory activities of Rosoxacin.
Lumiracoxib,Rosoxacin,Lumiracoxib may increase the neuroexcitatory activities of Rosoxacin.
Tolmetin,Rosoxacin,Tolmetin may increase the neuroexcitatory activities of Rosoxacin.
Tenoxicam,Rosoxacin,Tenoxicam may increase the neuroexcitatory activities of Rosoxacin.
Choline magnesium trisalicylate,Rosoxacin,Choline magnesium trisalicylate may increase the neuroexcitatory activities of Rosoxacin.
Etoricoxib,Rosoxacin,Etoricoxib may increase the neuroexcitatory activities of Rosoxacin.
Suprofen,Rosoxacin,Suprofen may increase the neuroexcitatory activities of Rosoxacin.
Flurbiprofen,Rosoxacin,Flurbiprofen may increase the neuroexcitatory activities of Rosoxacin.
Indomethacin,Rosoxacin,Indomethacin may increase the neuroexcitatory activities of Rosoxacin.
Oxyphenbutazone,Rosoxacin,Oxyphenbutazone may increase the neuroexcitatory activities of Rosoxacin.
Icatibant,Rosoxacin,Icatibant may increase the neuroexcitatory activities of Rosoxacin.
Alclofenac,Rosoxacin,Alclofenac may increase the neuroexcitatory activities of Rosoxacin.
Etodolac,Rosoxacin,Etodolac may increase the neuroexcitatory activities of Rosoxacin.
Droxicam,Rosoxacin,Droxicam may increase the neuroexcitatory activities of Rosoxacin.
Apremilast,Rosoxacin,Apremilast may increase the neuroexcitatory activities of Rosoxacin.
Tolfenamic acid,Rosoxacin,Tolfenamic acid may increase the neuroexcitatory activities of Rosoxacin.
Lornoxicam,Rosoxacin,Lornoxicam may increase the neuroexcitatory activities of Rosoxacin.
Bromfenac,Rosoxacin,Bromfenac may increase the neuroexcitatory activities of Rosoxacin.
Propacetamol,Rosoxacin,Propacetamol may increase the neuroexcitatory activities of Rosoxacin.
Parecoxib,Rosoxacin,Parecoxib may increase the neuroexcitatory activities of Rosoxacin.
Phenylbutazone,Rosoxacin,Phenylbutazone may increase the neuroexcitatory activities of Rosoxacin.
Acemetacin,Rosoxacin,Acemetacin may increase the neuroexcitatory activities of Rosoxacin.
Teriflunomide,Rosoxacin,Teriflunomide may increase the neuroexcitatory activities of Rosoxacin.
Nabumetone,Rosoxacin,Nabumetone may increase the neuroexcitatory activities of Rosoxacin.
Epirizole,Rosoxacin,Epirizole may increase the neuroexcitatory activities of Rosoxacin.
Ketorolac,Rosoxacin,Ketorolac may increase the neuroexcitatory activities of Rosoxacin.
Salsalate,Rosoxacin,Salsalate may increase the neuroexcitatory activities of Rosoxacin.
Aceclofenac,Rosoxacin,Aceclofenac may increase the neuroexcitatory activities of Rosoxacin.
Niflumic acid,Rosoxacin,Niflumic acid may increase the neuroexcitatory activities of Rosoxacin.
Zaltoprofen,Rosoxacin,Zaltoprofen may increase the neuroexcitatory activities of Rosoxacin.
Naproxen,Rosoxacin,Naproxen may increase the neuroexcitatory activities of Rosoxacin.
Pimecrolimus,Rosoxacin,Pimecrolimus may increase the neuroexcitatory activities of Rosoxacin.
Antipyrine,Rosoxacin,Antipyrine may increase the neuroexcitatory activities of Rosoxacin.
Meloxicam,Rosoxacin,Meloxicam may increase the neuroexcitatory activities of Rosoxacin.
Clonixin,Rosoxacin,Clonixin may increase the neuroexcitatory activities of Rosoxacin.
Piroxicam,Rosoxacin,Piroxicam may increase the neuroexcitatory activities of Rosoxacin.
Fenoprofen,Rosoxacin,Fenoprofen may increase the neuroexcitatory activities of Rosoxacin.
Oxaprozin,Rosoxacin,Oxaprozin may increase the neuroexcitatory activities of Rosoxacin.
Salicylamide,Rosoxacin,Salicylamide may increase the neuroexcitatory activities of Rosoxacin.
Loxoprofen,Rosoxacin,Loxoprofen may increase the neuroexcitatory activities of Rosoxacin.
Zileuton,Rosoxacin,Zileuton may increase the neuroexcitatory activities of Rosoxacin.
Floctafenine,Rosoxacin,Floctafenine may increase the neuroexcitatory activities of Rosoxacin.
Ibuprofen,Rosoxacin,Ibuprofen may increase the neuroexcitatory activities of Rosoxacin.
Etofenamate,Rosoxacin,Etofenamate may increase the neuroexcitatory activities of Rosoxacin.
Diclofenac,Rosoxacin,Diclofenac may increase the neuroexcitatory activities of Rosoxacin.
Nepafenac,Rosoxacin,Nepafenac may increase the neuroexcitatory activities of Rosoxacin.
Sulfasalazine,Rosoxacin,Sulfasalazine may increase the neuroexcitatory activities of Rosoxacin.
Benzydamine,Rosoxacin,Benzydamine may increase the neuroexcitatory activities of Rosoxacin.
Ketoprofen,Rosoxacin,Ketoprofen may increase the neuroexcitatory activities of Rosoxacin.
Mefenamic acid,Rosoxacin,Mefenamic acid may increase the neuroexcitatory activities of Rosoxacin.
Adapalene,Rosoxacin,Adapalene may increase the neuroexcitatory activities of Rosoxacin.
Magnesium salicylate,Rosoxacin,The serum concentration of Rosoxacin can be decreased when it is combined with Magnesium salicylate.
Quinapril,Rosoxacin,The serum concentration of Rosoxacin can be decreased when it is combined with Quinapril.
Theophylline,Rosoxacin,The metabolism of Rosoxacin can be decreased when combined with Theophylline.
Dyphylline,Rosoxacin,The metabolism of Rosoxacin can be decreased when combined with Dyphylline.
Aminophylline,Rosoxacin,The metabolism of Rosoxacin can be decreased when combined with Aminophylline.
Varenicline,Rosoxacin,The serum concentration of Rosoxacin can be increased when it is combined with Varenicline.
Iron sucrose,Rosoxacin,The serum concentration of Rosoxacin can be decreased when it is combined with Iron sucrose.
Iron,Rosoxacin,The serum concentration of Rosoxacin can be decreased when it is combined with Iron.
Ferric pyrophosphate,Rosoxacin,The serum concentration of Rosoxacin can be decreased when it is combined with Ferric pyrophosphate.
Lanthanum carbonate,Rosoxacin,The serum concentration of Rosoxacin can be decreased when it is combined with Lanthanum carbonate.
Strontium ranelate,Rosoxacin,The serum concentration of Rosoxacin can be decreased when it is combined with Strontium ranelate.
Tiaprofenic acid,Levofloxacin,Tiaprofenic acid may increase the neuroexcitatory activities of Levofloxacin.
Carprofen,Levofloxacin,Carprofen may increase the neuroexcitatory activities of Levofloxacin.
Cyclophosphamide,Levofloxacin,Cyclophosphamide may increase the cardiotoxic activities of Levofloxacin.
Paclitaxel,Levofloxacin,The risk or severity of adverse effects can be increased when Paclitaxel is combined with Levofloxacin.
Docetaxel,Levofloxacin,The risk or severity of adverse effects can be increased when Docetaxel is combined with Levofloxacin.
Cabazitaxel,Levofloxacin,The risk or severity of adverse effects can be increased when Cabazitaxel is combined with Levofloxacin.
Rifaximin,Levofloxacin,The serum concentration of Levofloxacin can be increased when it is combined with Rifaximin.
Lumacaftor,Levofloxacin,The serum concentration of Levofloxacin can be decreased when it is combined with Lumacaftor.
Silodosin,Levofloxacin,The serum concentration of Levofloxacin can be increased when it is combined with Silodosin.
Edoxaban,Levofloxacin,The serum concentration of Levofloxacin can be increased when it is combined with Edoxaban.
Anagrelide,Levofloxacin,Anagrelide may increase the QTc-prolonging activities of Levofloxacin.
Acarbose,Levofloxacin,Acarbose may increase the hypoglycemic activities of Levofloxacin.
Crizotinib,Levofloxacin,Crizotinib may increase the QTc-prolonging activities of Levofloxacin.
Prednisolone,Levofloxacin,The risk or severity of adverse effects can be increased when Prednisolone is combined with Levofloxacin.
Panobinostat,Levofloxacin,Panobinostat may increase the QTc-prolonging activities of Levofloxacin.
Nilotinib,Levofloxacin,Nilotinib may increase the QTc-prolonging activities of Levofloxacin.
Dexamethasone,Levofloxacin,The risk or severity of adverse effects can be increased when Dexamethasone is combined with Levofloxacin.
Cabergoline,Levofloxacin,The risk or severity of adverse effects can be increased when Cabergoline is combined with Levofloxacin.
Pazopanib,Levofloxacin,The serum concentration of Levofloxacin can be increased when it is combined with Pazopanib.
Gemifloxacin,Levofloxacin,Gemifloxacin may increase the QTc-prolonging activities of Levofloxacin.
Lenvatinib,Levofloxacin,Lenvatinib may increase the QTc-prolonging activities of Levofloxacin.
Ofloxacin,Levofloxacin,Ofloxacin may increase the QTc-prolonging activities of Levofloxacin.
Toremifene,Levofloxacin,Toremifene may increase the QTc-prolonging activities of Levofloxacin.
Arsenic trioxide,Levofloxacin,Arsenic trioxide may increase the QTc-prolonging activities of Levofloxacin.
Doxorubicin,Levofloxacin,The serum concentration of Levofloxacin can be increased when it is combined with Doxorubicin.
Prednisone,Levofloxacin,The risk or severity of adverse effects can be increased when Prednisone is combined with Levofloxacin.
Methylprednisolone,Levofloxacin,The risk or severity of adverse effects can be increased when Methylprednisolone is combined with Levofloxacin.
Formestane,Levofloxacin,The risk or severity of adverse effects can be increased when Formestane is combined with Levofloxacin.
Vincristine,Levofloxacin,The serum concentration of Levofloxacin can be increased when it is combined with Vincristine.
Everolimus,Levofloxacin,The serum concentration of Levofloxacin can be increased when it is combined with Everolimus.
Ibrutinib,Levofloxacin,The serum concentration of Levofloxacin can be increased when it is combined with Ibrutinib.
Topotecan,Levofloxacin,The serum concentration of Levofloxacin can be increased when it is combined with Topotecan.
Colchicine,Levofloxacin,The serum concentration of Levofloxacin can be increased when it is combined with Colchicine.
Naloxegol,Levofloxacin,The serum concentration of Levofloxacin can be increased when it is combined with Naloxegol.
Bosutinib,Levofloxacin,The serum concentration of Levofloxacin can be increased when it is combined with Bosutinib.
Nintedanib,Levofloxacin,The serum concentration of Levofloxacin can be increased when it is combined with Nintedanib.
Ledipasvir,Levofloxacin,The serum concentration of Levofloxacin can be increased when it is combined with Ledipasvir.
Prucalopride,Levofloxacin,The serum concentration of Levofloxacin can be increased when it is combined with Prucalopride.
Sucralfate,Levofloxacin,The serum concentration of Levofloxacin can be decreased when it is combined with Sucralfate.
Mesalazine,Levofloxacin,Mesalazine may increase the neuroexcitatory activities of Levofloxacin.
Balsalazide,Levofloxacin,Balsalazide may increase the neuroexcitatory activities of Levofloxacin.
Olsalazine,Levofloxacin,Olsalazine may increase the neuroexcitatory activities of Levofloxacin.
Resveratrol,Levofloxacin,Resveratrol may increase the neuroexcitatory activities of Levofloxacin.
Vandetanib,Levofloxacin,Vandetanib may increase the QTc-prolonging activities of Levofloxacin.
Sotalol,Levofloxacin,Sotalol may increase the QTc-prolonging activities of Levofloxacin.
Masoprocol,Levofloxacin,Masoprocol may increase the neuroexcitatory activities of Levofloxacin.
Sulindac,Levofloxacin,Sulindac may increase the neuroexcitatory activities of Levofloxacin.
Pirfenidone,Levofloxacin,Pirfenidone may increase the neuroexcitatory activities of Levofloxacin.
Mycophenolate mofetil,Levofloxacin,Mycophenolate mofetil may increase the neuroexcitatory activities of Levofloxacin.
Leflunomide,Levofloxacin,Leflunomide may increase the neuroexcitatory activities of Levofloxacin.
Afatinib,Levofloxacin,The serum concentration of Levofloxacin can be increased when it is combined with Afatinib.
Ceritinib,Levofloxacin,Ceritinib may increase the QTc-prolonging activities of Levofloxacin.
Warfarin,Levofloxacin,Warfarin may increase the anticoagulant activities of Levofloxacin.
Phenprocoumon,Levofloxacin,Phenprocoumon may increase the anticoagulant activities of Levofloxacin.
Phenindione,Levofloxacin,Phenindione may increase the anticoagulant activities of Levofloxacin.
Acenocoumarol,Levofloxacin,Acenocoumarol may increase the anticoagulant activities of Levofloxacin.
Dicoumarol,Levofloxacin,Dicoumarol may increase the anticoagulant activities of Levofloxacin.
Nafamostat,Levofloxacin,Nafamostat may increase the neuroexcitatory activities of Levofloxacin.
Rosiglitazone,Levofloxacin,Rosiglitazone may increase the hypoglycemic activities of Levofloxacin.
Nimesulide,Levofloxacin,Nimesulide may increase the neuroexcitatory activities of Levofloxacin.
Acetylsalicylic acid,Levofloxacin,Acetylsalicylic acid may increase the neuroexcitatory activities of Levofloxacin.
Diflunisal,Levofloxacin,Diflunisal may increase the neuroexcitatory activities of Levofloxacin.
Azelastine,Levofloxacin,Azelastine may increase the neuroexcitatory activities of Levofloxacin.
Tranilast,Levofloxacin,Tranilast may increase the neuroexcitatory activities of Levofloxacin.
Chlorpropamide,Levofloxacin,Chlorpropamide may increase the hypoglycemic activities of Levofloxacin.
Canagliflozin,Levofloxacin,Canagliflozin may increase the hypoglycemic activities of Levofloxacin.
Glipizide,Levofloxacin,Glipizide may increase the hypoglycemic activities of Levofloxacin.
Disopyramide,Levofloxacin,Disopyramide may increase the hypoglycemic activities of Levofloxacin.
Tolbutamide,Levofloxacin,Tolbutamide may increase the hypoglycemic activities of Levofloxacin.
Miglitol,Levofloxacin,Miglitol may increase the hypoglycemic activities of Levofloxacin.
Sitagliptin,Levofloxacin,Sitagliptin may increase the hypoglycemic activities of Levofloxacin.
Dapagliflozin,Levofloxacin,Dapagliflozin may increase the hypoglycemic activities of Levofloxacin.
Alogliptin,Levofloxacin,Alogliptin may increase the hypoglycemic activities of Levofloxacin.
Saxagliptin,Levofloxacin,Saxagliptin may increase the hypoglycemic activities of Levofloxacin.
Sulfadiazine,Levofloxacin,Sulfadiazine may increase the hypoglycemic activities of Levofloxacin.
Nateglinide,Levofloxacin,Nateglinide may increase the hypoglycemic activities of Levofloxacin.
Gliclazide,Levofloxacin,Gliclazide may increase the hypoglycemic activities of Levofloxacin.
Pioglitazone,Levofloxacin,Pioglitazone may increase the hypoglycemic activities of Levofloxacin.
Quinine,Levofloxacin,Quinine may increase the hypoglycemic activities of Levofloxacin.
Metformin,Levofloxacin,Metformin may increase the hypoglycemic activities of Levofloxacin.
Tolazamide,Levofloxacin,Tolazamide may increase the hypoglycemic activities of Levofloxacin.
Glimepiride,Levofloxacin,Glimepiride may increase the hypoglycemic activities of Levofloxacin.
Empagliflozin,Levofloxacin,Empagliflozin may increase the hypoglycemic activities of Levofloxacin.
Repaglinide,Levofloxacin,Repaglinide may increase the hypoglycemic activities of Levofloxacin.
Glyburide,Levofloxacin,Glyburide may increase the hypoglycemic activities of Levofloxacin.
Bromocriptine,Levofloxacin,Bromocriptine may increase the hypoglycemic activities of Levofloxacin.
Seratrodast,Levofloxacin,Seratrodast may increase the neuroexcitatory activities of Levofloxacin.
Celecoxib,Levofloxacin,Celecoxib may increase the neuroexcitatory activities of Levofloxacin.
Salicylic acid,Levofloxacin,Salicylic acid may increase the neuroexcitatory activities of Levofloxacin.
Naftifine,Levofloxacin,Naftifine may increase the neuroexcitatory activities of Levofloxacin.
Fluticasone propionate,Levofloxacin,The risk or severity of adverse effects can be increased when Fluticasone propionate is combined with Levofloxacin.
Magnesium sulfate,Levofloxacin,The serum concentration of Levofloxacin can be decreased when it is combined with Magnesium sulfate.
Olopatadine,Levofloxacin,Olopatadine may increase the neuroexcitatory activities of Levofloxacin.
Fluticasone furoate,Levofloxacin,The risk or severity of adverse effects can be increased when Fluticasone furoate is combined with Levofloxacin.
Prasterone,Levofloxacin,The risk or severity of adverse effects can be increased when Prasterone is combined with Levofloxacin.
Diflorasone,Levofloxacin,The risk or severity of adverse effects can be increased when Diflorasone is combined with Levofloxacin.
Flumethasone,Levofloxacin,The risk or severity of adverse effects can be increased when Flumethasone is combined with Levofloxacin.
Desoximetasone,Levofloxacin,The risk or severity of adverse effects can be increased when Desoximetasone is combined with Levofloxacin.
Mometasone,Levofloxacin,The risk or severity of adverse effects can be increased when Mometasone is combined with Levofloxacin.
Clobetasol propionate,Levofloxacin,The risk or severity of adverse effects can be increased when Clobetasol propionate is combined with Levofloxacin.
Estrone,Levofloxacin,The risk or severity of adverse effects can be increased when Estrone is combined with Levofloxacin.
Difluprednate,Levofloxacin,The risk or severity of adverse effects can be increased when Difluprednate is combined with Levofloxacin.
Fluprednidene,Levofloxacin,The risk or severity of adverse effects can be increased when Fluprednidene is combined with Levofloxacin.
Beclomethasone dipropionate,Levofloxacin,The risk or severity of adverse effects can be increased when Beclomethasone dipropionate is combined with Levofloxacin.
Tixocortol,Levofloxacin,The risk or severity of adverse effects can be increased when Tixocortol is combined with Levofloxacin.
Fluocinonide,Levofloxacin,The risk or severity of adverse effects can be increased when Fluocinonide is combined with Levofloxacin.
Ciclesonide,Levofloxacin,The risk or severity of adverse effects can be increased when Ciclesonide is combined with Levofloxacin.
Cortisone acetate,Levofloxacin,The risk or severity of adverse effects can be increased when Cortisone acetate is combined with Levofloxacin.
Alclometasone,Levofloxacin,The risk or severity of adverse effects can be increased when Alclometasone is combined with Levofloxacin.
Fludrocortisone,Levofloxacin,The risk or severity of adverse effects can be increased when Fludrocortisone is combined with Levofloxacin.
Flunisolide,Levofloxacin,The risk or severity of adverse effects can be increased when Flunisolide is combined with Levofloxacin.
Triamcinolone,Levofloxacin,The risk or severity of adverse effects can be increased when Triamcinolone is combined with Levofloxacin.
Fluocinolone acetonide,Levofloxacin,The risk or severity of adverse effects can be increased when Fluocinolone acetonide is combined with Levofloxacin.
Paramethasone,Levofloxacin,The risk or severity of adverse effects can be increased when Paramethasone is combined with Levofloxacin.
Prednicarbate,Levofloxacin,The risk or severity of adverse effects can be increased when Prednicarbate is combined with Levofloxacin.
Rimexolone,Levofloxacin,The risk or severity of adverse effects can be increased when Rimexolone is combined with Levofloxacin.
Betamethasone,Levofloxacin,The risk or severity of adverse effects can be increased when Betamethasone is combined with Levofloxacin.
Deflazacort,Levofloxacin,The risk or severity of adverse effects can be increased when Deflazacort is combined with Levofloxacin.
Desonide,Levofloxacin,The risk or severity of adverse effects can be increased when Desonide is combined with Levofloxacin.
Amcinonide,Levofloxacin,The risk or severity of adverse effects can be increased when Amcinonide is combined with Levofloxacin.
Estrone sulfate,Levofloxacin,The risk or severity of adverse effects can be increased when Estrone sulfate is combined with Levofloxacin.
Equilin,Levofloxacin,The risk or severity of adverse effects can be increased when Equilin is combined with Levofloxacin.
Ulobetasol,Levofloxacin,The risk or severity of adverse effects can be increased when Ulobetasol is combined with Levofloxacin.
Loteprednol,Levofloxacin,The risk or severity of adverse effects can be increased when Loteprednol is combined with Levofloxacin.
Halcinonide,Levofloxacin,The risk or severity of adverse effects can be increased when Halcinonide is combined with Levofloxacin.
Fluocortolone,Levofloxacin,The risk or severity of adverse effects can be increased when Fluocortolone is combined with Levofloxacin.
Flurandrenolide,Levofloxacin,The risk or severity of adverse effects can be increased when Flurandrenolide is combined with Levofloxacin.
Budesonide,Levofloxacin,The risk or severity of adverse effects can be increased when Budesonide is combined with Levofloxacin.
Difluocortolone,Levofloxacin,The risk or severity of adverse effects can be increased when Difluocortolone is combined with Levofloxacin.
Medrysone,Levofloxacin,The risk or severity of adverse effects can be increased when Medrysone is combined with Levofloxacin.
Clocortolone,Levofloxacin,The risk or severity of adverse effects can be increased when Clocortolone is combined with Levofloxacin.
Hydrocortisone,Levofloxacin,The risk or severity of adverse effects can be increased when Hydrocortisone is combined with Levofloxacin.
Fluorometholone,Levofloxacin,The risk or severity of adverse effects can be increased when Fluorometholone is combined with Levofloxacin.
Clobetasone,Levofloxacin,The risk or severity of adverse effects can be increased when Clobetasone is combined with Levofloxacin.
Fenbufen,Levofloxacin,Fenbufen may increase the neuroexcitatory activities of Levofloxacin.
Meclofenamic acid,Levofloxacin,Meclofenamic acid may increase the neuroexcitatory activities of Levofloxacin.
Lumiracoxib,Levofloxacin,Lumiracoxib may increase the neuroexcitatory activities of Levofloxacin.
Tolmetin,Levofloxacin,Tolmetin may increase the neuroexcitatory activities of Levofloxacin.
Tenoxicam,Levofloxacin,Tenoxicam may increase the neuroexcitatory activities of Levofloxacin.
Choline magnesium trisalicylate,Levofloxacin,Choline magnesium trisalicylate may increase the neuroexcitatory activities of Levofloxacin.
Etoricoxib,Levofloxacin,Etoricoxib may increase the neuroexcitatory activities of Levofloxacin.
Suprofen,Levofloxacin,Suprofen may increase the neuroexcitatory activities of Levofloxacin.
Flurbiprofen,Levofloxacin,Flurbiprofen may increase the neuroexcitatory activities of Levofloxacin.
Indomethacin,Levofloxacin,Indomethacin may increase the neuroexcitatory activities of Levofloxacin.
Oxyphenbutazone,Levofloxacin,Oxyphenbutazone may increase the neuroexcitatory activities of Levofloxacin.
Icatibant,Levofloxacin,Icatibant may increase the neuroexcitatory activities of Levofloxacin.
Alclofenac,Levofloxacin,Alclofenac may increase the neuroexcitatory activities of Levofloxacin.
Etodolac,Levofloxacin,Etodolac may increase the neuroexcitatory activities of Levofloxacin.
Droxicam,Levofloxacin,Droxicam may increase the neuroexcitatory activities of Levofloxacin.
Apremilast,Levofloxacin,Apremilast may increase the neuroexcitatory activities of Levofloxacin.
Tolfenamic acid,Levofloxacin,Tolfenamic acid may increase the neuroexcitatory activities of Levofloxacin.
Lornoxicam,Levofloxacin,Lornoxicam may increase the neuroexcitatory activities of Levofloxacin.
Bromfenac,Levofloxacin,Bromfenac may increase the neuroexcitatory activities of Levofloxacin.
Propacetamol,Levofloxacin,Propacetamol may increase the neuroexcitatory activities of Levofloxacin.
Parecoxib,Levofloxacin,Parecoxib may increase the neuroexcitatory activities of Levofloxacin.
Phenylbutazone,Levofloxacin,Phenylbutazone may increase the neuroexcitatory activities of Levofloxacin.
Acemetacin,Levofloxacin,Acemetacin may increase the neuroexcitatory activities of Levofloxacin.
Nabumetone,Levofloxacin,Nabumetone may increase the neuroexcitatory activities of Levofloxacin.
Epirizole,Levofloxacin,Epirizole may increase the neuroexcitatory activities of Levofloxacin.
Ketorolac,Levofloxacin,Ketorolac may increase the neuroexcitatory activities of Levofloxacin.
Salsalate,Levofloxacin,Salsalate may increase the neuroexcitatory activities of Levofloxacin.
Aceclofenac,Levofloxacin,Aceclofenac may increase the neuroexcitatory activities of Levofloxacin.
Niflumic acid,Levofloxacin,Niflumic acid may increase the neuroexcitatory activities of Levofloxacin.
Zaltoprofen,Levofloxacin,Zaltoprofen may increase the neuroexcitatory activities of Levofloxacin.
Naproxen,Levofloxacin,Naproxen may increase the neuroexcitatory activities of Levofloxacin.
Pimecrolimus,Levofloxacin,Pimecrolimus may increase the neuroexcitatory activities of Levofloxacin.
Antipyrine,Levofloxacin,Antipyrine may increase the neuroexcitatory activities of Levofloxacin.
Meloxicam,Levofloxacin,Meloxicam may increase the neuroexcitatory activities of Levofloxacin.
Clonixin,Levofloxacin,Clonixin may increase the neuroexcitatory activities of Levofloxacin.
Piroxicam,Levofloxacin,Piroxicam may increase the neuroexcitatory activities of Levofloxacin.
Fenoprofen,Levofloxacin,Fenoprofen may increase the neuroexcitatory activities of Levofloxacin.
Oxaprozin,Levofloxacin,Oxaprozin may increase the neuroexcitatory activities of Levofloxacin.
Salicylamide,Levofloxacin,Salicylamide may increase the neuroexcitatory activities of Levofloxacin.
Loxoprofen,Levofloxacin,Loxoprofen may increase the neuroexcitatory activities of Levofloxacin.
Zileuton,Levofloxacin,Zileuton may increase the neuroexcitatory activities of Levofloxacin.
Floctafenine,Levofloxacin,Floctafenine may increase the neuroexcitatory activities of Levofloxacin.
Ibuprofen,Levofloxacin,Ibuprofen may increase the neuroexcitatory activities of Levofloxacin.
Etofenamate,Levofloxacin,Etofenamate may increase the neuroexcitatory activities of Levofloxacin.
Diclofenac,Levofloxacin,Diclofenac may increase the neuroexcitatory activities of Levofloxacin.
Nepafenac,Levofloxacin,Nepafenac may increase the neuroexcitatory activities of Levofloxacin.
Sulfasalazine,Levofloxacin,Sulfasalazine may increase the neuroexcitatory activities of Levofloxacin.
Benzydamine,Levofloxacin,Benzydamine may increase the neuroexcitatory activities of Levofloxacin.
Ketoprofen,Levofloxacin,Ketoprofen may increase the neuroexcitatory activities of Levofloxacin.
Mefenamic acid,Levofloxacin,Mefenamic acid may increase the neuroexcitatory activities of Levofloxacin.
Adapalene,Levofloxacin,Adapalene may increase the neuroexcitatory activities of Levofloxacin.
Magnesium salicylate,Levofloxacin,The serum concentration of Levofloxacin can be decreased when it is combined with Magnesium salicylate.
Quinapril,Levofloxacin,The serum concentration of Levofloxacin can be decreased when it is combined with Quinapril.
Ribociclib,Levofloxacin,The risk or severity of QTc prolongation can be increased when Ribociclib is combined with Levofloxacin.
Theophylline,Levofloxacin,The metabolism of Levofloxacin can be decreased when combined with Theophylline.
Dyphylline,Levofloxacin,The metabolism of Levofloxacin can be decreased when combined with Dyphylline.
Aminophylline,Levofloxacin,The metabolism of Levofloxacin can be decreased when combined with Aminophylline.
Varenicline,Levofloxacin,The serum concentration of Levofloxacin can be increased when it is combined with Varenicline.
Iron sucrose,Levofloxacin,The serum concentration of Levofloxacin can be decreased when it is combined with Iron sucrose.
Iron,Levofloxacin,The serum concentration of Levofloxacin can be decreased when it is combined with Iron.
Ferric pyrophosphate,Levofloxacin,The serum concentration of Levofloxacin can be decreased when it is combined with Ferric pyrophosphate.
Lanthanum carbonate,Levofloxacin,The serum concentration of Levofloxacin can be decreased when it is combined with Lanthanum carbonate.
Strontium ranelate,Levofloxacin,The serum concentration of Levofloxacin can be decreased when it is combined with Strontium ranelate.
Quinidine,Levofloxacin,Quinidine may increase the QTc-prolonging activities of Levofloxacin.
Lopinavir,Levofloxacin,Lopinavir may increase the QTc-prolonging activities of Levofloxacin.
Ubidecarenone,Levofloxacin,The serum concentration of Levofloxacin can be increased when it is combined with Ubidecarenone.
Ranolazine,Levofloxacin,The serum concentration of Levofloxacin can be increased when it is combined with Ranolazine.
Citalopram,Levofloxacin,Citalopram may increase the QTc-prolonging activities of Levofloxacin.
Amiodarone,Levofloxacin,Amiodarone may increase the QTc-prolonging activities of Levofloxacin.
Clarithromycin,Levofloxacin,Clarithromycin may increase the QTc-prolonging activities of Levofloxacin.
Ziprasidone,Levofloxacin,Ziprasidone may increase the QTc-prolonging activities of Levofloxacin.
Dronedarone,Levofloxacin,Dronedarone may increase the QTc-prolonging activities of Levofloxacin.
Lumefantrine,Levofloxacin,Lumefantrine may increase the QTc-prolonging activities of Levofloxacin.
Fluoxetine,Levofloxacin,Fluoxetine may increase the QTc-prolonging activities of Levofloxacin.
Artemether,Levofloxacin,Artemether may increase the QTc-prolonging activities of Levofloxacin.
Eliglustat,Levofloxacin,Eliglustat may increase the QTc-prolonging activities of Levofloxacin.
Saquinavir,Levofloxacin,Saquinavir may increase the QTc-prolonging activities of Levofloxacin.
Lovastatin,Levofloxacin,The serum concentration of Levofloxacin can be increased when it is combined with Lovastatin.
Dihydroergotamine,Levofloxacin,The risk or severity of adverse effects can be increased when Dihydroergotamine is combined with Levofloxacin.
Tetrabenazine,Levofloxacin,Tetrabenazine may increase the QTc-prolonging activities of Levofloxacin.
Pimozide,Levofloxacin,Pimozide may increase the QTc-prolonging activities of Levofloxacin.
Asenapine,Levofloxacin,Asenapine may increase the QTc-prolonging activities of Levofloxacin.
Quetiapine,Levofloxacin,Quetiapine may increase the QTc-prolonging activities of Levofloxacin.
Iloperidone,Levofloxacin,Iloperidone may increase the QTc-prolonging activities of Levofloxacin.
Paliperidone,Levofloxacin,Paliperidone may increase the QTc-prolonging activities of Levofloxacin.
Flupentixol,Levofloxacin,Flupentixol may increase the QTc-prolonging activities of Levofloxacin.
Zuclopenthixol,Levofloxacin,Zuclopenthixol may increase the QTc-prolonging activities of Levofloxacin.
Thioridazine,Levofloxacin,Thioridazine may increase the QTc-prolonging activities of Levofloxacin.
Lisuride,Levofloxacin,The risk or severity of adverse effects can be increased when Lisuride is combined with Levofloxacin.
Ergometrine,Levofloxacin,The risk or severity of adverse effects can be increased when Ergometrine is combined with Levofloxacin.
Methylergometrine,Levofloxacin,The risk or severity of adverse effects can be increased when Methylergometrine is combined with Levofloxacin.
Ergotamine,Levofloxacin,The risk or severity of adverse effects can be increased when Ergotamine is combined with Levofloxacin.
Pergolide,Levofloxacin,The risk or severity of adverse effects can be increased when Pergolide is combined with Levofloxacin.
Domperidone,Levofloxacin,Domperidone may increase the QTc-prolonging activities of Levofloxacin.
Dofetilide,Levofloxacin,Dofetilide may increase the QTc-prolonging activities of Levofloxacin.
Cisapride,Levofloxacin,Cisapride may increase the QTc-prolonging activities of Levofloxacin.
Telavancin,Levofloxacin,Telavancin may increase the QTc-prolonging activities of Levofloxacin.
Bedaquiline,Levofloxacin,Bedaquiline may increase the QTc-prolonging activities of Levofloxacin.
Ibutilide,Levofloxacin,Ibutilide may increase the QTc-prolonging activities of Levofloxacin.
Propafenone,Levofloxacin,Propafenone may increase the QTc-prolonging activities of Levofloxacin.
Flecainide,Levofloxacin,Flecainide may increase the QTc-prolonging activities of Levofloxacin.
Procainamide,Levofloxacin,Procainamide may increase the QTc-prolonging activities of Levofloxacin.
Escitalopram,Levofloxacin,Escitalopram may increase the QTc-prolonging activities of Levofloxacin.
Tacrolimus,Levofloxacin,Tacrolimus may increase the QTc-prolonging activities of Levofloxacin.
Rilpivirine,Levofloxacin,The serum concentration of Levofloxacin can be increased when it is combined with Rilpivirine.
Nicergoline,Levofloxacin,The risk or severity of adverse effects can be increased when Nicergoline is combined with Levofloxacin.
Pravastatin,Levofloxacin,The serum concentration of Levofloxacin can be increased when it is combined with Pravastatin.
Simvastatin,Levofloxacin,The serum concentration of Levofloxacin can be increased when it is combined with Simvastatin.
Pitavastatin,Levofloxacin,The serum concentration of Levofloxacin can be increased when it is combined with Pitavastatin.
Fluvastatin,Levofloxacin,The serum concentration of Levofloxacin can be increased when it is combined with Fluvastatin.
Rosuvastatin,Levofloxacin,The serum concentration of Levofloxacin can be increased when it is combined with Rosuvastatin.
Methysergide,Levofloxacin,The risk or severity of adverse effects can be increased when Methysergide is combined with Levofloxacin.
Tolvaptan,Levofloxacin,The serum concentration of Levofloxacin can be increased when it is combined with Tolvaptan.
Tiaprofenic acid,Trovafloxacin,Tiaprofenic acid may increase the neuroexcitatory activities of Trovafloxacin.
Carprofen,Trovafloxacin,Carprofen may increase the neuroexcitatory activities of Trovafloxacin.
Cyclophosphamide,Trovafloxacin,Cyclophosphamide may increase the cardiotoxic activities of Trovafloxacin.
Paclitaxel,Trovafloxacin,The risk or severity of adverse effects can be increased when Paclitaxel is combined with Trovafloxacin.
Docetaxel,Trovafloxacin,The risk or severity of adverse effects can be increased when Docetaxel is combined with Trovafloxacin.
Cabazitaxel,Trovafloxacin,The risk or severity of adverse effects can be increased when Cabazitaxel is combined with Trovafloxacin.
Acarbose,Trovafloxacin,Acarbose may increase the hypoglycemic activities of Trovafloxacin.
Sunitinib,Trovafloxacin,Sunitinib may increase the hypoglycemic activities of Trovafloxacin.
Prednisolone,Trovafloxacin,The risk or severity of adverse effects can be increased when Prednisolone is combined with Trovafloxacin.
Dexamethasone,Trovafloxacin,The risk or severity of adverse effects can be increased when Dexamethasone is combined with Trovafloxacin.
Prednisone,Trovafloxacin,The risk or severity of adverse effects can be increased when Prednisone is combined with Trovafloxacin.
Methylprednisolone,Trovafloxacin,The risk or severity of adverse effects can be increased when Methylprednisolone is combined with Trovafloxacin.
Formestane,Trovafloxacin,The risk or severity of adverse effects can be increased when Formestane is combined with Trovafloxacin.
Sucralfate,Trovafloxacin,The serum concentration of Trovafloxacin can be decreased when it is combined with Sucralfate.
Mesalazine,Trovafloxacin,Mesalazine may increase the neuroexcitatory activities of Trovafloxacin.
Balsalazide,Trovafloxacin,Balsalazide may increase the neuroexcitatory activities of Trovafloxacin.
Olsalazine,Trovafloxacin,Olsalazine may increase the neuroexcitatory activities of Trovafloxacin.
Resveratrol,Trovafloxacin,Resveratrol may increase the neuroexcitatory activities of Trovafloxacin.
Masoprocol,Trovafloxacin,Masoprocol may increase the neuroexcitatory activities of Trovafloxacin.
Sulindac,Trovafloxacin,Sulindac may increase the neuroexcitatory activities of Trovafloxacin.
Pirfenidone,Trovafloxacin,Pirfenidone may increase the neuroexcitatory activities of Trovafloxacin.
Mycophenolate mofetil,Trovafloxacin,Mycophenolate mofetil may increase the neuroexcitatory activities of Trovafloxacin.
Leflunomide,Trovafloxacin,Leflunomide may increase the neuroexcitatory activities of Trovafloxacin.
Vemurafenib,Trovafloxacin,The risk or severity of QTc prolongation can be increased when Vemurafenib is combined with Trovafloxacin.
Warfarin,Trovafloxacin,Warfarin may increase the anticoagulant activities of Trovafloxacin.
Phenprocoumon,Trovafloxacin,Phenprocoumon may increase the anticoagulant activities of Trovafloxacin.
Phenindione,Trovafloxacin,Phenindione may increase the anticoagulant activities of Trovafloxacin.
Acenocoumarol,Trovafloxacin,Acenocoumarol may increase the anticoagulant activities of Trovafloxacin.
Dicoumarol,Trovafloxacin,Dicoumarol may increase the anticoagulant activities of Trovafloxacin.
Nafamostat,Trovafloxacin,Nafamostat may increase the neuroexcitatory activities of Trovafloxacin.
Rosiglitazone,Trovafloxacin,Rosiglitazone may increase the hypoglycemic activities of Trovafloxacin.
Nimesulide,Trovafloxacin,Nimesulide may increase the neuroexcitatory activities of Trovafloxacin.
Acetylsalicylic acid,Trovafloxacin,Acetylsalicylic acid may increase the neuroexcitatory activities of Trovafloxacin.
Diflunisal,Trovafloxacin,Diflunisal may increase the neuroexcitatory activities of Trovafloxacin.
Azelastine,Trovafloxacin,Azelastine may increase the neuroexcitatory activities of Trovafloxacin.
Tranilast,Trovafloxacin,Tranilast may increase the neuroexcitatory activities of Trovafloxacin.
Sulfisoxazole,Trovafloxacin,Sulfisoxazole may increase the hypoglycemic activities of Trovafloxacin.
Chlorpropamide,Trovafloxacin,Chlorpropamide may increase the hypoglycemic activities of Trovafloxacin.
Canagliflozin,Trovafloxacin,Canagliflozin may increase the hypoglycemic activities of Trovafloxacin.
Pentamidine,Trovafloxacin,Pentamidine may increase the hypoglycemic activities of Trovafloxacin.
Glipizide,Trovafloxacin,Glipizide may increase the hypoglycemic activities of Trovafloxacin.
Disopyramide,Trovafloxacin,Disopyramide may increase the hypoglycemic activities of Trovafloxacin.
Tolbutamide,Trovafloxacin,Tolbutamide may increase the hypoglycemic activities of Trovafloxacin.
Miglitol,Trovafloxacin,Miglitol may increase the hypoglycemic activities of Trovafloxacin.
Sulfamethoxazole,Trovafloxacin,Sulfamethoxazole may increase the hypoglycemic activities of Trovafloxacin.
Sitagliptin,Trovafloxacin,Sitagliptin may increase the hypoglycemic activities of Trovafloxacin.
Dapagliflozin,Trovafloxacin,Dapagliflozin may increase the hypoglycemic activities of Trovafloxacin.
Alogliptin,Trovafloxacin,Alogliptin may increase the hypoglycemic activities of Trovafloxacin.
Saxagliptin,Trovafloxacin,Saxagliptin may increase the hypoglycemic activities of Trovafloxacin.
Sulfadiazine,Trovafloxacin,Sulfadiazine may increase the hypoglycemic activities of Trovafloxacin.
Nateglinide,Trovafloxacin,Nateglinide may increase the hypoglycemic activities of Trovafloxacin.
Gliclazide,Trovafloxacin,Gliclazide may increase the hypoglycemic activities of Trovafloxacin.
Pioglitazone,Trovafloxacin,Pioglitazone may increase the hypoglycemic activities of Trovafloxacin.
Mifepristone,Trovafloxacin,Mifepristone may increase the hypoglycemic activities of Trovafloxacin.
Quinine,Trovafloxacin,Quinine may increase the hypoglycemic activities of Trovafloxacin.
Metformin,Trovafloxacin,Metformin may increase the hypoglycemic activities of Trovafloxacin.
Tolazamide,Trovafloxacin,Tolazamide may increase the hypoglycemic activities of Trovafloxacin.
Glimepiride,Trovafloxacin,Glimepiride may increase the hypoglycemic activities of Trovafloxacin.
Empagliflozin,Trovafloxacin,Empagliflozin may increase the hypoglycemic activities of Trovafloxacin.
Repaglinide,Trovafloxacin,Repaglinide may increase the hypoglycemic activities of Trovafloxacin.
Glyburide,Trovafloxacin,Glyburide may increase the hypoglycemic activities of Trovafloxacin.
Bromocriptine,Trovafloxacin,Bromocriptine may increase the hypoglycemic activities of Trovafloxacin.
Seratrodast,Trovafloxacin,Seratrodast may increase the neuroexcitatory activities of Trovafloxacin.
Chloroquine,Trovafloxacin,Chloroquine may increase the neuroexcitatory activities of Trovafloxacin.
Celecoxib,Trovafloxacin,Celecoxib may increase the neuroexcitatory activities of Trovafloxacin.
Salicylic acid,Trovafloxacin,Salicylic acid may increase the neuroexcitatory activities of Trovafloxacin.
Naftifine,Trovafloxacin,Naftifine may increase the neuroexcitatory activities of Trovafloxacin.
Fluticasone propionate,Trovafloxacin,The risk or severity of adverse effects can be increased when Fluticasone propionate is combined with Trovafloxacin.
Magnesium sulfate,Trovafloxacin,The serum concentration of Trovafloxacin can be decreased when it is combined with Magnesium sulfate.
Olopatadine,Trovafloxacin,Olopatadine may increase the neuroexcitatory activities of Trovafloxacin.
Fluticasone furoate,Trovafloxacin,The risk or severity of adverse effects can be increased when Fluticasone furoate is combined with Trovafloxacin.
Prasterone,Trovafloxacin,The risk or severity of adverse effects can be increased when Prasterone is combined with Trovafloxacin.
Diflorasone,Trovafloxacin,The risk or severity of adverse effects can be increased when Diflorasone is combined with Trovafloxacin.
Flumethasone,Trovafloxacin,The risk or severity of adverse effects can be increased when Flumethasone is combined with Trovafloxacin.
Desoximetasone,Trovafloxacin,The risk or severity of adverse effects can be increased when Desoximetasone is combined with Trovafloxacin.
Mometasone,Trovafloxacin,The risk or severity of adverse effects can be increased when Mometasone is combined with Trovafloxacin.
Clobetasol propionate,Trovafloxacin,The risk or severity of adverse effects can be increased when Clobetasol propionate is combined with Trovafloxacin.
Estrone,Trovafloxacin,The risk or severity of adverse effects can be increased when Estrone is combined with Trovafloxacin.
Difluprednate,Trovafloxacin,The risk or severity of adverse effects can be increased when Difluprednate is combined with Trovafloxacin.
Fluprednidene,Trovafloxacin,The risk or severity of adverse effects can be increased when Fluprednidene is combined with Trovafloxacin.
Beclomethasone dipropionate,Trovafloxacin,The risk or severity of adverse effects can be increased when Beclomethasone dipropionate is combined with Trovafloxacin.
Tixocortol,Trovafloxacin,The risk or severity of adverse effects can be increased when Tixocortol is combined with Trovafloxacin.
Fluocinonide,Trovafloxacin,The risk or severity of adverse effects can be increased when Fluocinonide is combined with Trovafloxacin.
Ciclesonide,Trovafloxacin,The risk or severity of adverse effects can be increased when Ciclesonide is combined with Trovafloxacin.
Cortisone acetate,Trovafloxacin,The risk or severity of adverse effects can be increased when Cortisone acetate is combined with Trovafloxacin.
Alclometasone,Trovafloxacin,The risk or severity of adverse effects can be increased when Alclometasone is combined with Trovafloxacin.
Fludrocortisone,Trovafloxacin,The risk or severity of adverse effects can be increased when Fludrocortisone is combined with Trovafloxacin.
Flunisolide,Trovafloxacin,The risk or severity of adverse effects can be increased when Flunisolide is combined with Trovafloxacin.
Triamcinolone,Trovafloxacin,The risk or severity of adverse effects can be increased when Triamcinolone is combined with Trovafloxacin.
Fluocinolone acetonide,Trovafloxacin,The risk or severity of adverse effects can be increased when Fluocinolone acetonide is combined with Trovafloxacin.
Paramethasone,Trovafloxacin,The risk or severity of adverse effects can be increased when Paramethasone is combined with Trovafloxacin.
Prednicarbate,Trovafloxacin,The risk or severity of adverse effects can be increased when Prednicarbate is combined with Trovafloxacin.
Rimexolone,Trovafloxacin,The risk or severity of adverse effects can be increased when Rimexolone is combined with Trovafloxacin.
Betamethasone,Trovafloxacin,The risk or severity of adverse effects can be increased when Betamethasone is combined with Trovafloxacin.
Deflazacort,Trovafloxacin,The risk or severity of adverse effects can be increased when Deflazacort is combined with Trovafloxacin.
Desonide,Trovafloxacin,The risk or severity of adverse effects can be increased when Desonide is combined with Trovafloxacin.
Amcinonide,Trovafloxacin,The risk or severity of adverse effects can be increased when Amcinonide is combined with Trovafloxacin.
Estrone sulfate,Trovafloxacin,The risk or severity of adverse effects can be increased when Estrone sulfate is combined with Trovafloxacin.
Equilin,Trovafloxacin,The risk or severity of adverse effects can be increased when Equilin is combined with Trovafloxacin.
Ulobetasol,Trovafloxacin,The risk or severity of adverse effects can be increased when Ulobetasol is combined with Trovafloxacin.
Loteprednol,Trovafloxacin,The risk or severity of adverse effects can be increased when Loteprednol is combined with Trovafloxacin.
Halcinonide,Trovafloxacin,The risk or severity of adverse effects can be increased when Halcinonide is combined with Trovafloxacin.
Fluocortolone,Trovafloxacin,The risk or severity of adverse effects can be increased when Fluocortolone is combined with Trovafloxacin.
Flurandrenolide,Trovafloxacin,The risk or severity of adverse effects can be increased when Flurandrenolide is combined with Trovafloxacin.
Budesonide,Trovafloxacin,The risk or severity of adverse effects can be increased when Budesonide is combined with Trovafloxacin.
Difluocortolone,Trovafloxacin,The risk or severity of adverse effects can be increased when Difluocortolone is combined with Trovafloxacin.
Medrysone,Trovafloxacin,The risk or severity of adverse effects can be increased when Medrysone is combined with Trovafloxacin.
Clocortolone,Trovafloxacin,The risk or severity of adverse effects can be increased when Clocortolone is combined with Trovafloxacin.
Hydrocortisone,Trovafloxacin,The risk or severity of adverse effects can be increased when Hydrocortisone is combined with Trovafloxacin.
Fluorometholone,Trovafloxacin,The risk or severity of adverse effects can be increased when Fluorometholone is combined with Trovafloxacin.
Clobetasone,Trovafloxacin,The risk or severity of adverse effects can be increased when Clobetasone is combined with Trovafloxacin.
Fenbufen,Trovafloxacin,Fenbufen may increase the neuroexcitatory activities of Trovafloxacin.
Meclofenamic acid,Trovafloxacin,Meclofenamic acid may increase the neuroexcitatory activities of Trovafloxacin.
Lumiracoxib,Trovafloxacin,Lumiracoxib may increase the neuroexcitatory activities of Trovafloxacin.
Tolmetin,Trovafloxacin,Tolmetin may increase the neuroexcitatory activities of Trovafloxacin.
Tenoxicam,Trovafloxacin,Tenoxicam may increase the neuroexcitatory activities of Trovafloxacin.
Choline magnesium trisalicylate,Trovafloxacin,Choline magnesium trisalicylate may increase the neuroexcitatory activities of Trovafloxacin.
Etoricoxib,Trovafloxacin,Etoricoxib may increase the neuroexcitatory activities of Trovafloxacin.
Suprofen,Trovafloxacin,Suprofen may increase the neuroexcitatory activities of Trovafloxacin.
Flurbiprofen,Trovafloxacin,Flurbiprofen may increase the neuroexcitatory activities of Trovafloxacin.
Indomethacin,Trovafloxacin,Indomethacin may increase the neuroexcitatory activities of Trovafloxacin.
Oxyphenbutazone,Trovafloxacin,Oxyphenbutazone may increase the neuroexcitatory activities of Trovafloxacin.
Icatibant,Trovafloxacin,Icatibant may increase the neuroexcitatory activities of Trovafloxacin.
Alclofenac,Trovafloxacin,Alclofenac may increase the neuroexcitatory activities of Trovafloxacin.
Etodolac,Trovafloxacin,Etodolac may increase the neuroexcitatory activities of Trovafloxacin.
Droxicam,Trovafloxacin,Droxicam may increase the neuroexcitatory activities of Trovafloxacin.
Apremilast,Trovafloxacin,Apremilast may increase the neuroexcitatory activities of Trovafloxacin.
Tolfenamic acid,Trovafloxacin,Tolfenamic acid may increase the neuroexcitatory activities of Trovafloxacin.
Lornoxicam,Trovafloxacin,Lornoxicam may increase the neuroexcitatory activities of Trovafloxacin.
Bromfenac,Trovafloxacin,Bromfenac may increase the neuroexcitatory activities of Trovafloxacin.
Propacetamol,Trovafloxacin,Propacetamol may increase the neuroexcitatory activities of Trovafloxacin.
Parecoxib,Trovafloxacin,Parecoxib may increase the neuroexcitatory activities of Trovafloxacin.
Phenylbutazone,Trovafloxacin,Phenylbutazone may increase the neuroexcitatory activities of Trovafloxacin.
Acemetacin,Trovafloxacin,Acemetacin may increase the neuroexcitatory activities of Trovafloxacin.
Teriflunomide,Trovafloxacin,Teriflunomide may increase the neuroexcitatory activities of Trovafloxacin.
Nabumetone,Trovafloxacin,Nabumetone may increase the neuroexcitatory activities of Trovafloxacin.
Epirizole,Trovafloxacin,Epirizole may increase the neuroexcitatory activities of Trovafloxacin.
Ketorolac,Trovafloxacin,Ketorolac may increase the neuroexcitatory activities of Trovafloxacin.
Salsalate,Trovafloxacin,Salsalate may increase the neuroexcitatory activities of Trovafloxacin.
Aceclofenac,Trovafloxacin,Aceclofenac may increase the neuroexcitatory activities of Trovafloxacin.
Niflumic acid,Trovafloxacin,Niflumic acid may increase the neuroexcitatory activities of Trovafloxacin.
Zaltoprofen,Trovafloxacin,Zaltoprofen may increase the neuroexcitatory activities of Trovafloxacin.
Naproxen,Trovafloxacin,Naproxen may increase the neuroexcitatory activities of Trovafloxacin.
Pimecrolimus,Trovafloxacin,Pimecrolimus may increase the neuroexcitatory activities of Trovafloxacin.
Antipyrine,Trovafloxacin,Antipyrine may increase the neuroexcitatory activities of Trovafloxacin.
Meloxicam,Trovafloxacin,Meloxicam may increase the neuroexcitatory activities of Trovafloxacin.
Clonixin,Trovafloxacin,Clonixin may increase the neuroexcitatory activities of Trovafloxacin.
Piroxicam,Trovafloxacin,Piroxicam may increase the neuroexcitatory activities of Trovafloxacin.
Fenoprofen,Trovafloxacin,Fenoprofen may increase the neuroexcitatory activities of Trovafloxacin.
Oxaprozin,Trovafloxacin,Oxaprozin may increase the neuroexcitatory activities of Trovafloxacin.
Salicylamide,Trovafloxacin,Salicylamide may increase the neuroexcitatory activities of Trovafloxacin.
Loxoprofen,Trovafloxacin,Loxoprofen may increase the neuroexcitatory activities of Trovafloxacin.
Zileuton,Trovafloxacin,Zileuton may increase the neuroexcitatory activities of Trovafloxacin.
Floctafenine,Trovafloxacin,Floctafenine may increase the neuroexcitatory activities of Trovafloxacin.
Ibuprofen,Trovafloxacin,Ibuprofen may increase the neuroexcitatory activities of Trovafloxacin.
Etofenamate,Trovafloxacin,Etofenamate may increase the neuroexcitatory activities of Trovafloxacin.
Diclofenac,Trovafloxacin,Diclofenac may increase the neuroexcitatory activities of Trovafloxacin.
Nepafenac,Trovafloxacin,Nepafenac may increase the neuroexcitatory activities of Trovafloxacin.
Sulfasalazine,Trovafloxacin,Sulfasalazine may increase the neuroexcitatory activities of Trovafloxacin.
Benzydamine,Trovafloxacin,Benzydamine may increase the neuroexcitatory activities of Trovafloxacin.
Ketoprofen,Trovafloxacin,Ketoprofen may increase the neuroexcitatory activities of Trovafloxacin.
Mefenamic acid,Trovafloxacin,Mefenamic acid may increase the neuroexcitatory activities of Trovafloxacin.
Adapalene,Trovafloxacin,Adapalene may increase the neuroexcitatory activities of Trovafloxacin.
Magnesium salicylate,Trovafloxacin,The serum concentration of Trovafloxacin can be decreased when it is combined with Magnesium salicylate.
Quinapril,Trovafloxacin,The serum concentration of Trovafloxacin can be decreased when it is combined with Quinapril.
Theophylline,Trovafloxacin,The metabolism of Trovafloxacin can be decreased when combined with Theophylline.
Dyphylline,Trovafloxacin,The metabolism of Trovafloxacin can be decreased when combined with Dyphylline.
Aminophylline,Trovafloxacin,The metabolism of Trovafloxacin can be decreased when combined with Aminophylline.
Varenicline,Trovafloxacin,The serum concentration of Trovafloxacin can be increased when it is combined with Varenicline.
Iron sucrose,Trovafloxacin,The serum concentration of Trovafloxacin can be decreased when it is combined with Iron sucrose.
Iron,Trovafloxacin,The serum concentration of Trovafloxacin can be decreased when it is combined with Iron.
Ferric pyrophosphate,Trovafloxacin,The serum concentration of Trovafloxacin can be decreased when it is combined with Ferric pyrophosphate.
Lanthanum carbonate,Trovafloxacin,The serum concentration of Trovafloxacin can be decreased when it is combined with Lanthanum carbonate.
Strontium ranelate,Trovafloxacin,The serum concentration of Trovafloxacin can be decreased when it is combined with Strontium ranelate.
Tiaprofenic acid,Nalidixic acid,Tiaprofenic acid may increase the neuroexcitatory activities of Nalidixic acid.
Carprofen,Nalidixic acid,Carprofen may increase the neuroexcitatory activities of Nalidixic acid.
Cyclophosphamide,Nalidixic acid,Cyclophosphamide may increase the cardiotoxic activities of Nalidixic acid.
Paclitaxel,Nalidixic acid,The risk or severity of adverse effects can be increased when Paclitaxel is combined with Nalidixic acid.
Docetaxel,Nalidixic acid,The risk or severity of adverse effects can be increased when Docetaxel is combined with Nalidixic acid.
Cabazitaxel,Nalidixic acid,The risk or severity of adverse effects can be increased when Cabazitaxel is combined with Nalidixic acid.
Acarbose,Nalidixic acid,Acarbose may increase the hypoglycemic activities of Nalidixic acid.
Sunitinib,Nalidixic acid,Sunitinib may increase the hypoglycemic activities of Nalidixic acid.
Prednisolone,Nalidixic acid,The risk or severity of adverse effects can be increased when Prednisolone is combined with Nalidixic acid.
Dexamethasone,Nalidixic acid,The risk or severity of adverse effects can be increased when Dexamethasone is combined with Nalidixic acid.
Prednisone,Nalidixic acid,The risk or severity of adverse effects can be increased when Prednisone is combined with Nalidixic acid.
Methylprednisolone,Nalidixic acid,The risk or severity of adverse effects can be increased when Methylprednisolone is combined with Nalidixic acid.
Formestane,Nalidixic acid,The risk or severity of adverse effects can be increased when Formestane is combined with Nalidixic acid.
Sucralfate,Nalidixic acid,The serum concentration of Nalidixic acid can be decreased when it is combined with Sucralfate.
Mesalazine,Nalidixic acid,Mesalazine may increase the neuroexcitatory activities of Nalidixic acid.
Balsalazide,Nalidixic acid,Balsalazide may increase the neuroexcitatory activities of Nalidixic acid.
Olsalazine,Nalidixic acid,Olsalazine may increase the neuroexcitatory activities of Nalidixic acid.
Resveratrol,Nalidixic acid,Resveratrol may increase the neuroexcitatory activities of Nalidixic acid.
Masoprocol,Nalidixic acid,Masoprocol may increase the neuroexcitatory activities of Nalidixic acid.
Sulindac,Nalidixic acid,Sulindac may increase the neuroexcitatory activities of Nalidixic acid.
Pirfenidone,Nalidixic acid,Pirfenidone may increase the neuroexcitatory activities of Nalidixic acid.
Mycophenolate mofetil,Nalidixic acid,Mycophenolate mofetil may increase the neuroexcitatory activities of Nalidixic acid.
Leflunomide,Nalidixic acid,Leflunomide may increase the neuroexcitatory activities of Nalidixic acid.
Vemurafenib,Nalidixic acid,The risk or severity of QTc prolongation can be increased when Vemurafenib is combined with Nalidixic acid.
Warfarin,Nalidixic acid,Warfarin may increase the anticoagulant activities of Nalidixic acid.
Phenprocoumon,Nalidixic acid,Phenprocoumon may increase the anticoagulant activities of Nalidixic acid.
Phenindione,Nalidixic acid,Phenindione may increase the anticoagulant activities of Nalidixic acid.
Acenocoumarol,Nalidixic acid,Acenocoumarol may increase the anticoagulant activities of Nalidixic acid.
Dicoumarol,Nalidixic acid,Dicoumarol may increase the anticoagulant activities of Nalidixic acid.
Nafamostat,Nalidixic acid,Nafamostat may increase the neuroexcitatory activities of Nalidixic acid.
Rosiglitazone,Nalidixic acid,Rosiglitazone may increase the hypoglycemic activities of Nalidixic acid.
Nimesulide,Nalidixic acid,Nimesulide may increase the neuroexcitatory activities of Nalidixic acid.
Acetylsalicylic acid,Nalidixic acid,Acetylsalicylic acid may increase the neuroexcitatory activities of Nalidixic acid.
Diflunisal,Nalidixic acid,Diflunisal may increase the neuroexcitatory activities of Nalidixic acid.
Azelastine,Nalidixic acid,Azelastine may increase the neuroexcitatory activities of Nalidixic acid.
Tranilast,Nalidixic acid,Tranilast may increase the neuroexcitatory activities of Nalidixic acid.
Sulfisoxazole,Nalidixic acid,Sulfisoxazole may increase the hypoglycemic activities of Nalidixic acid.
Chlorpropamide,Nalidixic acid,Chlorpropamide may increase the hypoglycemic activities of Nalidixic acid.
Canagliflozin,Nalidixic acid,Canagliflozin may increase the hypoglycemic activities of Nalidixic acid.
Pentamidine,Nalidixic acid,Pentamidine may increase the hypoglycemic activities of Nalidixic acid.
Glipizide,Nalidixic acid,Glipizide may increase the hypoglycemic activities of Nalidixic acid.
Disopyramide,Nalidixic acid,Disopyramide may increase the hypoglycemic activities of Nalidixic acid.
Tolbutamide,Nalidixic acid,Tolbutamide may increase the hypoglycemic activities of Nalidixic acid.
Miglitol,Nalidixic acid,Miglitol may increase the hypoglycemic activities of Nalidixic acid.
Sulfamethoxazole,Nalidixic acid,Sulfamethoxazole may increase the hypoglycemic activities of Nalidixic acid.
Sitagliptin,Nalidixic acid,Sitagliptin may increase the hypoglycemic activities of Nalidixic acid.
Dapagliflozin,Nalidixic acid,Dapagliflozin may increase the hypoglycemic activities of Nalidixic acid.
Alogliptin,Nalidixic acid,Alogliptin may increase the hypoglycemic activities of Nalidixic acid.
Saxagliptin,Nalidixic acid,Saxagliptin may increase the hypoglycemic activities of Nalidixic acid.
Sulfadiazine,Nalidixic acid,Sulfadiazine may increase the hypoglycemic activities of Nalidixic acid.
Nateglinide,Nalidixic acid,Nateglinide may increase the hypoglycemic activities of Nalidixic acid.
Gliclazide,Nalidixic acid,Gliclazide may increase the hypoglycemic activities of Nalidixic acid.
Pioglitazone,Nalidixic acid,Pioglitazone may increase the hypoglycemic activities of Nalidixic acid.
Mifepristone,Nalidixic acid,Mifepristone may increase the hypoglycemic activities of Nalidixic acid.
Quinine,Nalidixic acid,Quinine may increase the hypoglycemic activities of Nalidixic acid.
Metformin,Nalidixic acid,Metformin may increase the hypoglycemic activities of Nalidixic acid.
Tolazamide,Nalidixic acid,Tolazamide may increase the hypoglycemic activities of Nalidixic acid.
Glimepiride,Nalidixic acid,Glimepiride may increase the hypoglycemic activities of Nalidixic acid.
Empagliflozin,Nalidixic acid,Empagliflozin may increase the hypoglycemic activities of Nalidixic acid.
Repaglinide,Nalidixic acid,Repaglinide may increase the hypoglycemic activities of Nalidixic acid.
Glyburide,Nalidixic acid,Glyburide may increase the hypoglycemic activities of Nalidixic acid.
Bromocriptine,Nalidixic acid,Bromocriptine may increase the hypoglycemic activities of Nalidixic acid.
Seratrodast,Nalidixic acid,Seratrodast may increase the neuroexcitatory activities of Nalidixic acid.
Chloroquine,Nalidixic acid,Chloroquine may increase the neuroexcitatory activities of Nalidixic acid.
Celecoxib,Nalidixic acid,Celecoxib may increase the neuroexcitatory activities of Nalidixic acid.
Salicylic acid,Nalidixic acid,Salicylic acid may increase the neuroexcitatory activities of Nalidixic acid.
Naftifine,Nalidixic acid,Naftifine may increase the neuroexcitatory activities of Nalidixic acid.
Fluticasone propionate,Nalidixic acid,The risk or severity of adverse effects can be increased when Fluticasone propionate is combined with Nalidixic acid.
Magnesium sulfate,Nalidixic acid,The serum concentration of Nalidixic acid can be decreased when it is combined with Magnesium sulfate.
Olopatadine,Nalidixic acid,Olopatadine may increase the neuroexcitatory activities of Nalidixic acid.
Fluticasone furoate,Nalidixic acid,The risk or severity of adverse effects can be increased when Fluticasone furoate is combined with Nalidixic acid.
Prasterone,Nalidixic acid,The risk or severity of adverse effects can be increased when Prasterone is combined with Nalidixic acid.
Diflorasone,Nalidixic acid,The risk or severity of adverse effects can be increased when Diflorasone is combined with Nalidixic acid.
Flumethasone,Nalidixic acid,The risk or severity of adverse effects can be increased when Flumethasone is combined with Nalidixic acid.
Desoximetasone,Nalidixic acid,The risk or severity of adverse effects can be increased when Desoximetasone is combined with Nalidixic acid.
Mometasone,Nalidixic acid,The risk or severity of adverse effects can be increased when Mometasone is combined with Nalidixic acid.
Clobetasol propionate,Nalidixic acid,The risk or severity of adverse effects can be increased when Clobetasol propionate is combined with Nalidixic acid.
Estrone,Nalidixic acid,The risk or severity of adverse effects can be increased when Estrone is combined with Nalidixic acid.
Difluprednate,Nalidixic acid,The risk or severity of adverse effects can be increased when Difluprednate is combined with Nalidixic acid.
Fluprednidene,Nalidixic acid,The risk or severity of adverse effects can be increased when Fluprednidene is combined with Nalidixic acid.
Beclomethasone dipropionate,Nalidixic acid,The risk or severity of adverse effects can be increased when Beclomethasone dipropionate is combined with Nalidixic acid.
Tixocortol,Nalidixic acid,The risk or severity of adverse effects can be increased when Tixocortol is combined with Nalidixic acid.
Fluocinonide,Nalidixic acid,The risk or severity of adverse effects can be increased when Fluocinonide is combined with Nalidixic acid.
Ciclesonide,Nalidixic acid,The risk or severity of adverse effects can be increased when Ciclesonide is combined with Nalidixic acid.
Cortisone acetate,Nalidixic acid,The risk or severity of adverse effects can be increased when Cortisone acetate is combined with Nalidixic acid.
Alclometasone,Nalidixic acid,The risk or severity of adverse effects can be increased when Alclometasone is combined with Nalidixic acid.
Fludrocortisone,Nalidixic acid,The risk or severity of adverse effects can be increased when Fludrocortisone is combined with Nalidixic acid.
Flunisolide,Nalidixic acid,The risk or severity of adverse effects can be increased when Flunisolide is combined with Nalidixic acid.
Triamcinolone,Nalidixic acid,The risk or severity of adverse effects can be increased when Triamcinolone is combined with Nalidixic acid.
Fluocinolone acetonide,Nalidixic acid,The risk or severity of adverse effects can be increased when Fluocinolone acetonide is combined with Nalidixic acid.
Paramethasone,Nalidixic acid,The risk or severity of adverse effects can be increased when Paramethasone is combined with Nalidixic acid.
Prednicarbate,Nalidixic acid,The risk or severity of adverse effects can be increased when Prednicarbate is combined with Nalidixic acid.
Rimexolone,Nalidixic acid,The risk or severity of adverse effects can be increased when Rimexolone is combined with Nalidixic acid.
Betamethasone,Nalidixic acid,The risk or severity of adverse effects can be increased when Betamethasone is combined with Nalidixic acid.
Deflazacort,Nalidixic acid,The risk or severity of adverse effects can be increased when Deflazacort is combined with Nalidixic acid.
Desonide,Nalidixic acid,The risk or severity of adverse effects can be increased when Desonide is combined with Nalidixic acid.
Amcinonide,Nalidixic acid,The risk or severity of adverse effects can be increased when Amcinonide is combined with Nalidixic acid.
Estrone sulfate,Nalidixic acid,The risk or severity of adverse effects can be increased when Estrone sulfate is combined with Nalidixic acid.
Equilin,Nalidixic acid,The risk or severity of adverse effects can be increased when Equilin is combined with Nalidixic acid.
Ulobetasol,Nalidixic acid,The risk or severity of adverse effects can be increased when Ulobetasol is combined with Nalidixic acid.
Loteprednol,Nalidixic acid,The risk or severity of adverse effects can be increased when Loteprednol is combined with Nalidixic acid.
Halcinonide,Nalidixic acid,The risk or severity of adverse effects can be increased when Halcinonide is combined with Nalidixic acid.
Fluocortolone,Nalidixic acid,The risk or severity of adverse effects can be increased when Fluocortolone is combined with Nalidixic acid.
Flurandrenolide,Nalidixic acid,The risk or severity of adverse effects can be increased when Flurandrenolide is combined with Nalidixic acid.
Budesonide,Nalidixic acid,The risk or severity of adverse effects can be increased when Budesonide is combined with Nalidixic acid.
Difluocortolone,Nalidixic acid,The risk or severity of adverse effects can be increased when Difluocortolone is combined with Nalidixic acid.
Medrysone,Nalidixic acid,The risk or severity of adverse effects can be increased when Medrysone is combined with Nalidixic acid.
Clocortolone,Nalidixic acid,The risk or severity of adverse effects can be increased when Clocortolone is combined with Nalidixic acid.
Hydrocortisone,Nalidixic acid,The risk or severity of adverse effects can be increased when Hydrocortisone is combined with Nalidixic acid.
Fluorometholone,Nalidixic acid,The risk or severity of adverse effects can be increased when Fluorometholone is combined with Nalidixic acid.
Clobetasone,Nalidixic acid,The risk or severity of adverse effects can be increased when Clobetasone is combined with Nalidixic acid.
Fenbufen,Nalidixic acid,Fenbufen may increase the neuroexcitatory activities of Nalidixic acid.
Meclofenamic acid,Nalidixic acid,Meclofenamic acid may increase the neuroexcitatory activities of Nalidixic acid.
Lumiracoxib,Nalidixic acid,Lumiracoxib may increase the neuroexcitatory activities of Nalidixic acid.
Tolmetin,Nalidixic acid,Tolmetin may increase the neuroexcitatory activities of Nalidixic acid.
Tenoxicam,Nalidixic acid,Tenoxicam may increase the neuroexcitatory activities of Nalidixic acid.
Choline magnesium trisalicylate,Nalidixic acid,Choline magnesium trisalicylate may increase the neuroexcitatory activities of Nalidixic acid.
Etoricoxib,Nalidixic acid,Etoricoxib may increase the neuroexcitatory activities of Nalidixic acid.
Suprofen,Nalidixic acid,Suprofen may increase the neuroexcitatory activities of Nalidixic acid.
Flurbiprofen,Nalidixic acid,Flurbiprofen may increase the neuroexcitatory activities of Nalidixic acid.
Indomethacin,Nalidixic acid,Indomethacin may increase the neuroexcitatory activities of Nalidixic acid.
Oxyphenbutazone,Nalidixic acid,Oxyphenbutazone may increase the neuroexcitatory activities of Nalidixic acid.
Icatibant,Nalidixic acid,Icatibant may increase the neuroexcitatory activities of Nalidixic acid.
Alclofenac,Nalidixic acid,Alclofenac may increase the neuroexcitatory activities of Nalidixic acid.
Etodolac,Nalidixic acid,Etodolac may increase the neuroexcitatory activities of Nalidixic acid.
Droxicam,Nalidixic acid,Droxicam may increase the neuroexcitatory activities of Nalidixic acid.
Apremilast,Nalidixic acid,Apremilast may increase the neuroexcitatory activities of Nalidixic acid.
Tolfenamic acid,Nalidixic acid,Tolfenamic acid may increase the neuroexcitatory activities of Nalidixic acid.
Lornoxicam,Nalidixic acid,Lornoxicam may increase the neuroexcitatory activities of Nalidixic acid.
Bromfenac,Nalidixic acid,Bromfenac may increase the neuroexcitatory activities of Nalidixic acid.
Propacetamol,Nalidixic acid,Propacetamol may increase the neuroexcitatory activities of Nalidixic acid.
Parecoxib,Nalidixic acid,Parecoxib may increase the neuroexcitatory activities of Nalidixic acid.
Phenylbutazone,Nalidixic acid,Phenylbutazone may increase the neuroexcitatory activities of Nalidixic acid.
Acemetacin,Nalidixic acid,Acemetacin may increase the neuroexcitatory activities of Nalidixic acid.
Teriflunomide,Nalidixic acid,Teriflunomide may increase the neuroexcitatory activities of Nalidixic acid.
Nabumetone,Nalidixic acid,Nabumetone may increase the neuroexcitatory activities of Nalidixic acid.
Epirizole,Nalidixic acid,Epirizole may increase the neuroexcitatory activities of Nalidixic acid.
Ketorolac,Nalidixic acid,Ketorolac may increase the neuroexcitatory activities of Nalidixic acid.
Salsalate,Nalidixic acid,Salsalate may increase the neuroexcitatory activities of Nalidixic acid.
Aceclofenac,Nalidixic acid,Aceclofenac may increase the neuroexcitatory activities of Nalidixic acid.
Niflumic acid,Nalidixic acid,Niflumic acid may increase the neuroexcitatory activities of Nalidixic acid.
Zaltoprofen,Nalidixic acid,Zaltoprofen may increase the neuroexcitatory activities of Nalidixic acid.
Naproxen,Nalidixic acid,Naproxen may increase the neuroexcitatory activities of Nalidixic acid.
Pimecrolimus,Nalidixic acid,Pimecrolimus may increase the neuroexcitatory activities of Nalidixic acid.
Antipyrine,Nalidixic acid,Antipyrine may increase the neuroexcitatory activities of Nalidixic acid.
Meloxicam,Nalidixic acid,Meloxicam may increase the neuroexcitatory activities of Nalidixic acid.
Clonixin,Nalidixic acid,Clonixin may increase the neuroexcitatory activities of Nalidixic acid.
Piroxicam,Nalidixic acid,Piroxicam may increase the neuroexcitatory activities of Nalidixic acid.
Fenoprofen,Nalidixic acid,Fenoprofen may increase the neuroexcitatory activities of Nalidixic acid.
Oxaprozin,Nalidixic acid,Oxaprozin may increase the neuroexcitatory activities of Nalidixic acid.
Salicylamide,Nalidixic acid,Salicylamide may increase the neuroexcitatory activities of Nalidixic acid.
Loxoprofen,Nalidixic acid,Loxoprofen may increase the neuroexcitatory activities of Nalidixic acid.
Zileuton,Nalidixic acid,Zileuton may increase the neuroexcitatory activities of Nalidixic acid.
Floctafenine,Nalidixic acid,Floctafenine may increase the neuroexcitatory activities of Nalidixic acid.
Ibuprofen,Nalidixic acid,Ibuprofen may increase the neuroexcitatory activities of Nalidixic acid.
Etofenamate,Nalidixic acid,Etofenamate may increase the neuroexcitatory activities of Nalidixic acid.
Diclofenac,Nalidixic acid,Diclofenac may increase the neuroexcitatory activities of Nalidixic acid.
Nepafenac,Nalidixic acid,Nepafenac may increase the neuroexcitatory activities of Nalidixic acid.
Sulfasalazine,Nalidixic acid,Sulfasalazine may increase the neuroexcitatory activities of Nalidixic acid.
Benzydamine,Nalidixic acid,Benzydamine may increase the neuroexcitatory activities of Nalidixic acid.
Ketoprofen,Nalidixic acid,Ketoprofen may increase the neuroexcitatory activities of Nalidixic acid.
Mefenamic acid,Nalidixic acid,Mefenamic acid may increase the neuroexcitatory activities of Nalidixic acid.
Adapalene,Nalidixic acid,Adapalene may increase the neuroexcitatory activities of Nalidixic acid.
Magnesium salicylate,Nalidixic acid,The serum concentration of Nalidixic acid can be decreased when it is combined with Magnesium salicylate.
Quinapril,Nalidixic acid,The serum concentration of Nalidixic acid can be decreased when it is combined with Quinapril.
Theophylline,Nalidixic acid,The metabolism of Nalidixic acid can be decreased when combined with Theophylline.
Dyphylline,Nalidixic acid,The metabolism of Nalidixic acid can be decreased when combined with Dyphylline.
Aminophylline,Nalidixic acid,The metabolism of Nalidixic acid can be decreased when combined with Aminophylline.
Varenicline,Nalidixic acid,The serum concentration of Nalidixic acid can be increased when it is combined with Varenicline.
Iron sucrose,Nalidixic acid,The serum concentration of Nalidixic acid can be decreased when it is combined with Iron sucrose.
Iron,Nalidixic acid,The serum concentration of Nalidixic acid can be decreased when it is combined with Iron.
Ferric pyrophosphate,Nalidixic acid,The serum concentration of Nalidixic acid can be decreased when it is combined with Ferric pyrophosphate.
Lanthanum carbonate,Nalidixic acid,The serum concentration of Nalidixic acid can be decreased when it is combined with Lanthanum carbonate.
Strontium ranelate,Nalidixic acid,The serum concentration of Nalidixic acid can be decreased when it is combined with Strontium ranelate.
Tiaprofenic acid,Norfloxacin,Tiaprofenic acid may increase the neuroexcitatory activities of Norfloxacin.
Carprofen,Norfloxacin,Carprofen may increase the neuroexcitatory activities of Norfloxacin.
Cyclophosphamide,Norfloxacin,Cyclophosphamide may increase the cardiotoxic activities of Norfloxacin.
Paclitaxel,Norfloxacin,The risk or severity of adverse effects can be increased when Paclitaxel is combined with Norfloxacin.
Docetaxel,Norfloxacin,The risk or severity of adverse effects can be increased when Docetaxel is combined with Norfloxacin.
Cabazitaxel,Norfloxacin,The risk or severity of adverse effects can be increased when Cabazitaxel is combined with Norfloxacin.
Anagrelide,Norfloxacin,Anagrelide may increase the QTc-prolonging activities of Norfloxacin.
Acarbose,Norfloxacin,Acarbose may increase the hypoglycemic activities of Norfloxacin.
Sunitinib,Norfloxacin,Sunitinib may increase the hypoglycemic activities of Norfloxacin.
Crizotinib,Norfloxacin,Crizotinib may increase the QTc-prolonging activities of Norfloxacin.
Prednisolone,Norfloxacin,The risk or severity of adverse effects can be increased when Prednisolone is combined with Norfloxacin.
Panobinostat,Norfloxacin,Panobinostat may increase the QTc-prolonging activities of Norfloxacin.
Nilotinib,Norfloxacin,Nilotinib may increase the QTc-prolonging activities of Norfloxacin.
Dexamethasone,Norfloxacin,The risk or severity of adverse effects can be increased when Dexamethasone is combined with Norfloxacin.
Cabergoline,Norfloxacin,The risk or severity of adverse effects can be increased when Cabergoline is combined with Norfloxacin.
Moxifloxacin,Norfloxacin,Moxifloxacin may increase the QTc-prolonging activities of Norfloxacin.
Pazopanib,Norfloxacin,Pazopanib may increase the QTc-prolonging activities of Norfloxacin.
Gemifloxacin,Norfloxacin,Gemifloxacin may increase the QTc-prolonging activities of Norfloxacin.
Ciprofloxacin,Norfloxacin,Ciprofloxacin may increase the QTc-prolonging activities of Norfloxacin.
Lenvatinib,Norfloxacin,Lenvatinib may increase the QTc-prolonging activities of Norfloxacin.
Ofloxacin,Norfloxacin,Ofloxacin may increase the QTc-prolonging activities of Norfloxacin.
Toremifene,Norfloxacin,Toremifene may increase the QTc-prolonging activities of Norfloxacin.
Arsenic trioxide,Norfloxacin,Arsenic trioxide may increase the QTc-prolonging activities of Norfloxacin.
Levofloxacin,Norfloxacin,Levofloxacin may increase the QTc-prolonging activities of Norfloxacin.
Goserelin,Norfloxacin,Goserelin may increase the QTc-prolonging activities of Norfloxacin.
Prednisone,Norfloxacin,The risk or severity of adverse effects can be increased when Prednisone is combined with Norfloxacin.
Methylprednisolone,Norfloxacin,The risk or severity of adverse effects can be increased when Methylprednisolone is combined with Norfloxacin.
Formestane,Norfloxacin,The risk or severity of adverse effects can be increased when Formestane is combined with Norfloxacin.
Ibrutinib,Norfloxacin,The serum concentration of Norfloxacin can be increased when it is combined with Ibrutinib.
Bosutinib,Norfloxacin,The serum concentration of Norfloxacin can be increased when it is combined with Bosutinib.
Sucralfate,Norfloxacin,The serum concentration of Norfloxacin can be decreased when it is combined with Sucralfate.
Mesalazine,Norfloxacin,Mesalazine may increase the neuroexcitatory activities of Norfloxacin.
Balsalazide,Norfloxacin,Balsalazide may increase the neuroexcitatory activities of Norfloxacin.
Olsalazine,Norfloxacin,Olsalazine may increase the neuroexcitatory activities of Norfloxacin.
Resveratrol,Norfloxacin,Resveratrol may increase the neuroexcitatory activities of Norfloxacin.
Vandetanib,Norfloxacin,Vandetanib may increase the QTc-prolonging activities of Norfloxacin.
Sotalol,Norfloxacin,Sotalol may increase the QTc-prolonging activities of Norfloxacin.
Masoprocol,Norfloxacin,Masoprocol may increase the neuroexcitatory activities of Norfloxacin.
Sulindac,Norfloxacin,Sulindac may increase the neuroexcitatory activities of Norfloxacin.
Pirfenidone,Norfloxacin,Pirfenidone may increase the neuroexcitatory activities of Norfloxacin.
Mycophenolate mofetil,Norfloxacin,Mycophenolate mofetil may increase the neuroexcitatory activities of Norfloxacin.
Leflunomide,Norfloxacin,Leflunomide may increase the neuroexcitatory activities of Norfloxacin.
Vemurafenib,Norfloxacin,The risk or severity of QTc prolongation can be increased when Vemurafenib is combined with Norfloxacin.
Ceritinib,Norfloxacin,Ceritinib may increase the QTc-prolonging activities of Norfloxacin.
Warfarin,Norfloxacin,Warfarin may increase the anticoagulant activities of Norfloxacin.
Phenprocoumon,Norfloxacin,Phenprocoumon may increase the anticoagulant activities of Norfloxacin.
Phenindione,Norfloxacin,Phenindione may increase the anticoagulant activities of Norfloxacin.
Acenocoumarol,Norfloxacin,Acenocoumarol may increase the anticoagulant activities of Norfloxacin.
Dicoumarol,Norfloxacin,Dicoumarol may increase the anticoagulant activities of Norfloxacin.
Nafamostat,Norfloxacin,Nafamostat may increase the neuroexcitatory activities of Norfloxacin.
Rosiglitazone,Norfloxacin,Rosiglitazone may increase the hypoglycemic activities of Norfloxacin.
Nimesulide,Norfloxacin,Nimesulide may increase the neuroexcitatory activities of Norfloxacin.
Acetylsalicylic acid,Norfloxacin,Acetylsalicylic acid may increase the neuroexcitatory activities of Norfloxacin.
Diflunisal,Norfloxacin,Diflunisal may increase the neuroexcitatory activities of Norfloxacin.
Azelastine,Norfloxacin,Azelastine may increase the neuroexcitatory activities of Norfloxacin.
Tranilast,Norfloxacin,Tranilast may increase the neuroexcitatory activities of Norfloxacin.
Sulfisoxazole,Norfloxacin,Sulfisoxazole may increase the QTc-prolonging activities of Norfloxacin.
Chlorpropamide,Norfloxacin,Chlorpropamide may increase the hypoglycemic activities of Norfloxacin.
Canagliflozin,Norfloxacin,Canagliflozin may increase the hypoglycemic activities of Norfloxacin.
Pentamidine,Norfloxacin,Pentamidine may increase the QTc-prolonging activities of Norfloxacin.
Glipizide,Norfloxacin,Glipizide may increase the hypoglycemic activities of Norfloxacin.
Disopyramide,Norfloxacin,Disopyramide may increase the QTc-prolonging activities of Norfloxacin.
Tolbutamide,Norfloxacin,Tolbutamide may increase the hypoglycemic activities of Norfloxacin.
Miglitol,Norfloxacin,Miglitol may increase the hypoglycemic activities of Norfloxacin.
Sulfamethoxazole,Norfloxacin,Sulfamethoxazole may increase the hypoglycemic activities of Norfloxacin.
Sitagliptin,Norfloxacin,Sitagliptin may increase the hypoglycemic activities of Norfloxacin.
Dapagliflozin,Norfloxacin,Dapagliflozin may increase the hypoglycemic activities of Norfloxacin.
Alogliptin,Norfloxacin,Alogliptin may increase the hypoglycemic activities of Norfloxacin.
Saxagliptin,Norfloxacin,Saxagliptin may increase the hypoglycemic activities of Norfloxacin.
Sulfadiazine,Norfloxacin,Sulfadiazine may increase the hypoglycemic activities of Norfloxacin.
Nateglinide,Norfloxacin,Nateglinide may increase the hypoglycemic activities of Norfloxacin.
Gliclazide,Norfloxacin,Gliclazide may increase the hypoglycemic activities of Norfloxacin.
Pioglitazone,Norfloxacin,Pioglitazone may increase the hypoglycemic activities of Norfloxacin.
Quinine,Norfloxacin,Quinine may increase the QTc-prolonging activities of Norfloxacin.
Metformin,Norfloxacin,Metformin may increase the hypoglycemic activities of Norfloxacin.
Tolazamide,Norfloxacin,Tolazamide may increase the hypoglycemic activities of Norfloxacin.
Glimepiride,Norfloxacin,Glimepiride may increase the hypoglycemic activities of Norfloxacin.
Empagliflozin,Norfloxacin,Empagliflozin may increase the hypoglycemic activities of Norfloxacin.
Repaglinide,Norfloxacin,Repaglinide may increase the hypoglycemic activities of Norfloxacin.
Glyburide,Norfloxacin,Glyburide may increase the hypoglycemic activities of Norfloxacin.
Bromocriptine,Norfloxacin,Bromocriptine may increase the hypoglycemic activities of Norfloxacin.
Seratrodast,Norfloxacin,Seratrodast may increase the neuroexcitatory activities of Norfloxacin.
Chloroquine,Norfloxacin,Chloroquine may increase the neuroexcitatory activities of Norfloxacin.
Celecoxib,Norfloxacin,Celecoxib may increase the neuroexcitatory activities of Norfloxacin.
Salicylic acid,Norfloxacin,Salicylic acid may increase the neuroexcitatory activities of Norfloxacin.
Naftifine,Norfloxacin,Naftifine may increase the neuroexcitatory activities of Norfloxacin.
Fluticasone propionate,Norfloxacin,The risk or severity of adverse effects can be increased when Fluticasone propionate is combined with Norfloxacin.
Magnesium sulfate,Norfloxacin,The serum concentration of Norfloxacin can be decreased when it is combined with Magnesium sulfate.
Olopatadine,Norfloxacin,Olopatadine may increase the neuroexcitatory activities of Norfloxacin.
Fluticasone furoate,Norfloxacin,The risk or severity of adverse effects can be increased when Fluticasone furoate is combined with Norfloxacin.
Prasterone,Norfloxacin,The risk or severity of adverse effects can be increased when Prasterone is combined with Norfloxacin.
Diflorasone,Norfloxacin,The risk or severity of adverse effects can be increased when Diflorasone is combined with Norfloxacin.
Flumethasone,Norfloxacin,The risk or severity of adverse effects can be increased when Flumethasone is combined with Norfloxacin.
Desoximetasone,Norfloxacin,The risk or severity of adverse effects can be increased when Desoximetasone is combined with Norfloxacin.
Mometasone,Norfloxacin,The risk or severity of adverse effects can be increased when Mometasone is combined with Norfloxacin.
Clobetasol propionate,Norfloxacin,The risk or severity of adverse effects can be increased when Clobetasol propionate is combined with Norfloxacin.
Estrone,Norfloxacin,The risk or severity of adverse effects can be increased when Estrone is combined with Norfloxacin.
Difluprednate,Norfloxacin,The risk or severity of adverse effects can be increased when Difluprednate is combined with Norfloxacin.
Fluprednidene,Norfloxacin,The risk or severity of adverse effects can be increased when Fluprednidene is combined with Norfloxacin.
Beclomethasone dipropionate,Norfloxacin,The risk or severity of adverse effects can be increased when Beclomethasone dipropionate is combined with Norfloxacin.
Tixocortol,Norfloxacin,The risk or severity of adverse effects can be increased when Tixocortol is combined with Norfloxacin.
Fluocinonide,Norfloxacin,The risk or severity of adverse effects can be increased when Fluocinonide is combined with Norfloxacin.
Ciclesonide,Norfloxacin,The risk or severity of adverse effects can be increased when Ciclesonide is combined with Norfloxacin.
Cortisone acetate,Norfloxacin,The risk or severity of adverse effects can be increased when Cortisone acetate is combined with Norfloxacin.
Alclometasone,Norfloxacin,The risk or severity of adverse effects can be increased when Alclometasone is combined with Norfloxacin.
Fludrocortisone,Norfloxacin,The risk or severity of adverse effects can be increased when Fludrocortisone is combined with Norfloxacin.
Flunisolide,Norfloxacin,The risk or severity of adverse effects can be increased when Flunisolide is combined with Norfloxacin.
Triamcinolone,Norfloxacin,The risk or severity of adverse effects can be increased when Triamcinolone is combined with Norfloxacin.
Fluocinolone acetonide,Norfloxacin,The risk or severity of adverse effects can be increased when Fluocinolone acetonide is combined with Norfloxacin.
Paramethasone,Norfloxacin,The risk or severity of adverse effects can be increased when Paramethasone is combined with Norfloxacin.
Prednicarbate,Norfloxacin,The risk or severity of adverse effects can be increased when Prednicarbate is combined with Norfloxacin.
Rimexolone,Norfloxacin,The risk or severity of adverse effects can be increased when Rimexolone is combined with Norfloxacin.
Betamethasone,Norfloxacin,The risk or severity of adverse effects can be increased when Betamethasone is combined with Norfloxacin.
Deflazacort,Norfloxacin,The risk or severity of adverse effects can be increased when Deflazacort is combined with Norfloxacin.
Desonide,Norfloxacin,The risk or severity of adverse effects can be increased when Desonide is combined with Norfloxacin.
Amcinonide,Norfloxacin,The risk or severity of adverse effects can be increased when Amcinonide is combined with Norfloxacin.
Estrone sulfate,Norfloxacin,The risk or severity of adverse effects can be increased when Estrone sulfate is combined with Norfloxacin.
Equilin,Norfloxacin,The risk or severity of adverse effects can be increased when Equilin is combined with Norfloxacin.
Ulobetasol,Norfloxacin,The risk or severity of adverse effects can be increased when Ulobetasol is combined with Norfloxacin.
Loteprednol,Norfloxacin,The risk or severity of adverse effects can be increased when Loteprednol is combined with Norfloxacin.
Halcinonide,Norfloxacin,The risk or severity of adverse effects can be increased when Halcinonide is combined with Norfloxacin.
Fluocortolone,Norfloxacin,The risk or severity of adverse effects can be increased when Fluocortolone is combined with Norfloxacin.
Flurandrenolide,Norfloxacin,The risk or severity of adverse effects can be increased when Flurandrenolide is combined with Norfloxacin.
Budesonide,Norfloxacin,The risk or severity of adverse effects can be increased when Budesonide is combined with Norfloxacin.
Difluocortolone,Norfloxacin,The risk or severity of adverse effects can be increased when Difluocortolone is combined with Norfloxacin.
Medrysone,Norfloxacin,The risk or severity of adverse effects can be increased when Medrysone is combined with Norfloxacin.
Clocortolone,Norfloxacin,The risk or severity of adverse effects can be increased when Clocortolone is combined with Norfloxacin.
Hydrocortisone,Norfloxacin,The risk or severity of adverse effects can be increased when Hydrocortisone is combined with Norfloxacin.
Fluorometholone,Norfloxacin,The risk or severity of adverse effects can be increased when Fluorometholone is combined with Norfloxacin.
Clobetasone,Norfloxacin,The risk or severity of adverse effects can be increased when Clobetasone is combined with Norfloxacin.
Fenbufen,Norfloxacin,Fenbufen may increase the neuroexcitatory activities of Norfloxacin.
Meclofenamic acid,Norfloxacin,Meclofenamic acid may increase the neuroexcitatory activities of Norfloxacin.
Lumiracoxib,Norfloxacin,Lumiracoxib may increase the neuroexcitatory activities of Norfloxacin.
Tolmetin,Norfloxacin,Tolmetin may increase the neuroexcitatory activities of Norfloxacin.
Tenoxicam,Norfloxacin,Tenoxicam may increase the neuroexcitatory activities of Norfloxacin.
Choline magnesium trisalicylate,Norfloxacin,Choline magnesium trisalicylate may increase the neuroexcitatory activities of Norfloxacin.
Etoricoxib,Norfloxacin,Etoricoxib may increase the neuroexcitatory activities of Norfloxacin.
Suprofen,Norfloxacin,Suprofen may increase the neuroexcitatory activities of Norfloxacin.
Flurbiprofen,Norfloxacin,Flurbiprofen may increase the neuroexcitatory activities of Norfloxacin.
Indomethacin,Norfloxacin,Indomethacin may increase the neuroexcitatory activities of Norfloxacin.
Oxyphenbutazone,Norfloxacin,Oxyphenbutazone may increase the neuroexcitatory activities of Norfloxacin.
Icatibant,Norfloxacin,Icatibant may increase the neuroexcitatory activities of Norfloxacin.
Alclofenac,Norfloxacin,Alclofenac may increase the neuroexcitatory activities of Norfloxacin.
Etodolac,Norfloxacin,Etodolac may increase the neuroexcitatory activities of Norfloxacin.
Droxicam,Norfloxacin,Droxicam may increase the neuroexcitatory activities of Norfloxacin.
Apremilast,Norfloxacin,Apremilast may increase the neuroexcitatory activities of Norfloxacin.
Tolfenamic acid,Norfloxacin,Tolfenamic acid may increase the neuroexcitatory activities of Norfloxacin.
Lornoxicam,Norfloxacin,Lornoxicam may increase the neuroexcitatory activities of Norfloxacin.
Bromfenac,Norfloxacin,Bromfenac may increase the neuroexcitatory activities of Norfloxacin.
Propacetamol,Norfloxacin,Propacetamol may increase the neuroexcitatory activities of Norfloxacin.
Parecoxib,Norfloxacin,Parecoxib may increase the neuroexcitatory activities of Norfloxacin.
Phenylbutazone,Norfloxacin,Phenylbutazone may increase the neuroexcitatory activities of Norfloxacin.
Acemetacin,Norfloxacin,Acemetacin may increase the neuroexcitatory activities of Norfloxacin.
Teriflunomide,Norfloxacin,Teriflunomide may increase the neuroexcitatory activities of Norfloxacin.
Nabumetone,Norfloxacin,Nabumetone may increase the neuroexcitatory activities of Norfloxacin.
Epirizole,Norfloxacin,Epirizole may increase the neuroexcitatory activities of Norfloxacin.
Ketorolac,Norfloxacin,Ketorolac may increase the neuroexcitatory activities of Norfloxacin.
Salsalate,Norfloxacin,Salsalate may increase the neuroexcitatory activities of Norfloxacin.
Aceclofenac,Norfloxacin,Aceclofenac may increase the neuroexcitatory activities of Norfloxacin.
Niflumic acid,Norfloxacin,Niflumic acid may increase the neuroexcitatory activities of Norfloxacin.
Zaltoprofen,Norfloxacin,Zaltoprofen may increase the neuroexcitatory activities of Norfloxacin.
Naproxen,Norfloxacin,Naproxen may increase the neuroexcitatory activities of Norfloxacin.
Pimecrolimus,Norfloxacin,Pimecrolimus may increase the neuroexcitatory activities of Norfloxacin.
Antipyrine,Norfloxacin,Antipyrine may increase the neuroexcitatory activities of Norfloxacin.
Meloxicam,Norfloxacin,Meloxicam may increase the neuroexcitatory activities of Norfloxacin.
Clonixin,Norfloxacin,Clonixin may increase the neuroexcitatory activities of Norfloxacin.
Piroxicam,Norfloxacin,Piroxicam may increase the neuroexcitatory activities of Norfloxacin.
Fenoprofen,Norfloxacin,Fenoprofen may increase the neuroexcitatory activities of Norfloxacin.
Oxaprozin,Norfloxacin,Oxaprozin may increase the neuroexcitatory activities of Norfloxacin.
Salicylamide,Norfloxacin,Salicylamide may increase the neuroexcitatory activities of Norfloxacin.
Loxoprofen,Norfloxacin,Loxoprofen may increase the neuroexcitatory activities of Norfloxacin.
Zileuton,Norfloxacin,Zileuton may increase the neuroexcitatory activities of Norfloxacin.
Floctafenine,Norfloxacin,Floctafenine may increase the neuroexcitatory activities of Norfloxacin.
Ibuprofen,Norfloxacin,Ibuprofen may increase the neuroexcitatory activities of Norfloxacin.
Etofenamate,Norfloxacin,Etofenamate may increase the neuroexcitatory activities of Norfloxacin.
Diclofenac,Norfloxacin,Diclofenac may increase the neuroexcitatory activities of Norfloxacin.
Nepafenac,Norfloxacin,Nepafenac may increase the neuroexcitatory activities of Norfloxacin.
Sulfasalazine,Norfloxacin,Sulfasalazine may increase the neuroexcitatory activities of Norfloxacin.
Benzydamine,Norfloxacin,Benzydamine may increase the neuroexcitatory activities of Norfloxacin.
Ketoprofen,Norfloxacin,Ketoprofen may increase the neuroexcitatory activities of Norfloxacin.
Mefenamic acid,Norfloxacin,Mefenamic acid may increase the neuroexcitatory activities of Norfloxacin.
Adapalene,Norfloxacin,Adapalene may increase the neuroexcitatory activities of Norfloxacin.
Magnesium salicylate,Norfloxacin,The serum concentration of Norfloxacin can be decreased when it is combined with Magnesium salicylate.
Quinapril,Norfloxacin,The serum concentration of Norfloxacin can be decreased when it is combined with Quinapril.
Theophylline,Norfloxacin,The metabolism of Norfloxacin can be decreased when combined with Theophylline.
Dyphylline,Norfloxacin,The metabolism of Norfloxacin can be decreased when combined with Dyphylline.
Aminophylline,Norfloxacin,The metabolism of Norfloxacin can be decreased when combined with Aminophylline.
Varenicline,Norfloxacin,The serum concentration of Norfloxacin can be increased when it is combined with Varenicline.
Iron sucrose,Norfloxacin,The serum concentration of Norfloxacin can be decreased when it is combined with Iron sucrose.
Iron,Norfloxacin,The serum concentration of Norfloxacin can be decreased when it is combined with Iron.
Ferric pyrophosphate,Norfloxacin,The serum concentration of Norfloxacin can be decreased when it is combined with Ferric pyrophosphate.
Lanthanum carbonate,Norfloxacin,The serum concentration of Norfloxacin can be decreased when it is combined with Lanthanum carbonate.
Strontium ranelate,Norfloxacin,The serum concentration of Norfloxacin can be decreased when it is combined with Strontium ranelate.
Quinidine,Norfloxacin,Quinidine may increase the QTc-prolonging activities of Norfloxacin.
Lopinavir,Norfloxacin,Lopinavir may increase the QTc-prolonging activities of Norfloxacin.
Ubidecarenone,Norfloxacin,The serum concentration of Norfloxacin can be increased when it is combined with Ubidecarenone.
Citalopram,Norfloxacin,Citalopram may increase the QTc-prolonging activities of Norfloxacin.
Amiodarone,Norfloxacin,Amiodarone may increase the QTc-prolonging activities of Norfloxacin.
Clarithromycin,Norfloxacin,Clarithromycin may increase the QTc-prolonging activities of Norfloxacin.
Ziprasidone,Norfloxacin,Ziprasidone may increase the QTc-prolonging activities of Norfloxacin.
Dronedarone,Norfloxacin,Dronedarone may increase the QTc-prolonging activities of Norfloxacin.
Lumefantrine,Norfloxacin,Lumefantrine may increase the QTc-prolonging activities of Norfloxacin.
Fluoxetine,Norfloxacin,Fluoxetine may increase the QTc-prolonging activities of Norfloxacin.
Artemether,Norfloxacin,Artemether may increase the QTc-prolonging activities of Norfloxacin.
Eliglustat,Norfloxacin,Eliglustat may increase the QTc-prolonging activities of Norfloxacin.
Saquinavir,Norfloxacin,Saquinavir may increase the QTc-prolonging activities of Norfloxacin.
Lovastatin,Norfloxacin,The serum concentration of Norfloxacin can be increased when it is combined with Lovastatin.
Dihydroergotamine,Norfloxacin,The risk or severity of adverse effects can be increased when Dihydroergotamine is combined with Norfloxacin.
Tetrabenazine,Norfloxacin,Tetrabenazine may increase the QTc-prolonging activities of Norfloxacin.
Pimozide,Norfloxacin,Pimozide may increase the QTc-prolonging activities of Norfloxacin.
Asenapine,Norfloxacin,Asenapine may increase the QTc-prolonging activities of Norfloxacin.
Quetiapine,Norfloxacin,Quetiapine may increase the QTc-prolonging activities of Norfloxacin.
Iloperidone,Norfloxacin,Iloperidone may increase the QTc-prolonging activities of Norfloxacin.
Paliperidone,Norfloxacin,Paliperidone may increase the QTc-prolonging activities of Norfloxacin.
Flupentixol,Norfloxacin,Flupentixol may increase the QTc-prolonging activities of Norfloxacin.
Zuclopenthixol,Norfloxacin,Zuclopenthixol may increase the QTc-prolonging activities of Norfloxacin.
Thioridazine,Norfloxacin,Thioridazine may increase the QTc-prolonging activities of Norfloxacin.
Lisuride,Norfloxacin,The risk or severity of adverse effects can be increased when Lisuride is combined with Norfloxacin.
Ergometrine,Norfloxacin,The risk or severity of adverse effects can be increased when Ergometrine is combined with Norfloxacin.
Methylergometrine,Norfloxacin,The risk or severity of adverse effects can be increased when Methylergometrine is combined with Norfloxacin.
Ergotamine,Norfloxacin,The risk or severity of adverse effects can be increased when Ergotamine is combined with Norfloxacin.
Pergolide,Norfloxacin,The risk or severity of adverse effects can be increased when Pergolide is combined with Norfloxacin.
Domperidone,Norfloxacin,Domperidone may increase the QTc-prolonging activities of Norfloxacin.
Dofetilide,Norfloxacin,Dofetilide may increase the QTc-prolonging activities of Norfloxacin.
Cisapride,Norfloxacin,Cisapride may increase the QTc-prolonging activities of Norfloxacin.
Telavancin,Norfloxacin,Telavancin may increase the QTc-prolonging activities of Norfloxacin.
Bedaquiline,Norfloxacin,Bedaquiline may increase the QTc-prolonging activities of Norfloxacin.
Ibutilide,Norfloxacin,Ibutilide may increase the QTc-prolonging activities of Norfloxacin.
Propafenone,Norfloxacin,Propafenone may increase the QTc-prolonging activities of Norfloxacin.
Flecainide,Norfloxacin,Flecainide may increase the QTc-prolonging activities of Norfloxacin.
Procainamide,Norfloxacin,Procainamide may increase the QTc-prolonging activities of Norfloxacin.
Escitalopram,Norfloxacin,Escitalopram may increase the QTc-prolonging activities of Norfloxacin.
Rilpivirine,Norfloxacin,The serum concentration of Norfloxacin can be increased when it is combined with Rilpivirine.
Nicergoline,Norfloxacin,The risk or severity of adverse effects can be increased when Nicergoline is combined with Norfloxacin.
Pravastatin,Norfloxacin,The serum concentration of Norfloxacin can be increased when it is combined with Pravastatin.
Simvastatin,Norfloxacin,The serum concentration of Norfloxacin can be increased when it is combined with Simvastatin.
Pitavastatin,Norfloxacin,The serum concentration of Norfloxacin can be increased when it is combined with Pitavastatin.
Fluvastatin,Norfloxacin,The serum concentration of Norfloxacin can be increased when it is combined with Fluvastatin.
Rosuvastatin,Norfloxacin,The serum concentration of Norfloxacin can be increased when it is combined with Rosuvastatin.
Methysergide,Norfloxacin,The risk or severity of adverse effects can be increased when Methysergide is combined with Norfloxacin.
Tolvaptan,Norfloxacin,The serum concentration of Norfloxacin can be increased when it is combined with Tolvaptan.
Methadone,Norfloxacin,Methadone may increase the QTc-prolonging activities of Norfloxacin.
Haloperidol,Norfloxacin,Haloperidol may increase the QTc-prolonging activities of Norfloxacin.
Telithromycin,Norfloxacin,Telithromycin may increase the QTc-prolonging activities of Norfloxacin.
Erythromycin,Norfloxacin,Erythromycin may increase the QTc-prolonging activities of Norfloxacin.
Cyclosporine,Norfloxacin,The metabolism of Norfloxacin can be decreased when combined with Cyclosporine.
Clozapine,Norfloxacin,Clozapine may increase the QTc-prolonging activities of Norfloxacin.
Chlorpromazine,Norfloxacin,Chlorpromazine may increase the QTc-prolonging activities of Norfloxacin.
Promazine,Norfloxacin,Promazine may increase the QTc-prolonging activities of Norfloxacin.
Azithromycin,Norfloxacin,Azithromycin may increase the QTc-prolonging activities of Norfloxacin.
Tizanidine,Norfloxacin,The serum concentration of Norfloxacin can be increased when it is combined with Tizanidine.
Ondansetron,Norfloxacin,Ondansetron may increase the QTc-prolonging activities of Norfloxacin.
Droperidol,Norfloxacin,Droperidol may increase the QTc-prolonging activities of Norfloxacin.
Gadobenic acid,Norfloxacin,Gadobenic acid may increase the QTc-prolonging activities of Norfloxacin.
Perflutren,Norfloxacin,Perflutren may increase the QTc-prolonging activities of Norfloxacin.
Granisetron,Norfloxacin,Granisetron may increase the QTc-prolonging activities of Norfloxacin.
Primaquine,Norfloxacin,Primaquine may increase the QTc-prolonging activities of Norfloxacin.
Dolasetron,Norfloxacin,Dolasetron may increase the QTc-prolonging activities of Norfloxacin.
Caffeine,Norfloxacin,The serum concentration of Norfloxacin can be increased when it is combined with Caffeine.
Nitrofurantoin,Norfloxacin,The therapeutic efficacy of Norfloxacin can be decreased when used in combination with Nitrofurantoin.
Tiaprofenic acid,Enoxacin,Tiaprofenic acid may increase the neuroexcitatory activities of Enoxacin.
Carprofen,Enoxacin,Carprofen may increase the neuroexcitatory activities of Enoxacin.
Cyclophosphamide,Enoxacin,Cyclophosphamide may increase the cardiotoxic activities of Enoxacin.
Paclitaxel,Enoxacin,The risk or severity of adverse effects can be increased when Paclitaxel is combined with Enoxacin.
Docetaxel,Enoxacin,The risk or severity of adverse effects can be increased when Docetaxel is combined with Enoxacin.
Cabazitaxel,Enoxacin,The risk or severity of adverse effects can be increased when Cabazitaxel is combined with Enoxacin.
Acarbose,Enoxacin,Acarbose may increase the hypoglycemic activities of Enoxacin.
Sunitinib,Enoxacin,Sunitinib may increase the hypoglycemic activities of Enoxacin.
Prednisolone,Enoxacin,The risk or severity of adverse effects can be increased when Prednisolone is combined with Enoxacin.
Dexamethasone,Enoxacin,The risk or severity of adverse effects can be increased when Dexamethasone is combined with Enoxacin.
Prednisone,Enoxacin,The risk or severity of adverse effects can be increased when Prednisone is combined with Enoxacin.
Methylprednisolone,Enoxacin,The risk or severity of adverse effects can be increased when Methylprednisolone is combined with Enoxacin.
Formestane,Enoxacin,The risk or severity of adverse effects can be increased when Formestane is combined with Enoxacin.
Sucralfate,Enoxacin,The serum concentration of Enoxacin can be decreased when it is combined with Sucralfate.
Mesalazine,Enoxacin,Mesalazine may increase the neuroexcitatory activities of Enoxacin.
Balsalazide,Enoxacin,Balsalazide may increase the neuroexcitatory activities of Enoxacin.
Olsalazine,Enoxacin,Olsalazine may increase the neuroexcitatory activities of Enoxacin.
Resveratrol,Enoxacin,Resveratrol may increase the neuroexcitatory activities of Enoxacin.
Masoprocol,Enoxacin,Masoprocol may increase the neuroexcitatory activities of Enoxacin.
Sulindac,Enoxacin,Sulindac may increase the neuroexcitatory activities of Enoxacin.
Pirfenidone,Enoxacin,Pirfenidone may increase the neuroexcitatory activities of Enoxacin.
Mycophenolate mofetil,Enoxacin,Mycophenolate mofetil may increase the neuroexcitatory activities of Enoxacin.
Leflunomide,Enoxacin,Leflunomide may increase the neuroexcitatory activities of Enoxacin.
Vemurafenib,Enoxacin,The risk or severity of QTc prolongation can be increased when Vemurafenib is combined with Enoxacin.
Warfarin,Enoxacin,Warfarin may increase the anticoagulant activities of Enoxacin.
Phenprocoumon,Enoxacin,Phenprocoumon may increase the anticoagulant activities of Enoxacin.
Phenindione,Enoxacin,Phenindione may increase the anticoagulant activities of Enoxacin.
Acenocoumarol,Enoxacin,Acenocoumarol may increase the anticoagulant activities of Enoxacin.
Dicoumarol,Enoxacin,Dicoumarol may increase the anticoagulant activities of Enoxacin.
Nafamostat,Enoxacin,Nafamostat may increase the neuroexcitatory activities of Enoxacin.
Rosiglitazone,Enoxacin,Rosiglitazone may increase the hypoglycemic activities of Enoxacin.
Nimesulide,Enoxacin,Nimesulide may increase the neuroexcitatory activities of Enoxacin.
Acetylsalicylic acid,Enoxacin,Acetylsalicylic acid may increase the neuroexcitatory activities of Enoxacin.
Diflunisal,Enoxacin,Diflunisal may increase the neuroexcitatory activities of Enoxacin.
Azelastine,Enoxacin,Azelastine may increase the neuroexcitatory activities of Enoxacin.
Tranilast,Enoxacin,Tranilast may increase the neuroexcitatory activities of Enoxacin.
Sulfisoxazole,Enoxacin,Sulfisoxazole may increase the hypoglycemic activities of Enoxacin.
Chlorpropamide,Enoxacin,Chlorpropamide may increase the hypoglycemic activities of Enoxacin.
Canagliflozin,Enoxacin,Canagliflozin may increase the hypoglycemic activities of Enoxacin.
Pentamidine,Enoxacin,Pentamidine may increase the hypoglycemic activities of Enoxacin.
Glipizide,Enoxacin,Glipizide may increase the hypoglycemic activities of Enoxacin.
Disopyramide,Enoxacin,Disopyramide may increase the hypoglycemic activities of Enoxacin.
Tolbutamide,Enoxacin,Tolbutamide may increase the hypoglycemic activities of Enoxacin.
Miglitol,Enoxacin,Miglitol may increase the hypoglycemic activities of Enoxacin.
Sulfamethoxazole,Enoxacin,Sulfamethoxazole may increase the hypoglycemic activities of Enoxacin.
Sitagliptin,Enoxacin,Sitagliptin may increase the hypoglycemic activities of Enoxacin.
Dapagliflozin,Enoxacin,Dapagliflozin may increase the hypoglycemic activities of Enoxacin.
Alogliptin,Enoxacin,Alogliptin may increase the hypoglycemic activities of Enoxacin.
Saxagliptin,Enoxacin,Saxagliptin may increase the hypoglycemic activities of Enoxacin.
Sulfadiazine,Enoxacin,Sulfadiazine may increase the hypoglycemic activities of Enoxacin.
Nateglinide,Enoxacin,Nateglinide may increase the hypoglycemic activities of Enoxacin.
Gliclazide,Enoxacin,Gliclazide may increase the hypoglycemic activities of Enoxacin.
Pioglitazone,Enoxacin,Pioglitazone may increase the hypoglycemic activities of Enoxacin.
Mifepristone,Enoxacin,Mifepristone may increase the hypoglycemic activities of Enoxacin.
Quinine,Enoxacin,Quinine may increase the hypoglycemic activities of Enoxacin.
Metformin,Enoxacin,Metformin may increase the hypoglycemic activities of Enoxacin.
Tolazamide,Enoxacin,Tolazamide may increase the hypoglycemic activities of Enoxacin.
Glimepiride,Enoxacin,Glimepiride may increase the hypoglycemic activities of Enoxacin.
Empagliflozin,Enoxacin,Empagliflozin may increase the hypoglycemic activities of Enoxacin.
Repaglinide,Enoxacin,Repaglinide may increase the hypoglycemic activities of Enoxacin.
Glyburide,Enoxacin,Glyburide may increase the hypoglycemic activities of Enoxacin.
Bromocriptine,Enoxacin,Bromocriptine may increase the hypoglycemic activities of Enoxacin.
Seratrodast,Enoxacin,Seratrodast may increase the neuroexcitatory activities of Enoxacin.
Chloroquine,Enoxacin,Chloroquine may increase the neuroexcitatory activities of Enoxacin.
Celecoxib,Enoxacin,Celecoxib may increase the neuroexcitatory activities of Enoxacin.
Salicylic acid,Enoxacin,Salicylic acid may increase the neuroexcitatory activities of Enoxacin.
Naftifine,Enoxacin,Naftifine may increase the neuroexcitatory activities of Enoxacin.
Fluticasone propionate,Enoxacin,The risk or severity of adverse effects can be increased when Fluticasone propionate is combined with Enoxacin.
Magnesium sulfate,Enoxacin,The serum concentration of Enoxacin can be decreased when it is combined with Magnesium sulfate.
Olopatadine,Enoxacin,Olopatadine may increase the neuroexcitatory activities of Enoxacin.
Fluticasone furoate,Enoxacin,The risk or severity of adverse effects can be increased when Fluticasone furoate is combined with Enoxacin.
Prasterone,Enoxacin,The risk or severity of adverse effects can be increased when Prasterone is combined with Enoxacin.
Diflorasone,Enoxacin,The risk or severity of adverse effects can be increased when Diflorasone is combined with Enoxacin.
Flumethasone,Enoxacin,The risk or severity of adverse effects can be increased when Flumethasone is combined with Enoxacin.
Desoximetasone,Enoxacin,The risk or severity of adverse effects can be increased when Desoximetasone is combined with Enoxacin.
Mometasone,Enoxacin,The risk or severity of adverse effects can be increased when Mometasone is combined with Enoxacin.
Clobetasol propionate,Enoxacin,The risk or severity of adverse effects can be increased when Clobetasol propionate is combined with Enoxacin.
Estrone,Enoxacin,The risk or severity of adverse effects can be increased when Estrone is combined with Enoxacin.
Difluprednate,Enoxacin,The risk or severity of adverse effects can be increased when Difluprednate is combined with Enoxacin.
Fluprednidene,Enoxacin,The risk or severity of adverse effects can be increased when Fluprednidene is combined with Enoxacin.
Beclomethasone dipropionate,Enoxacin,The risk or severity of adverse effects can be increased when Beclomethasone dipropionate is combined with Enoxacin.
Tixocortol,Enoxacin,The risk or severity of adverse effects can be increased when Tixocortol is combined with Enoxacin.
Fluocinonide,Enoxacin,The risk or severity of adverse effects can be increased when Fluocinonide is combined with Enoxacin.
Ciclesonide,Enoxacin,The risk or severity of adverse effects can be increased when Ciclesonide is combined with Enoxacin.
Cortisone acetate,Enoxacin,The risk or severity of adverse effects can be increased when Cortisone acetate is combined with Enoxacin.
Alclometasone,Enoxacin,The risk or severity of adverse effects can be increased when Alclometasone is combined with Enoxacin.
Fludrocortisone,Enoxacin,The risk or severity of adverse effects can be increased when Fludrocortisone is combined with Enoxacin.
Flunisolide,Enoxacin,The risk or severity of adverse effects can be increased when Flunisolide is combined with Enoxacin.
Triamcinolone,Enoxacin,The risk or severity of adverse effects can be increased when Triamcinolone is combined with Enoxacin.
Fluocinolone acetonide,Enoxacin,The risk or severity of adverse effects can be increased when Fluocinolone acetonide is combined with Enoxacin.
Paramethasone,Enoxacin,The risk or severity of adverse effects can be increased when Paramethasone is combined with Enoxacin.
Prednicarbate,Enoxacin,The risk or severity of adverse effects can be increased when Prednicarbate is combined with Enoxacin.
Rimexolone,Enoxacin,The risk or severity of adverse effects can be increased when Rimexolone is combined with Enoxacin.
Betamethasone,Enoxacin,The risk or severity of adverse effects can be increased when Betamethasone is combined with Enoxacin.
Deflazacort,Enoxacin,The risk or severity of adverse effects can be increased when Deflazacort is combined with Enoxacin.
Desonide,Enoxacin,The risk or severity of adverse effects can be increased when Desonide is combined with Enoxacin.
Amcinonide,Enoxacin,The risk or severity of adverse effects can be increased when Amcinonide is combined with Enoxacin.
Estrone sulfate,Enoxacin,The risk or severity of adverse effects can be increased when Estrone sulfate is combined with Enoxacin.
Equilin,Enoxacin,The risk or severity of adverse effects can be increased when Equilin is combined with Enoxacin.
Ulobetasol,Enoxacin,The risk or severity of adverse effects can be increased when Ulobetasol is combined with Enoxacin.
Loteprednol,Enoxacin,The risk or severity of adverse effects can be increased when Loteprednol is combined with Enoxacin.
Halcinonide,Enoxacin,The risk or severity of adverse effects can be increased when Halcinonide is combined with Enoxacin.
Fluocortolone,Enoxacin,The risk or severity of adverse effects can be increased when Fluocortolone is combined with Enoxacin.
Flurandrenolide,Enoxacin,The risk or severity of adverse effects can be increased when Flurandrenolide is combined with Enoxacin.
Budesonide,Enoxacin,The risk or severity of adverse effects can be increased when Budesonide is combined with Enoxacin.
Difluocortolone,Enoxacin,The risk or severity of adverse effects can be increased when Difluocortolone is combined with Enoxacin.
Medrysone,Enoxacin,The risk or severity of adverse effects can be increased when Medrysone is combined with Enoxacin.
Clocortolone,Enoxacin,The risk or severity of adverse effects can be increased when Clocortolone is combined with Enoxacin.
Hydrocortisone,Enoxacin,The risk or severity of adverse effects can be increased when Hydrocortisone is combined with Enoxacin.
Fluorometholone,Enoxacin,The risk or severity of adverse effects can be increased when Fluorometholone is combined with Enoxacin.
Clobetasone,Enoxacin,The risk or severity of adverse effects can be increased when Clobetasone is combined with Enoxacin.
Fenbufen,Enoxacin,Fenbufen may increase the neuroexcitatory activities of Enoxacin.
Meclofenamic acid,Enoxacin,Meclofenamic acid may increase the neuroexcitatory activities of Enoxacin.
Lumiracoxib,Enoxacin,Lumiracoxib may increase the neuroexcitatory activities of Enoxacin.
Tolmetin,Enoxacin,Tolmetin may increase the neuroexcitatory activities of Enoxacin.
Tenoxicam,Enoxacin,Tenoxicam may increase the neuroexcitatory activities of Enoxacin.
Choline magnesium trisalicylate,Enoxacin,Choline magnesium trisalicylate may increase the neuroexcitatory activities of Enoxacin.
Etoricoxib,Enoxacin,Etoricoxib may increase the neuroexcitatory activities of Enoxacin.
Suprofen,Enoxacin,Suprofen may increase the neuroexcitatory activities of Enoxacin.
Flurbiprofen,Enoxacin,Flurbiprofen may increase the neuroexcitatory activities of Enoxacin.
Indomethacin,Enoxacin,Indomethacin may increase the neuroexcitatory activities of Enoxacin.
Oxyphenbutazone,Enoxacin,Oxyphenbutazone may increase the neuroexcitatory activities of Enoxacin.
Icatibant,Enoxacin,Icatibant may increase the neuroexcitatory activities of Enoxacin.
Alclofenac,Enoxacin,Alclofenac may increase the neuroexcitatory activities of Enoxacin.
Etodolac,Enoxacin,Etodolac may increase the neuroexcitatory activities of Enoxacin.
Droxicam,Enoxacin,Droxicam may increase the neuroexcitatory activities of Enoxacin.
Apremilast,Enoxacin,Apremilast may increase the neuroexcitatory activities of Enoxacin.
Tolfenamic acid,Enoxacin,Tolfenamic acid may increase the neuroexcitatory activities of Enoxacin.
Lornoxicam,Enoxacin,Lornoxicam may increase the neuroexcitatory activities of Enoxacin.
Bromfenac,Enoxacin,Bromfenac may increase the neuroexcitatory activities of Enoxacin.
Propacetamol,Enoxacin,Propacetamol may increase the neuroexcitatory activities of Enoxacin.
Parecoxib,Enoxacin,Parecoxib may increase the neuroexcitatory activities of Enoxacin.
Phenylbutazone,Enoxacin,Phenylbutazone may increase the neuroexcitatory activities of Enoxacin.
Acemetacin,Enoxacin,Acemetacin may increase the neuroexcitatory activities of Enoxacin.
Teriflunomide,Enoxacin,Teriflunomide may increase the neuroexcitatory activities of Enoxacin.
Nabumetone,Enoxacin,Nabumetone may increase the neuroexcitatory activities of Enoxacin.
Epirizole,Enoxacin,Epirizole may increase the neuroexcitatory activities of Enoxacin.
Ketorolac,Enoxacin,Ketorolac may increase the neuroexcitatory activities of Enoxacin.
Salsalate,Enoxacin,Salsalate may increase the neuroexcitatory activities of Enoxacin.
Aceclofenac,Enoxacin,Aceclofenac may increase the neuroexcitatory activities of Enoxacin.
Niflumic acid,Enoxacin,Niflumic acid may increase the neuroexcitatory activities of Enoxacin.
Zaltoprofen,Enoxacin,Zaltoprofen may increase the neuroexcitatory activities of Enoxacin.
Naproxen,Enoxacin,Naproxen may increase the neuroexcitatory activities of Enoxacin.
Pimecrolimus,Enoxacin,Pimecrolimus may increase the neuroexcitatory activities of Enoxacin.
Antipyrine,Enoxacin,Antipyrine may increase the neuroexcitatory activities of Enoxacin.
Meloxicam,Enoxacin,Meloxicam may increase the neuroexcitatory activities of Enoxacin.
Clonixin,Enoxacin,Clonixin may increase the neuroexcitatory activities of Enoxacin.
Piroxicam,Enoxacin,Piroxicam may increase the neuroexcitatory activities of Enoxacin.
Fenoprofen,Enoxacin,Fenoprofen may increase the neuroexcitatory activities of Enoxacin.
Oxaprozin,Enoxacin,Oxaprozin may increase the neuroexcitatory activities of Enoxacin.
Salicylamide,Enoxacin,Salicylamide may increase the neuroexcitatory activities of Enoxacin.
Loxoprofen,Enoxacin,Loxoprofen may increase the neuroexcitatory activities of Enoxacin.
Zileuton,Enoxacin,Zileuton may increase the neuroexcitatory activities of Enoxacin.
Floctafenine,Enoxacin,Floctafenine may increase the neuroexcitatory activities of Enoxacin.
Ibuprofen,Enoxacin,Ibuprofen may increase the neuroexcitatory activities of Enoxacin.
Etofenamate,Enoxacin,Etofenamate may increase the neuroexcitatory activities of Enoxacin.
Diclofenac,Enoxacin,Diclofenac may increase the neuroexcitatory activities of Enoxacin.
Nepafenac,Enoxacin,Nepafenac may increase the neuroexcitatory activities of Enoxacin.
Sulfasalazine,Enoxacin,Sulfasalazine may increase the neuroexcitatory activities of Enoxacin.
Benzydamine,Enoxacin,Benzydamine may increase the neuroexcitatory activities of Enoxacin.
Ketoprofen,Enoxacin,Ketoprofen may increase the neuroexcitatory activities of Enoxacin.
Mefenamic acid,Enoxacin,Mefenamic acid may increase the neuroexcitatory activities of Enoxacin.
Adapalene,Enoxacin,Adapalene may increase the neuroexcitatory activities of Enoxacin.
Magnesium salicylate,Enoxacin,The serum concentration of Enoxacin can be decreased when it is combined with Magnesium salicylate.
Quinapril,Enoxacin,The serum concentration of Enoxacin can be decreased when it is combined with Quinapril.
Theophylline,Enoxacin,The metabolism of Enoxacin can be decreased when combined with Theophylline.
Dyphylline,Enoxacin,The metabolism of Enoxacin can be decreased when combined with Dyphylline.
Aminophylline,Enoxacin,The metabolism of Enoxacin can be decreased when combined with Aminophylline.
Varenicline,Enoxacin,The serum concentration of Enoxacin can be increased when it is combined with Varenicline.
Iron sucrose,Enoxacin,The serum concentration of Enoxacin can be decreased when it is combined with Iron sucrose.
Iron,Enoxacin,The serum concentration of Enoxacin can be decreased when it is combined with Iron.
Ferric pyrophosphate,Enoxacin,The serum concentration of Enoxacin can be decreased when it is combined with Ferric pyrophosphate.
Lanthanum carbonate,Enoxacin,The serum concentration of Enoxacin can be decreased when it is combined with Lanthanum carbonate.
Strontium ranelate,Enoxacin,The serum concentration of Enoxacin can be decreased when it is combined with Strontium ranelate.
Tiaprofenic acid,Fleroxacin,Tiaprofenic acid may increase the neuroexcitatory activities of Fleroxacin.
Carprofen,Fleroxacin,Carprofen may increase the neuroexcitatory activities of Fleroxacin.
Cyclophosphamide,Fleroxacin,Cyclophosphamide may increase the cardiotoxic activities of Fleroxacin.
Paclitaxel,Fleroxacin,The risk or severity of adverse effects can be increased when Paclitaxel is combined with Fleroxacin.
Docetaxel,Fleroxacin,The risk or severity of adverse effects can be increased when Docetaxel is combined with Fleroxacin.
Cabazitaxel,Fleroxacin,The risk or severity of adverse effects can be increased when Cabazitaxel is combined with Fleroxacin.
Acarbose,Fleroxacin,Acarbose may increase the hypoglycemic activities of Fleroxacin.
Sunitinib,Fleroxacin,Sunitinib may increase the hypoglycemic activities of Fleroxacin.
Prednisolone,Fleroxacin,The risk or severity of adverse effects can be increased when Prednisolone is combined with Fleroxacin.
Dexamethasone,Fleroxacin,The risk or severity of adverse effects can be increased when Dexamethasone is combined with Fleroxacin.
Prednisone,Fleroxacin,The risk or severity of adverse effects can be increased when Prednisone is combined with Fleroxacin.
Methylprednisolone,Fleroxacin,The risk or severity of adverse effects can be increased when Methylprednisolone is combined with Fleroxacin.
Formestane,Fleroxacin,The risk or severity of adverse effects can be increased when Formestane is combined with Fleroxacin.
Sucralfate,Fleroxacin,The serum concentration of Fleroxacin can be decreased when it is combined with Sucralfate.
Mesalazine,Fleroxacin,Mesalazine may increase the neuroexcitatory activities of Fleroxacin.
Balsalazide,Fleroxacin,Balsalazide may increase the neuroexcitatory activities of Fleroxacin.
Olsalazine,Fleroxacin,Olsalazine may increase the neuroexcitatory activities of Fleroxacin.
Resveratrol,Fleroxacin,Resveratrol may increase the neuroexcitatory activities of Fleroxacin.
Masoprocol,Fleroxacin,Masoprocol may increase the neuroexcitatory activities of Fleroxacin.
Sulindac,Fleroxacin,Sulindac may increase the neuroexcitatory activities of Fleroxacin.
Pirfenidone,Fleroxacin,Pirfenidone may increase the neuroexcitatory activities of Fleroxacin.
Mycophenolate mofetil,Fleroxacin,Mycophenolate mofetil may increase the neuroexcitatory activities of Fleroxacin.
Leflunomide,Fleroxacin,Leflunomide may increase the neuroexcitatory activities of Fleroxacin.
Vemurafenib,Fleroxacin,The risk or severity of QTc prolongation can be increased when Vemurafenib is combined with Fleroxacin.
Warfarin,Fleroxacin,Warfarin may increase the anticoagulant activities of Fleroxacin.
Phenprocoumon,Fleroxacin,Phenprocoumon may increase the anticoagulant activities of Fleroxacin.
Phenindione,Fleroxacin,Phenindione may increase the anticoagulant activities of Fleroxacin.
Acenocoumarol,Fleroxacin,Acenocoumarol may increase the anticoagulant activities of Fleroxacin.
Dicoumarol,Fleroxacin,Dicoumarol may increase the anticoagulant activities of Fleroxacin.
Nafamostat,Fleroxacin,Nafamostat may increase the neuroexcitatory activities of Fleroxacin.
Rosiglitazone,Fleroxacin,Rosiglitazone may increase the hypoglycemic activities of Fleroxacin.
Nimesulide,Fleroxacin,Nimesulide may increase the neuroexcitatory activities of Fleroxacin.
Acetylsalicylic acid,Fleroxacin,Acetylsalicylic acid may increase the neuroexcitatory activities of Fleroxacin.
Diflunisal,Fleroxacin,Diflunisal may increase the neuroexcitatory activities of Fleroxacin.
Azelastine,Fleroxacin,Azelastine may increase the neuroexcitatory activities of Fleroxacin.
Tranilast,Fleroxacin,Tranilast may increase the neuroexcitatory activities of Fleroxacin.
Sulfisoxazole,Fleroxacin,Sulfisoxazole may increase the hypoglycemic activities of Fleroxacin.
Chlorpropamide,Fleroxacin,Chlorpropamide may increase the hypoglycemic activities of Fleroxacin.
Canagliflozin,Fleroxacin,Canagliflozin may increase the hypoglycemic activities of Fleroxacin.
Pentamidine,Fleroxacin,Pentamidine may increase the hypoglycemic activities of Fleroxacin.
Glipizide,Fleroxacin,Glipizide may increase the hypoglycemic activities of Fleroxacin.
Disopyramide,Fleroxacin,Disopyramide may increase the hypoglycemic activities of Fleroxacin.
Tolbutamide,Fleroxacin,Tolbutamide may increase the hypoglycemic activities of Fleroxacin.
Miglitol,Fleroxacin,Miglitol may increase the hypoglycemic activities of Fleroxacin.
Sulfamethoxazole,Fleroxacin,Sulfamethoxazole may increase the hypoglycemic activities of Fleroxacin.
Sitagliptin,Fleroxacin,Sitagliptin may increase the hypoglycemic activities of Fleroxacin.
Dapagliflozin,Fleroxacin,Dapagliflozin may increase the hypoglycemic activities of Fleroxacin.
Alogliptin,Fleroxacin,Alogliptin may increase the hypoglycemic activities of Fleroxacin.
Saxagliptin,Fleroxacin,Saxagliptin may increase the hypoglycemic activities of Fleroxacin.
Sulfadiazine,Fleroxacin,Sulfadiazine may increase the hypoglycemic activities of Fleroxacin.
Nateglinide,Fleroxacin,Nateglinide may increase the hypoglycemic activities of Fleroxacin.
Gliclazide,Fleroxacin,Gliclazide may increase the hypoglycemic activities of Fleroxacin.
Pioglitazone,Fleroxacin,Pioglitazone may increase the hypoglycemic activities of Fleroxacin.
Mifepristone,Fleroxacin,Mifepristone may increase the hypoglycemic activities of Fleroxacin.
Quinine,Fleroxacin,Quinine may increase the hypoglycemic activities of Fleroxacin.
Metformin,Fleroxacin,Metformin may increase the hypoglycemic activities of Fleroxacin.
Tolazamide,Fleroxacin,Tolazamide may increase the hypoglycemic activities of Fleroxacin.
Glimepiride,Fleroxacin,Glimepiride may increase the hypoglycemic activities of Fleroxacin.
Empagliflozin,Fleroxacin,Empagliflozin may increase the hypoglycemic activities of Fleroxacin.
Repaglinide,Fleroxacin,Repaglinide may increase the hypoglycemic activities of Fleroxacin.
Glyburide,Fleroxacin,Glyburide may increase the hypoglycemic activities of Fleroxacin.
Bromocriptine,Fleroxacin,Bromocriptine may increase the hypoglycemic activities of Fleroxacin.
Seratrodast,Fleroxacin,Seratrodast may increase the neuroexcitatory activities of Fleroxacin.
Chloroquine,Fleroxacin,Chloroquine may increase the neuroexcitatory activities of Fleroxacin.
Celecoxib,Fleroxacin,Celecoxib may increase the neuroexcitatory activities of Fleroxacin.
Salicylic acid,Fleroxacin,Salicylic acid may increase the neuroexcitatory activities of Fleroxacin.
Naftifine,Fleroxacin,Naftifine may increase the neuroexcitatory activities of Fleroxacin.
Fluticasone propionate,Fleroxacin,The risk or severity of adverse effects can be increased when Fluticasone propionate is combined with Fleroxacin.
Magnesium sulfate,Fleroxacin,The serum concentration of Fleroxacin can be decreased when it is combined with Magnesium sulfate.
Olopatadine,Fleroxacin,Olopatadine may increase the neuroexcitatory activities of Fleroxacin.
Fluticasone furoate,Fleroxacin,The risk or severity of adverse effects can be increased when Fluticasone furoate is combined with Fleroxacin.
Prasterone,Fleroxacin,The risk or severity of adverse effects can be increased when Prasterone is combined with Fleroxacin.
Diflorasone,Fleroxacin,The risk or severity of adverse effects can be increased when Diflorasone is combined with Fleroxacin.
Flumethasone,Fleroxacin,The risk or severity of adverse effects can be increased when Flumethasone is combined with Fleroxacin.
Desoximetasone,Fleroxacin,The risk or severity of adverse effects can be increased when Desoximetasone is combined with Fleroxacin.
Mometasone,Fleroxacin,The risk or severity of adverse effects can be increased when Mometasone is combined with Fleroxacin.
Clobetasol propionate,Fleroxacin,The risk or severity of adverse effects can be increased when Clobetasol propionate is combined with Fleroxacin.
Estrone,Fleroxacin,The risk or severity of adverse effects can be increased when Estrone is combined with Fleroxacin.
Difluprednate,Fleroxacin,The risk or severity of adverse effects can be increased when Difluprednate is combined with Fleroxacin.
Fluprednidene,Fleroxacin,The risk or severity of adverse effects can be increased when Fluprednidene is combined with Fleroxacin.
Beclomethasone dipropionate,Fleroxacin,The risk or severity of adverse effects can be increased when Beclomethasone dipropionate is combined with Fleroxacin.
Tixocortol,Fleroxacin,The risk or severity of adverse effects can be increased when Tixocortol is combined with Fleroxacin.
Fluocinonide,Fleroxacin,The risk or severity of adverse effects can be increased when Fluocinonide is combined with Fleroxacin.
Ciclesonide,Fleroxacin,The risk or severity of adverse effects can be increased when Ciclesonide is combined with Fleroxacin.
Cortisone acetate,Fleroxacin,The risk or severity of adverse effects can be increased when Cortisone acetate is combined with Fleroxacin.
Alclometasone,Fleroxacin,The risk or severity of adverse effects can be increased when Alclometasone is combined with Fleroxacin.
Fludrocortisone,Fleroxacin,The risk or severity of adverse effects can be increased when Fludrocortisone is combined with Fleroxacin.
Flunisolide,Fleroxacin,The risk or severity of adverse effects can be increased when Flunisolide is combined with Fleroxacin.
Triamcinolone,Fleroxacin,The risk or severity of adverse effects can be increased when Triamcinolone is combined with Fleroxacin.
Fluocinolone acetonide,Fleroxacin,The risk or severity of adverse effects can be increased when Fluocinolone acetonide is combined with Fleroxacin.
Paramethasone,Fleroxacin,The risk or severity of adverse effects can be increased when Paramethasone is combined with Fleroxacin.
Prednicarbate,Fleroxacin,The risk or severity of adverse effects can be increased when Prednicarbate is combined with Fleroxacin.
Rimexolone,Fleroxacin,The risk or severity of adverse effects can be increased when Rimexolone is combined with Fleroxacin.
Betamethasone,Fleroxacin,The risk or severity of adverse effects can be increased when Betamethasone is combined with Fleroxacin.
Deflazacort,Fleroxacin,The risk or severity of adverse effects can be increased when Deflazacort is combined with Fleroxacin.
Desonide,Fleroxacin,The risk or severity of adverse effects can be increased when Desonide is combined with Fleroxacin.
Amcinonide,Fleroxacin,The risk or severity of adverse effects can be increased when Amcinonide is combined with Fleroxacin.
Estrone sulfate,Fleroxacin,The risk or severity of adverse effects can be increased when Estrone sulfate is combined with Fleroxacin.
Equilin,Fleroxacin,The risk or severity of adverse effects can be increased when Equilin is combined with Fleroxacin.
Ulobetasol,Fleroxacin,The risk or severity of adverse effects can be increased when Ulobetasol is combined with Fleroxacin.
Loteprednol,Fleroxacin,The risk or severity of adverse effects can be increased when Loteprednol is combined with Fleroxacin.
Halcinonide,Fleroxacin,The risk or severity of adverse effects can be increased when Halcinonide is combined with Fleroxacin.
Fluocortolone,Fleroxacin,The risk or severity of adverse effects can be increased when Fluocortolone is combined with Fleroxacin.
Flurandrenolide,Fleroxacin,The risk or severity of adverse effects can be increased when Flurandrenolide is combined with Fleroxacin.
Budesonide,Fleroxacin,The risk or severity of adverse effects can be increased when Budesonide is combined with Fleroxacin.
Difluocortolone,Fleroxacin,The risk or severity of adverse effects can be increased when Difluocortolone is combined with Fleroxacin.
Medrysone,Fleroxacin,The risk or severity of adverse effects can be increased when Medrysone is combined with Fleroxacin.
Clocortolone,Fleroxacin,The risk or severity of adverse effects can be increased when Clocortolone is combined with Fleroxacin.
Hydrocortisone,Fleroxacin,The risk or severity of adverse effects can be increased when Hydrocortisone is combined with Fleroxacin.
Fluorometholone,Fleroxacin,The risk or severity of adverse effects can be increased when Fluorometholone is combined with Fleroxacin.
Clobetasone,Fleroxacin,The risk or severity of adverse effects can be increased when Clobetasone is combined with Fleroxacin.
Fenbufen,Fleroxacin,Fenbufen may increase the neuroexcitatory activities of Fleroxacin.
Meclofenamic acid,Fleroxacin,Meclofenamic acid may increase the neuroexcitatory activities of Fleroxacin.
Lumiracoxib,Fleroxacin,Lumiracoxib may increase the neuroexcitatory activities of Fleroxacin.
Tolmetin,Fleroxacin,Tolmetin may increase the neuroexcitatory activities of Fleroxacin.
Tenoxicam,Fleroxacin,Tenoxicam may increase the neuroexcitatory activities of Fleroxacin.
Choline magnesium trisalicylate,Fleroxacin,Choline magnesium trisalicylate may increase the neuroexcitatory activities of Fleroxacin.
Etoricoxib,Fleroxacin,Etoricoxib may increase the neuroexcitatory activities of Fleroxacin.
Suprofen,Fleroxacin,Suprofen may increase the neuroexcitatory activities of Fleroxacin.
Flurbiprofen,Fleroxacin,Flurbiprofen may increase the neuroexcitatory activities of Fleroxacin.
Indomethacin,Fleroxacin,Indomethacin may increase the neuroexcitatory activities of Fleroxacin.
Oxyphenbutazone,Fleroxacin,Oxyphenbutazone may increase the neuroexcitatory activities of Fleroxacin.
Icatibant,Fleroxacin,Icatibant may increase the neuroexcitatory activities of Fleroxacin.
Alclofenac,Fleroxacin,Alclofenac may increase the neuroexcitatory activities of Fleroxacin.
Etodolac,Fleroxacin,Etodolac may increase the neuroexcitatory activities of Fleroxacin.
Droxicam,Fleroxacin,Droxicam may increase the neuroexcitatory activities of Fleroxacin.
Apremilast,Fleroxacin,Apremilast may increase the neuroexcitatory activities of Fleroxacin.
Tolfenamic acid,Fleroxacin,Tolfenamic acid may increase the neuroexcitatory activities of Fleroxacin.
Lornoxicam,Fleroxacin,Lornoxicam may increase the neuroexcitatory activities of Fleroxacin.
Bromfenac,Fleroxacin,Bromfenac may increase the neuroexcitatory activities of Fleroxacin.
Propacetamol,Fleroxacin,Propacetamol may increase the neuroexcitatory activities of Fleroxacin.
Parecoxib,Fleroxacin,Parecoxib may increase the neuroexcitatory activities of Fleroxacin.
Phenylbutazone,Fleroxacin,Phenylbutazone may increase the neuroexcitatory activities of Fleroxacin.
Acemetacin,Fleroxacin,Acemetacin may increase the neuroexcitatory activities of Fleroxacin.
Teriflunomide,Fleroxacin,Teriflunomide may increase the neuroexcitatory activities of Fleroxacin.
Nabumetone,Fleroxacin,Nabumetone may increase the neuroexcitatory activities of Fleroxacin.
Epirizole,Fleroxacin,Epirizole may increase the neuroexcitatory activities of Fleroxacin.
Ketorolac,Fleroxacin,Ketorolac may increase the neuroexcitatory activities of Fleroxacin.
Salsalate,Fleroxacin,Salsalate may increase the neuroexcitatory activities of Fleroxacin.
Aceclofenac,Fleroxacin,Aceclofenac may increase the neuroexcitatory activities of Fleroxacin.
Niflumic acid,Fleroxacin,Niflumic acid may increase the neuroexcitatory activities of Fleroxacin.
Zaltoprofen,Fleroxacin,Zaltoprofen may increase the neuroexcitatory activities of Fleroxacin.
Naproxen,Fleroxacin,Naproxen may increase the neuroexcitatory activities of Fleroxacin.
Pimecrolimus,Fleroxacin,Pimecrolimus may increase the neuroexcitatory activities of Fleroxacin.
Antipyrine,Fleroxacin,Antipyrine may increase the neuroexcitatory activities of Fleroxacin.
Meloxicam,Fleroxacin,Meloxicam may increase the neuroexcitatory activities of Fleroxacin.
Clonixin,Fleroxacin,Clonixin may increase the neuroexcitatory activities of Fleroxacin.
Piroxicam,Fleroxacin,Piroxicam may increase the neuroexcitatory activities of Fleroxacin.
Fenoprofen,Fleroxacin,Fenoprofen may increase the neuroexcitatory activities of Fleroxacin.
Oxaprozin,Fleroxacin,Oxaprozin may increase the neuroexcitatory activities of Fleroxacin.
Salicylamide,Fleroxacin,Salicylamide may increase the neuroexcitatory activities of Fleroxacin.
Loxoprofen,Fleroxacin,Loxoprofen may increase the neuroexcitatory activities of Fleroxacin.
Zileuton,Fleroxacin,Zileuton may increase the neuroexcitatory activities of Fleroxacin.
Floctafenine,Fleroxacin,Floctafenine may increase the neuroexcitatory activities of Fleroxacin.
Ibuprofen,Fleroxacin,Ibuprofen may increase the neuroexcitatory activities of Fleroxacin.
Etofenamate,Fleroxacin,Etofenamate may increase the neuroexcitatory activities of Fleroxacin.
Diclofenac,Fleroxacin,Diclofenac may increase the neuroexcitatory activities of Fleroxacin.
Nepafenac,Fleroxacin,Nepafenac may increase the neuroexcitatory activities of Fleroxacin.
Sulfasalazine,Fleroxacin,Sulfasalazine may increase the neuroexcitatory activities of Fleroxacin.
Benzydamine,Fleroxacin,Benzydamine may increase the neuroexcitatory activities of Fleroxacin.
Ketoprofen,Fleroxacin,Ketoprofen may increase the neuroexcitatory activities of Fleroxacin.
Mefenamic acid,Fleroxacin,Mefenamic acid may increase the neuroexcitatory activities of Fleroxacin.
Adapalene,Fleroxacin,Adapalene may increase the neuroexcitatory activities of Fleroxacin.
Magnesium salicylate,Fleroxacin,The serum concentration of Fleroxacin can be decreased when it is combined with Magnesium salicylate.
Quinapril,Fleroxacin,The serum concentration of Fleroxacin can be decreased when it is combined with Quinapril.
Theophylline,Fleroxacin,The metabolism of Fleroxacin can be decreased when combined with Theophylline.
Dyphylline,Fleroxacin,The metabolism of Fleroxacin can be decreased when combined with Dyphylline.
Aminophylline,Fleroxacin,The metabolism of Fleroxacin can be decreased when combined with Aminophylline.
Varenicline,Fleroxacin,The serum concentration of Fleroxacin can be increased when it is combined with Varenicline.
Iron sucrose,Fleroxacin,The serum concentration of Fleroxacin can be decreased when it is combined with Iron sucrose.
Iron,Fleroxacin,The serum concentration of Fleroxacin can be decreased when it is combined with Iron.
Ferric pyrophosphate,Fleroxacin,The serum concentration of Fleroxacin can be decreased when it is combined with Ferric pyrophosphate.
Lanthanum carbonate,Fleroxacin,The serum concentration of Fleroxacin can be decreased when it is combined with Lanthanum carbonate.
Strontium ranelate,Fleroxacin,The serum concentration of Fleroxacin can be decreased when it is combined with Strontium ranelate.
Tiaprofenic acid,Gemifloxacin,Tiaprofenic acid may increase the neuroexcitatory activities of Gemifloxacin.
Carprofen,Gemifloxacin,Carprofen may increase the neuroexcitatory activities of Gemifloxacin.
Cyclophosphamide,Gemifloxacin,Cyclophosphamide may increase the cardiotoxic activities of Gemifloxacin.
Paclitaxel,Gemifloxacin,The risk or severity of adverse effects can be increased when Paclitaxel is combined with Gemifloxacin.
Docetaxel,Gemifloxacin,The risk or severity of adverse effects can be increased when Docetaxel is combined with Gemifloxacin.
Cabazitaxel,Gemifloxacin,The risk or severity of adverse effects can be increased when Cabazitaxel is combined with Gemifloxacin.
Anagrelide,Gemifloxacin,Anagrelide may increase the QTc-prolonging activities of Gemifloxacin.
Acarbose,Gemifloxacin,Acarbose may increase the hypoglycemic activities of Gemifloxacin.
Crizotinib,Gemifloxacin,Crizotinib may increase the QTc-prolonging activities of Gemifloxacin.
Prednisolone,Gemifloxacin,The risk or severity of adverse effects can be increased when Prednisolone is combined with Gemifloxacin.
Panobinostat,Gemifloxacin,Panobinostat may increase the QTc-prolonging activities of Gemifloxacin.
Nilotinib,Gemifloxacin,Nilotinib may increase the QTc-prolonging activities of Gemifloxacin.
Dexamethasone,Gemifloxacin,The risk or severity of adverse effects can be increased when Dexamethasone is combined with Gemifloxacin.
Pazopanib,Gemifloxacin,Pazopanib may increase the QTc-prolonging activities of Gemifloxacin.
Lenvatinib,Gemifloxacin,Lenvatinib may increase the QTc-prolonging activities of Gemifloxacin.
Ofloxacin,Gemifloxacin,Ofloxacin may increase the QTc-prolonging activities of Gemifloxacin.
Toremifene,Gemifloxacin,Toremifene may increase the QTc-prolonging activities of Gemifloxacin.
Arsenic trioxide,Gemifloxacin,Arsenic trioxide may increase the QTc-prolonging activities of Gemifloxacin.