drug1,drug2,interaction_description,smiles1,smiles2
Aminolevulinic acid,Digoxin,Aminolevulinic acid may decrease the cardiotoxic activities of Digoxin.,C(CC(=O)O)C(=O)CN,CC1C(C(CC(O1)OC2C(OC(CC2O)OC3C(OC(CC3O)OC4CCC5(C(C4)CCC6C5CC(C7(C6(CCC7C8=CC(=O)OC8)O)C)O)C)C)C)O)O
Temoporfin,Digoxin,Temoporfin may decrease the cardiotoxic activities of Digoxin.,C1CC2=NC1=C(C3=CC=C(N3)C(=C4C=CC(=N4)C(=C5C=CC(=C2C6=CC(=CC=C6)O)N5)C7=CC(=CC=C7)O)C8=CC(=CC=C8)O)C9=CC(=CC=C9)O,CC1C(C(CC(O1)OC2C(OC(CC2O)OC3C(OC(CC3O)OC4CCC5(C(C4)CCC6C5CC(C7(C6(CCC7C8=CC(=O)OC8)O)C)O)C)C)C)O)O
Cyclophosphamide,Digoxin,Cyclophosphamide may decrease the cardiotoxic activities of Digoxin.,C1CNP(=O)(OC1)N(CCCl)CCCl,CC1C(C(CC(O1)OC2C(OC(CC2O)OC3C(OC(CC3O)OC4CCC5(C(C4)CCC6C5CC(C7(C6(CCC7C8=CC(=O)OC8)O)C)O)C)C)C)O)O
Paclitaxel,Digoxin,Paclitaxel may decrease the cardiotoxic activities of Digoxin.,CC1=C2C(C(=O)C3(C(CC4C(C3C(C(C2(C)C)(CC1OC(=O)C(C(C5=CC=CC=C5)NC(=O)C6=CC=CC=C6)O)O)OC(=O)C7=CC=CC=C7)(CO4)OC(=O)C)O)C)OC(=O)C,CC1C(C(CC(O1)OC2C(OC(CC2O)OC3C(OC(CC3O)OC4CCC5(C(C4)CCC6C5CC(C7(C6(CCC7C8=CC(=O)OC8)O)C)O)C)C)C)O)O
Docetaxel,Digoxin,Docetaxel may decrease the cardiotoxic activities of Digoxin.,CC1=C2C(C(=O)C3(C(CC4C(C3C(C(C2(C)C)(CC1OC(=O)C(C(C5=CC=CC=C5)NC(=O)OC(C)(C)C)O)O)OC(=O)C6=CC=CC=C6)(CO4)OC(=O)C)O)C)O,CC1C(C(CC(O1)OC2C(OC(CC2O)OC3C(OC(CC3O)OC4CCC5(C(C4)CCC6C5CC(C7(C6(CCC7C8=CC(=O)OC8)O)C)O)C)C)C)O)O
Cabazitaxel,Digoxin,Cabazitaxel may decrease the cardiotoxic activities of Digoxin.,CC1=C2C(C(=O)C3(C(CC4C(C3C(C(C2(C)C)(CC1OC(=O)C(C(C5=CC=CC=C5)NC(=O)OC(C)(C)C)O)O)OC(=O)C6=CC=CC=C6)(CO4)OC(=O)C)OC)C)OC,CC1C(C(CC(O1)OC2C(OC(CC2O)OC3C(OC(CC3O)OC4CCC5(C(C4)CCC6C5CC(C7(C6(CCC7C8=CC(=O)OC8)O)C)O)C)C)C)O)O
Sulpiride,Digoxin,The risk or severity of adverse effects can be increased when Sulpiride is combined with Digoxin.,CCN1CCCC1CNC(=O)C2=C(C=CC(=C2)S(=O)(=O)N)OC,CC1C(C(CC(O1)OC2C(OC(CC2O)OC3C(OC(CC3O)OC4CCC5(C(C4)CCC6C5CC(C7(C6(CCC7C8=CC(=O)OC8)O)C)O)C)C)C)O)O
Rifabutin,Digoxin,The metabolism of Digoxin can be increased when combined with Rifabutin.,CC1C=CC=C(C(=O)NC2=C(C3=C(C4=C(C(=C3O)C)OC(C4=O)(OC=CC(C(C(C(C(C(C1O)C)O)C)OC(=O)C)C)OC)C)C5=NC6(CCN(CC6)CC(C)C)N=C25)O)C,CC1C(C(CC(O1)OC2C(OC(CC2O)OC3C(OC(CC3O)OC4CCC5(C(C4)CCC6C5CC(C7(C6(CCC7C8=CC(=O)OC8)O)C)O)C)C)C)O)O
Phenytoin,Digoxin,The metabolism of Digoxin can be increased when combined with Phenytoin.,C1=CC=C(C=C1)C2(C(=O)NC(=O)N2)C3=CC=CC=C3,CC1C(C(CC(O1)OC2C(OC(CC2O)OC3C(OC(CC3O)OC4CCC5(C(C4)CCC6C5CC(C7(C6(CCC7C8=CC(=O)OC8)O)C)O)C)C)C)O)O
Rifampicin,Digoxin,The metabolism of Digoxin can be increased when combined with Rifampicin.,CC1C=CC=C(C(=O)NC2=C(C(=C3C(=C2O)C(=C(C4=C3C(=O)C(O4)(OC=CC(C(C(C(C(C(C1O)C)O)C)OC(=O)C)C)OC)C)C)O)O)C=NN5CCN(CC5)C)C,CC1C(C(CC(O1)OC2C(OC(CC2O)OC3C(OC(CC3O)OC4CCC5(C(C4)CCC6C5CC(C7(C6(CCC7C8=CC(=O)OC8)O)C)O)C)C)C)O)O
Fosphenytoin,Digoxin,The metabolism of Digoxin can be increased when combined with Fosphenytoin.,C1=CC=C(C=C1)C2(C(=O)N(C(=O)N2)COP(=O)(O)O)C3=CC=CC=C3,CC1C(C(CC(O1)OC2C(OC(CC2O)OC3C(OC(CC3O)OC4CCC5(C(C4)CCC6C5CC(C7(C6(CCC7C8=CC(=O)OC8)O)C)O)C)C)C)O)O
Carbamazepine,Digoxin,The metabolism of Digoxin can be increased when combined with Carbamazepine.,C1=CC=C2C(=C1)C=CC3=CC=CC=C3N2C(=O)N,CC1C(C(CC(O1)OC2C(OC(CC2O)OC3C(OC(CC3O)OC4CCC5(C(C4)CCC6C5CC(C7(C6(CCC7C8=CC(=O)OC8)O)C)O)C)C)C)O)O
Primidone,Digoxin,The metabolism of Digoxin can be increased when combined with Primidone.,CCC1(C(=O)NCNC1=O)C2=CC=CC=C2,CC1C(C(CC(O1)OC2C(OC(CC2O)OC3C(OC(CC3O)OC4CCC5(C(C4)CCC6C5CC(C7(C6(CCC7C8=CC(=O)OC8)O)C)O)C)C)C)O)O
Phenobarbital,Digoxin,The metabolism of Digoxin can be increased when combined with Phenobarbital.,CCC1(C(=O)NC(=O)NC1=O)C2=CC=CC=C2,CC1C(C(CC(O1)OC2C(OC(CC2O)OC3C(OC(CC3O)OC4CCC5(C(C4)CCC6C5CC(C7(C6(CCC7C8=CC(=O)OC8)O)C)O)C)C)C)O)O
Pentobarbital,Digoxin,The metabolism of Digoxin can be increased when combined with Pentobarbital.,CCCC(C)C1(C(=O)NC(=O)NC1=O)CC,CC1C(C(CC(O1)OC2C(OC(CC2O)OC3C(OC(CC3O)OC4CCC5(C(C4)CCC6C5CC(C7(C6(CCC7C8=CC(=O)OC8)O)C)O)C)C)C)O)O
Nevirapine,Digoxin,The metabolism of Digoxin can be increased when combined with Nevirapine.,CC1=C2C(=NC=C1)N(C3=C(C=CC=N3)C(=O)N2)C4CC4,CC1C(C(CC(O1)OC2C(OC(CC2O)OC3C(OC(CC3O)OC4CCC5(C(C4)CCC6C5CC(C7(C6(CCC7C8=CC(=O)OC8)O)C)O)C)C)C)O)O
Rifapentine,Digoxin,The metabolism of Digoxin can be increased when combined with Rifapentine.,CC1C=CC=C(C(=O)NC2=C(C(=C3C(=C2O)C(=C(C4=C3C(=O)C(O4)(OC=CC(C(C(C(C(C(C1O)C)O)C)OC(=O)C)C)OC)C)C)O)O)C=NN5CCN(CC5)C6CCCC6)C,CC1C(C(CC(O1)OC2C(OC(CC2O)OC3C(OC(CC3O)OC4CCC5(C(C4)CCC6C5CC(C7(C6(CCC7C8=CC(=O)OC8)O)C)O)C)C)C)O)O
Rifaximin,Digoxin,The serum concentration of Digoxin can be increased when it is combined with Rifaximin.,CC1C=CC=C(C(=O)NC2=C(C3=C(C4=C(C(=C3O)C)OC(C4=O)(OC=CC(C(C(C(C(C(C1O)C)O)C)OC(=O)C)C)OC)C)C5=C2N6C=CC(=CC6=N5)C)O)C,CC1C(C(CC(O1)OC2C(OC(CC2O)OC3C(OC(CC3O)OC4CCC5(C(C4)CCC6C5CC(C7(C6(CCC7C8=CC(=O)OC8)O)C)O)C)C)C)O)O
Bosentan,Digoxin,The serum concentration of Digoxin can be decreased when it is combined with Bosentan.,CC(C)(C)C1=CC=C(C=C1)S(=O)(=O)NC2=C(C(=NC(=N2)C3=NC=CC=N3)OCCO)OC4=CC=CC=C4OC,CC1C(C(CC(O1)OC2C(OC(CC2O)OC3C(OC(CC3O)OC4CCC5(C(C4)CCC6C5CC(C7(C6(CCC7C8=CC(=O)OC8)O)C)O)C)C)C)O)O
Lumacaftor,Digoxin,The serum concentration of Digoxin can be decreased when it is combined with Lumacaftor.,CC1=C(N=C(C=C1)NC(=O)C2(CC2)C3=CC4=C(C=C3)OC(O4)(F)F)C5=CC(=CC=C5)C(=O)O,CC1C(C(CC(O1)OC2C(OC(CC2O)OC3C(OC(CC3O)OC4CCC5(C(C4)CCC6C5CC(C7(C6(CCC7C8=CC(=O)OC8)O)C)O)C)C)C)O)O
Silodosin,Digoxin,The serum concentration of Digoxin can be increased when it is combined with Silodosin.,CC(CC1=CC2=C(C(=C1)C(=O)N)N(CC2)CCCO)NCCOC3=CC=CC=C3OCC(F)(F)F,CC1C(C(CC(O1)OC2C(OC(CC2O)OC3C(OC(CC3O)OC4CCC5(C(C4)CCC6C5CC(C7(C6(CCC7C8=CC(=O)OC8)O)C)O)C)C)C)O)O
Edoxaban,Digoxin,The serum concentration of Digoxin can be increased when it is combined with Edoxaban.,CN1CCC2=C(C1)SC(=N2)C(=O)NC3CC(CCC3NC(=O)C(=O)NC4=NC=C(C=C4)Cl)C(=O)N(C)C,CC1C(C(CC(O1)OC2C(OC(CC2O)OC3C(OC(CC3O)OC4CCC5(C(C4)CCC6C5CC(C7(C6(CCC7C8=CC(=O)OC8)O)C)O)C)C)C)O)O
Anagrelide,Digoxin,Anagrelide may decrease the cardiotoxic activities of Digoxin.,C1C2=C(C=CC(=C2Cl)Cl)N=C3N1CC(=O)N3,CC1C(C(CC(O1)OC2C(OC(CC2O)OC3C(OC(CC3O)OC4CCC5(C(C4)CCC6C5CC(C7(C6(CCC7C8=CC(=O)OC8)O)C)O)C)C)C)O)O
Carboplatin,Digoxin,Carboplatin may decrease the cardiotoxic activities of Digoxin.,C1CC(C1)(C(=O)[O-])C(=O)[O-].N.N.[Pt+2],CC1C(C(CC(O1)OC2C(OC(CC2O)OC3C(OC(CC3O)OC4CCC5(C(C4)CCC6C5CC(C7(C6(CCC7C8=CC(=O)OC8)O)C)O)C)C)C)O)O
Etacrynic acid,Digoxin,The risk or severity of adverse effects can be increased when Etacrynic acid is combined with Digoxin.,CCC(=C)C(=O)C1=C(C(=C(C=C1)OCC(=O)O)Cl)Cl,CC1C(C(CC(O1)OC2C(OC(CC2O)OC3C(OC(CC3O)OC4CCC5(C(C4)CCC6C5CC(C7(C6(CCC7C8=CC(=O)OC8)O)C)O)C)C)C)O)O
Pirlindole,Digoxin,Pirlindole may decrease the cardiotoxic activities of Digoxin.,CC1=CC2=C(C=C1)N3CCNC4C3=C2CCC4,CC1C(C(CC(O1)OC2C(OC(CC2O)OC3C(OC(CC3O)OC4CCC5(C(C4)CCC6C5CC(C7(C6(CCC7C8=CC(=O)OC8)O)C)O)C)C)C)O)O
Procarbazine,Digoxin,Procarbazine may decrease the cardiotoxic activities of Digoxin.,CC(C)NC(=O)C1=CC=C(C=C1)CNNC,CC1C(C(CC(O1)OC2C(OC(CC2O)OC3C(OC(CC3O)OC4CCC5(C(C4)CCC6C5CC(C7(C6(CCC7C8=CC(=O)OC8)O)C)O)C)C)C)O)O
Acarbose,Digoxin,The serum concentration of Digoxin can be decreased when it is combined with Acarbose.,CC1C(C(C(C(O1)OC2C(OC(C(C2O)O)OC(C(CO)O)C(C(C=O)O)O)CO)O)O)NC3C=C(C(C(C3O)O)O)CO,CC1C(C(CC(O1)OC2C(OC(CC2O)OC3C(OC(CC3O)OC4CCC5(C(C4)CCC6C5CC(C7(C6(CCC7C8=CC(=O)OC8)O)C)O)C)C)C)O)O
Sunitinib,Digoxin,Sunitinib may decrease the cardiotoxic activities of Digoxin.,CCN(CC)CCNC(=O)C1=C(NC(=C1C)C=C2C3=C(C=CC(=C3)F)NC2=O)C,CC1C(C(CC(O1)OC2C(OC(CC2O)OC3C(OC(CC3O)OC4CCC5(C(C4)CCC6C5CC(C7(C6(CCC7C8=CC(=O)OC8)O)C)O)C)C)C)O)O
Lanreotide,Digoxin,Lanreotide may decrease the cardiotoxic activities of Digoxin.,CC(C)C1C(=O)NC(CSSCC(C(=O)NC(C(=O)NC(C(=O)NC(C(=O)N1)CCCCN)CC2=CNC3=CC=CC=C32)CC4=CC=C(C=C4)O)NC(=O)C(CC5=CC6=CC=CC=C6C=C5)N)C(=O)NC(C(C)O)C(=O)N,CC1C(C(CC(O1)OC2C(OC(CC2O)OC3C(OC(CC3O)OC4CCC5(C(C4)CCC6C5CC(C7(C6(CCC7C8=CC(=O)OC8)O)C)O)C)C)C)O)O
Brimonidine,Digoxin,Brimonidine may increase the bradycardic activities of Digoxin.,C1CN=C(N1)NC2=C(C3=NC=CN=C3C=C2)Br,CC1C(C(CC(O1)OC2C(OC(CC2O)OC3C(OC(CC3O)OC4CCC5(C(C4)CCC6C5CC(C7(C6(CCC7C8=CC(=O)OC8)O)C)O)C)C)C)O)O
Imatinib,Digoxin,Imatinib may decrease the cardiotoxic activities of Digoxin.,CC1=C(C=C(C=C1)NC(=O)C2=CC=C(C=C2)CN3CCN(CC3)C)NC4=NC=CC(=N4)C5=CN=CC=C5,CC1C(C(CC(O1)OC2C(OC(CC2O)OC3C(OC(CC3O)OC4CCC5(C(C4)CCC6C5CC(C7(C6(CCC7C8=CC(=O)OC8)O)C)O)C)C)C)O)O
Crizotinib,Digoxin,Crizotinib may decrease the cardiotoxic activities of Digoxin.,CC(C1=C(C=CC(=C1Cl)F)Cl)OC2=C(N=CC(=C2)C3=CN(N=C3)C4CCNCC4)N,CC1C(C(CC(O1)OC2C(OC(CC2O)OC3C(OC(CC3O)OC4CCC5(C(C4)CCC6C5CC(C7(C6(CCC7C8=CC(=O)OC8)O)C)O)C)C)C)O)O
Mitotane,Digoxin,The serum concentration of Digoxin can be decreased when it is combined with Mitotane.,C1=CC=C(C(=C1)C(C2=CC=C(C=C2)Cl)C(Cl)Cl)Cl,CC1C(C(CC(O1)OC2C(OC(CC2O)OC3C(OC(CC3O)OC4CCC5(C(C4)CCC6C5CC(C7(C6(CCC7C8=CC(=O)OC8)O)C)O)C)C)C)O)O
Dienogest,Digoxin,Dienogest may decrease the cardiotoxic activities of Digoxin.,CC12CCC3=C4CCC(=O)C=C4CCC3C1CCC2(CC#N)O,CC1C(C(CC(O1)OC2C(OC(CC2O)OC3C(OC(CC3O)OC4CCC5(C(C4)CCC6C5CC(C7(C6(CCC7C8=CC(=O)OC8)O)C)O)C)C)C)O)O
Olaparib,Digoxin,Olaparib may decrease the cardiotoxic activities of Digoxin.,C1CC1C(=O)N2CCN(CC2)C(=O)C3=C(C=CC(=C3)CC4=NNC(=O)C5=CC=CC=C54)F,CC1C(C(CC(O1)OC2C(OC(CC2O)OC3C(OC(CC3O)OC4CCC5(C(C4)CCC6C5CC(C7(C6(CCC7C8=CC(=O)OC8)O)C)O)C)C)C)O)O
Rucaparib,Digoxin,Rucaparib may decrease the cardiotoxic activities of Digoxin.,CNCC1=CC=C(C=C1)C2=C3CCNC(=O)C4=C3C(=CC(=C4)F)N2,CC1C(C(CC(O1)OC2C(OC(CC2O)OC3C(OC(CC3O)OC4CCC5(C(C4)CCC6C5CC(C7(C6(CCC7C8=CC(=O)OC8)O)C)O)C)C)C)O)O
Prednisolone,Digoxin,Prednisolone may decrease the cardiotoxic activities of Digoxin.,CC12CC(C3C(C1CCC2(C(=O)CO)O)CCC4=CC(=O)C=CC34C)O,CC1C(C(CC(O1)OC2C(OC(CC2O)OC3C(OC(CC3O)OC4CCC5(C(C4)CCC6C5CC(C7(C6(CCC7C8=CC(=O)OC8)O)C)O)C)C)C)O)O
Midostaurin,Digoxin,Midostaurin may decrease the cardiotoxic activities of Digoxin.,CC12C(C(CC(O1)N3C4=CC=CC=C4C5=C6C(=C7C8=CC=CC=C8N2C7=C53)CNC6=O)N(C)C(=O)C9=CC=CC=C9)OC,CC1C(C(CC(O1)OC2C(OC(CC2O)OC3C(OC(CC3O)OC4CCC5(C(C4)CCC6C5CC(C7(C6(CCC7C8=CC(=O)OC8)O)C)O)C)C)C)O)O
Medroxyprogesterone acetate,Digoxin,Medroxyprogesterone acetate may decrease the cardiotoxic activities of Digoxin.,CC1CC2C(CCC3(C2CCC3(C(=O)C)OC(=O)C)C)C4(C1=CC(=O)CC4)C,CC1C(C(CC(O1)OC2C(OC(CC2O)OC3C(OC(CC3O)OC4CCC5(C(C4)CCC6C5CC(C7(C6(CCC7C8=CC(=O)OC8)O)C)O)C)C)C)O)O
Bortezomib,Digoxin,Bortezomib may decrease the cardiotoxic activities of Digoxin.,B(C(CC(C)C)NC(=O)C(CC1=CC=CC=C1)NC(=O)C2=NC=CN=C2)(O)O,CC1C(C(CC(O1)OC2C(OC(CC2O)OC3C(OC(CC3O)OC4CCC5(C(C4)CCC6C5CC(C7(C6(CCC7C8=CC(=O)OC8)O)C)O)C)C)C)O)O
Panobinostat,Digoxin,Panobinostat may decrease the cardiotoxic activities of Digoxin.,CC1=C(C2=CC=CC=C2N1)CCNCC3=CC=C(C=C3)C=CC(=O)NO,CC1C(C(CC(O1)OC2C(OC(CC2O)OC3C(OC(CC3O)OC4CCC5(C(C4)CCC6C5CC(C7(C6(CCC7C8=CC(=O)OC8)O)C)O)C)C)C)O)O
Betaxolol,Digoxin,Betaxolol may increase the bradycardic activities of Digoxin.,CC(C)NCC(COC1=CC=C(C=C1)CCOCC2CC2)O,CC1C(C(CC(O1)OC2C(OC(CC2O)OC3C(OC(CC3O)OC4CCC5(C(C4)CCC6C5CC(C7(C6(CCC7C8=CC(=O)OC8)O)C)O)C)C)C)O)O
Enzalutamide,Digoxin,The serum concentration of Digoxin can be decreased when it is combined with Enzalutamide.,CC1(C(=O)N(C(=S)N1C2=CC(=C(C=C2)C(=O)NC)F)C3=CC(=C(C=C3)C#N)C(F)(F)F)C,CC1C(C(CC(O1)OC2C(OC(CC2O)OC3C(OC(CC3O)OC4CCC5(C(C4)CCC6C5CC(C7(C6(CCC7C8=CC(=O)OC8)O)C)O)C)C)C)O)O
Abiraterone,Digoxin,Abiraterone may decrease the cardiotoxic activities of Digoxin.,CC12CCC(CC1=CCC3C2CCC4(C3CC=C4C5=CN=CC=C5)C)O,CC1C(C(CC(O1)OC2C(OC(CC2O)OC3C(OC(CC3O)OC4CCC5(C(C4)CCC6C5CC(C7(C6(CCC7C8=CC(=O)OC8)O)C)O)C)C)C)O)O
Diethylstilbestrol,Digoxin,Diethylstilbestrol may decrease the cardiotoxic activities of Digoxin.,CCC(=C(CC)C1=CC=C(C=C1)O)C2=CC=C(C=C2)O,CC1C(C(CC(O1)OC2C(OC(CC2O)OC3C(OC(CC3O)OC4CCC5(C(C4)CCC6C5CC(C7(C6(CCC7C8=CC(=O)OC8)O)C)O)C)C)C)O)O
Nilotinib,Digoxin,Nilotinib may decrease the cardiotoxic activities of Digoxin.,CC1=C(C=C(C=C1)C(=O)NC2=CC(=CC(=C2)C(F)(F)F)N3C=C(N=C3)C)NC4=NC=CC(=N4)C5=CN=CC=C5,CC1C(C(CC(O1)OC2C(OC(CC2O)OC3C(OC(CC3O)OC4CCC5(C(C4)CCC6C5CC(C7(C6(CCC7C8=CC(=O)OC8)O)C)O)C)C)C)O)O
Dexamethasone,Digoxin,Dexamethasone may decrease the cardiotoxic activities of Digoxin.,CC1CC2C3CCC4=CC(=O)C=CC4(C3(C(CC2(C1(C(=O)CO)O)C)O)F)C,CC1C(C(CC(O1)OC2C(OC(CC2O)OC3C(OC(CC3O)OC4CCC5(C(C4)CCC6C5CC(C7(C6(CCC7C8=CC(=O)OC8)O)C)O)C)C)C)O)O
Letrozole,Digoxin,Letrozole may decrease the cardiotoxic activities of Digoxin.,C1=CC(=CC=C1C#N)C(C2=CC=C(C=C2)C#N)N3C=NC=N3,CC1C(C(CC(O1)OC2C(OC(CC2O)OC3C(OC(CC3O)OC4CCC5(C(C4)CCC6C5CC(C7(C6(CCC7C8=CC(=O)OC8)O)C)O)C)C)C)O)O
Norfloxacin,Digoxin,Norfloxacin may decrease the cardiotoxic activities of Digoxin.,CCN1C=C(C(=O)C2=CC(=C(C=C21)N3CCNCC3)F)C(=O)O,CC1C(C(CC(O1)OC2C(OC(CC2O)OC3C(OC(CC3O)OC4CCC5(C(C4)CCC6C5CC(C7(C6(CCC7C8=CC(=O)OC8)O)C)O)C)C)C)O)O
Miltefosine,Digoxin,Miltefosine may decrease the cardiotoxic activities of Digoxin.,CCCCCCCCCCCCCCCCOP(=O)([O-])OCC[N+](C)(C)C,CC1C(C(CC(O1)OC2C(OC(CC2O)OC3C(OC(CC3O)OC4CCC5(C(C4)CCC6C5CC(C7(C6(CCC7C8=CC(=O)OC8)O)C)O)C)C)C)O)O
Trimetrexate,Digoxin,Trimetrexate may decrease the cardiotoxic activities of Digoxin.,CC1=C(C=CC2=C1C(=NC(=N2)N)N)CNC3=CC(=C(C(=C3)OC)OC)OC,CC1C(C(CC(O1)OC2C(OC(CC2O)OC3C(OC(CC3O)OC4CCC5(C(C4)CCC6C5CC(C7(C6(CCC7C8=CC(=O)OC8)O)C)O)C)C)C)O)O
Amphotericin B,Digoxin,The risk or severity of adverse effects can be increased when Amphotericin B is combined with Digoxin.,CC1C=CC=CC=CC=CC=CC=CC=CC(CC2C(C(CC(O2)(CC(CC(C(CCC(CC(CC(=O)OC(C(C1O)C)C)O)O)O)O)O)O)O)C(=O)O)OC3C(C(C(C(O3)C)O)N)O,CC1C(C(CC(O1)OC2C(OC(CC2O)OC3C(OC(CC3O)OC4CCC5(C(C4)CCC6C5CC(C7(C6(CCC7C8=CC(=O)OC8)O)C)O)C)C)C)O)O
Sirolimus,Digoxin,Sirolimus may decrease the cardiotoxic activities of Digoxin.,CC1CCC2CC(C(=CC=CC=CC(CC(C(=O)C(C(C(=CC(C(=O)CC(OC(=O)C3CCCCN3C(=O)C(=O)C1(O2)O)C(C)CC4CCC(C(C4)OC)O)C)C)O)OC)C)C)C)OC,CC1C(C(CC(O1)OC2C(OC(CC2O)OC3C(OC(CC3O)OC4CCC5(C(C4)CCC6C5CC(C7(C6(CCC7C8=CC(=O)OC8)O)C)O)C)C)C)O)O
Alprenolol,Digoxin,Alprenolol may increase the bradycardic activities of Digoxin.,CC(C)NCC(COC1=CC=CC=C1CC=C)O,CC1C(C(CC(O1)OC2C(OC(CC2O)OC3C(OC(CC3O)OC4CCC5(C(C4)CCC6C5CC(C7(C6(CCC7C8=CC(=O)OC8)O)C)O)C)C)C)O)O
Timolol,Digoxin,Timolol may increase the bradycardic activities of Digoxin.,CC(C)(C)NCC(COC1=NSN=C1N2CCOCC2)O,CC1C(C(CC(O1)OC2C(OC(CC2O)OC3C(OC(CC3O)OC4CCC5(C(C4)CCC6C5CC(C7(C6(CCC7C8=CC(=O)OC8)O)C)O)C)C)C)O)O
Atenolol,Digoxin,Atenolol may increase the bradycardic activities of Digoxin.,CC(C)NCC(COC1=CC=C(C=C1)CC(=O)N)O,CC1C(C(CC(O1)OC2C(OC(CC2O)OC3C(OC(CC3O)OC4CCC5(C(C4)CCC6C5CC(C7(C6(CCC7C8=CC(=O)OC8)O)C)O)C)C)C)O)O
Bupranolol,Digoxin,Bupranolol may increase the bradycardic activities of Digoxin.,CC1=CC(=C(C=C1)Cl)OCC(CNC(C)(C)C)O,CC1C(C(CC(O1)OC2C(OC(CC2O)OC3C(OC(CC3O)OC4CCC5(C(C4)CCC6C5CC(C7(C6(CCC7C8=CC(=O)OC8)O)C)O)C)C)C)O)O
Celiprolol,Digoxin,Celiprolol may increase the bradycardic activities of Digoxin.,CCN(CC)C(=O)NC1=CC(=C(C=C1)OCC(CNC(C)(C)C)O)C(=O)C,CC1C(C(CC(O1)OC2C(OC(CC2O)OC3C(OC(CC3O)OC4CCC5(C(C4)CCC6C5CC(C7(C6(CCC7C8=CC(=O)OC8)O)C)O)C)C)C)O)O
Oxprenolol,Digoxin,Oxprenolol may increase the bradycardic activities of Digoxin.,CC(C)NCC(COC1=CC=CC=C1OCC=C)O,CC1C(C(CC(O1)OC2C(OC(CC2O)OC3C(OC(CC3O)OC4CCC5(C(C4)CCC6C5CC(C7(C6(CCC7C8=CC(=O)OC8)O)C)O)C)C)C)O)O
Metoprolol,Digoxin,Metoprolol may increase the bradycardic activities of Digoxin.,CC(C)NCC(COC1=CC=C(C=C1)CCOC)O,CC1C(C(CC(O1)OC2C(OC(CC2O)OC3C(OC(CC3O)OC4CCC5(C(C4)CCC6C5CC(C7(C6(CCC7C8=CC(=O)OC8)O)C)O)C)C)C)O)O
Bopindolol,Digoxin,Bopindolol may increase the bradycardic activities of Digoxin.,CC1=CC2=C(N1)C=CC=C2OCC(CNC(C)(C)C)OC(=O)C3=CC=CC=C3,CC1C(C(CC(O1)OC2C(OC(CC2O)OC3C(OC(CC3O)OC4CCC5(C(C4)CCC6C5CC(C7(C6(CCC7C8=CC(=O)OC8)O)C)O)C)C)C)O)O
Esmolol,Digoxin,Esmolol may increase the bradycardic activities of Digoxin.,CC(C)NCC(COC1=CC=C(C=C1)CCC(=O)OC)O,CC1C(C(CC(O1)OC2C(OC(CC2O)OC3C(OC(CC3O)OC4CCC5(C(C4)CCC6C5CC(C7(C6(CCC7C8=CC(=O)OC8)O)C)O)C)C)C)O)O
Pentostatin,Digoxin,Pentostatin may decrease the cardiotoxic activities of Digoxin.,C1C(C(OC1N2C=NC3=C2NC=NCC3O)CO)O,CC1C(C(CC(O1)OC2C(OC(CC2O)OC3C(OC(CC3O)OC4CCC5(C(C4)CCC6C5CC(C7(C6(CCC7C8=CC(=O)OC8)O)C)O)C)C)C)O)O
Reserpine,Digoxin,The risk or severity of adverse effects can be increased when Reserpine is combined with Digoxin.,COC1C(CC2CN3CCC4=C(C3CC2C1C(=O)OC)NC5=C4C=CC(=C5)OC)OC(=O)C6=CC(=C(C(=C6)OC)OC)OC,CC1C(C(CC(O1)OC2C(OC(CC2O)OC3C(OC(CC3O)OC4CCC5(C(C4)CCC6C5CC(C7(C6(CCC7C8=CC(=O)OC8)O)C)O)C)C)C)O)O
Thalidomide,Digoxin,Thalidomide may decrease the cardiotoxic activities of Digoxin.,C1CC(=O)NC(=O)C1N2C(=O)C3=CC=CC=C3C2=O,CC1C(C(CC(O1)OC2C(OC(CC2O)OC3C(OC(CC3O)OC4CCC5(C(C4)CCC6C5CC(C7(C6(CCC7C8=CC(=O)OC8)O)C)O)C)C)C)O)O
Clonidine,Digoxin,Clonidine may increase the atrioventricular blocking (AV block) activities of Digoxin.,C1CN=C(N1)NC2=C(C=CC=C2Cl)Cl,CC1C(C(CC(O1)OC2C(OC(CC2O)OC3C(OC(CC3O)OC4CCC5(C(C4)CCC6C5CC(C7(C6(CCC7C8=CC(=O)OC8)O)C)O)C)C)C)O)O
Pomalidomide,Digoxin,Pomalidomide may decrease the cardiotoxic activities of Digoxin.,C1CC(=O)NC(=O)C1N2C(=O)C3=C(C2=O)C(=CC=C3)N,CC1C(C(CC(O1)OC2C(OC(CC2O)OC3C(OC(CC3O)OC4CCC5(C(C4)CCC6C5CC(C7(C6(CCC7C8=CC(=O)OC8)O)C)O)C)C)C)O)O
Furosemide,Digoxin,The risk or severity of adverse effects can be increased when Furosemide is combined with Digoxin.,C1=COC(=C1)CNC2=CC(=C(C=C2C(=O)O)S(=O)(=O)N)Cl,CC1C(C(CC(O1)OC2C(OC(CC2O)OC3C(OC(CC3O)OC4CCC5(C(C4)CCC6C5CC(C7(C6(CCC7C8=CC(=O)OC8)O)C)O)C)C)C)O)O
Torasemide,Digoxin,The risk or severity of adverse effects can be increased when Torasemide is combined with Digoxin.,CC1=CC(=CC=C1)NC2=C(C=NC=C2)S(=O)(=O)NC(=O)NC(C)C,CC1C(C(CC(O1)OC2C(OC(CC2O)OC3C(OC(CC3O)OC4CCC5(C(C4)CCC6C5CC(C7(C6(CCC7C8=CC(=O)OC8)O)C)O)C)C)C)O)O
Bumetanide,Digoxin,The risk or severity of adverse effects can be increased when Bumetanide is combined with Digoxin.,CCCCNC1=C(C(=CC(=C1)C(=O)O)S(=O)(=O)N)OC2=CC=CC=C2,CC1C(C(CC(O1)OC2C(OC(CC2O)OC3C(OC(CC3O)OC4CCC5(C(C4)CCC6C5CC(C7(C6(CCC7C8=CC(=O)OC8)O)C)O)C)C)C)O)O
Edrophonium,Digoxin,Edrophonium may increase the atrioventricular blocking (AV block) activities of Digoxin.,CC[N+](C)(C)C1=CC(=CC=C1)O,CC1C(C(CC(O1)OC2C(OC(CC2O)OC3C(OC(CC3O)OC4CCC5(C(C4)CCC6C5CC(C7(C6(CCC7C8=CC(=O)OC8)O)C)O)C)C)C)O)O
Cabergoline,Digoxin,Cabergoline may decrease the cardiotoxic activities of Digoxin.,CCNC(=O)N(CCCN(C)C)C(=O)C1CC2C(CC3=CNC4=CC=CC2=C34)N(C1)CC=C,CC1C(C(CC(O1)OC2C(OC(CC2O)OC3C(OC(CC3O)OC4CCC5(C(C4)CCC6C5CC(C7(C6(CCC7C8=CC(=O)OC8)O)C)O)C)C)C)O)O
Moxifloxacin,Digoxin,Moxifloxacin may decrease the cardiotoxic activities of Digoxin.,COC1=C2C(=CC(=C1N3CC4CCCNC4C3)F)C(=O)C(=CN2C5CC5)C(=O)O,CC1C(C(CC(O1)OC2C(OC(CC2O)OC3C(OC(CC3O)OC4CCC5(C(C4)CCC6C5CC(C7(C6(CCC7C8=CC(=O)OC8)O)C)O)C)C)C)O)O
Pazopanib,Digoxin,The serum concentration of Digoxin can be increased when it is combined with Pazopanib.,CC1=C(C=C(C=C1)NC2=NC=CC(=N2)N(C)C3=CC4=NN(C(=C4C=C3)C)C)S(=O)(=O)N,CC1C(C(CC(O1)OC2C(OC(CC2O)OC3C(OC(CC3O)OC4CCC5(C(C4)CCC6C5CC(C7(C6(CCC7C8=CC(=O)OC8)O)C)O)C)C)C)O)O
Gemifloxacin,Digoxin,Gemifloxacin may decrease the cardiotoxic activities of Digoxin.,CON=C1CN(CC1CN)C2=C(C=C3C(=O)C(=CN(C3=N2)C4CC4)C(=O)O)F,CC1C(C(CC(O1)OC2C(OC(CC2O)OC3C(OC(CC3O)OC4CCC5(C(C4)CCC6C5CC(C7(C6(CCC7C8=CC(=O)OC8)O)C)O)C)C)C)O)O
Ciprofloxacin,Digoxin,Ciprofloxacin may decrease the cardiotoxic activities of Digoxin.,C1CC1N2C=C(C(=O)C3=CC(=C(C=C32)N4CCNCC4)F)C(=O)O,CC1C(C(CC(O1)OC2C(OC(CC2O)OC3C(OC(CC3O)OC4CCC5(C(C4)CCC6C5CC(C7(C6(CCC7C8=CC(=O)OC8)O)C)O)C)C)C)O)O
Lenvatinib,Digoxin,Lenvatinib may decrease the cardiotoxic activities of Digoxin.,COC1=CC2=NC=CC(=C2C=C1C(=O)N)OC3=CC(=C(C=C3)NC(=O)NC4CC4)Cl,CC1C(C(CC(O1)OC2C(OC(CC2O)OC3C(OC(CC3O)OC4CCC5(C(C4)CCC6C5CC(C7(C6(CCC7C8=CC(=O)OC8)O)C)O)C)C)C)O)O
Ofloxacin,Digoxin,Ofloxacin may decrease the cardiotoxic activities of Digoxin.,CC1COC2=C3N1C=C(C(=O)C3=CC(=C2N4CCN(CC4)C)F)C(=O)O,CC1C(C(CC(O1)OC2C(OC(CC2O)OC3C(OC(CC3O)OC4CCC5(C(C4)CCC6C5CC(C7(C6(CCC7C8=CC(=O)OC8)O)C)O)C)C)C)O)O
Toremifene,Digoxin,Toremifene may decrease the cardiotoxic activities of Digoxin.,CN(C)CCOC1=CC=C(C=C1)C(=C(CCCl)C2=CC=CC=C2)C3=CC=CC=C3,CC1C(C(CC(O1)OC2C(OC(CC2O)OC3C(OC(CC3O)OC4CCC5(C(C4)CCC6C5CC(C7(C6(CCC7C8=CC(=O)OC8)O)C)O)C)C)C)O)O
Arsenic trioxide,Digoxin,Arsenic trioxide may decrease the cardiotoxic activities of Digoxin.,[O-2].[O-2].[O-2].[As+3].[As+3],CC1C(C(CC(O1)OC2C(OC(CC2O)OC3C(OC(CC3O)OC4CCC5(C(C4)CCC6C5CC(C7(C6(CCC7C8=CC(=O)OC8)O)C)O)C)C)C)O)O
Levofloxacin,Digoxin,Levofloxacin may decrease the cardiotoxic activities of Digoxin.,CC1COC2=C3N1C=C(C(=O)C3=CC(=C2N4CCN(CC4)C)F)C(=O)O,CC1C(C(CC(O1)OC2C(OC(CC2O)OC3C(OC(CC3O)OC4CCC5(C(C4)CCC6C5CC(C7(C6(CCC7C8=CC(=O)OC8)O)C)O)C)C)C)O)O
Goserelin,Digoxin,Goserelin may decrease the cardiotoxic activities of Digoxin.,CC(C)CC(C(=O)NC(CCCN=C(N)N)C(=O)N1CCCC1C(=O)NNC(=O)N)NC(=O)C(COC(C)(C)C)NC(=O)C(CC2=CC=C(C=C2)O)NC(=O)C(CO)NC(=O)C(CC3=CNC4=CC=CC=C43)NC(=O)C(CC5=CN=CN5)NC(=O)C6CCC(=O)N6,CC1C(C(CC(O1)OC2C(OC(CC2O)OC3C(OC(CC3O)OC4CCC5(C(C4)CCC6C5CC(C7(C6(CCC7C8=CC(=O)OC8)O)C)O)C)C)C)O)O
Vorinostat,Digoxin,Vorinostat may decrease the cardiotoxic activities of Digoxin.,C1=CC=C(C=C1)NC(=O)CCCCCCC(=O)NO,CC1C(C(CC(O1)OC2C(OC(CC2O)OC3C(OC(CC3O)OC4CCC5(C(C4)CCC6C5CC(C7(C6(CCC7C8=CC(=O)OC8)O)C)O)C)C)C)O)O
Octreotide,Digoxin,Octreotide may decrease the cardiotoxic activities of Digoxin.,CC(C1C(=O)NC(CSSCC(C(=O)NC(C(=O)NC(C(=O)NC(C(=O)N1)CCCCN)CC2=CNC3=CC=CC=C32)CC4=CC=CC=C4)NC(=O)C(CC5=CC=CC=C5)N)C(=O)NC(CO)C(C)O)O,CC1C(C(CC(O1)OC2C(OC(CC2O)OC3C(OC(CC3O)OC4CCC5(C(C4)CCC6C5CC(C7(C6(CCC7C8=CC(=O)OC8)O)C)O)C)C)C)O)O
Triptorelin,Digoxin,Triptorelin may decrease the cardiotoxic activities of Digoxin.,CC(C)CC(C(=O)NC(CCCN=C(N)N)C(=O)N1CCCC1C(=O)NCC(=O)N)NC(=O)C(CC2=CNC3=CC=CC=C32)NC(=O)C(CC4=CC=C(C=C4)O)NC(=O)C(CO)NC(=O)C(CC5=CNC6=CC=CC=C65)NC(=O)C(CC7=CN=CN7)NC(=O)C8CCC(=O)N8,CC1C(C(CC(O1)OC2C(OC(CC2O)OC3C(OC(CC3O)OC4CCC5(C(C4)CCC6C5CC(C7(C6(CCC7C8=CC(=O)OC8)O)C)O)C)C)C)O)O
Degarelix,Digoxin,Degarelix may decrease the cardiotoxic activities of Digoxin.,CC(C)CC(C(=O)NC(CCCCNC(C)C)C(=O)N1CCCC1C(=O)NC(C)C(=O)N)NC(=O)C(CC2=CC=C(C=C2)NC(=O)N)NC(=O)C(CC3=CC=C(C=C3)NC(=O)C4CC(=O)NC(=O)N4)NC(=O)C(CO)NC(=O)C(CC5=CN=CC=C5)NC(=O)C(CC6=CC=C(C=C6)Cl)NC(=O)C(CC7=CC8=CC=CC=C8C=C7)NC(=O)C,CC1C(C(CC(O1)OC2C(OC(CC2O)OC3C(OC(CC3O)OC4CCC5(C(C4)CCC6C5CC(C7(C6(CCC7C8=CC(=O)OC8)O)C)O)C)C)C)O)O
Indapamide,Digoxin,The risk or severity of adverse effects can be increased when Indapamide is combined with Digoxin.,CC1CC2=CC=CC=C2N1NC(=O)C3=CC(=C(C=C3)Cl)S(=O)(=O)N,CC1C(C(CC(O1)OC2C(OC(CC2O)OC3C(OC(CC3O)OC4CCC5(C(C4)CCC6C5CC(C7(C6(CCC7C8=CC(=O)OC8)O)C)O)C)C)C)O)O
Eribulin,Digoxin,Eribulin may decrease the cardiotoxic activities of Digoxin.,CC1CC2CCC3C(=C)CC(O3)CCC45CC6C(O4)C7C(O6)C(O5)C8C(O7)CCC(O8)CC(=O)CC9C(CC(C1=C)O2)OC(C9OC)CC(CN)O,CC1C(C(CC(O1)OC2C(OC(CC2O)OC3C(OC(CC3O)OC4CCC5(C(C4)CCC6C5CC(C7(C6(CCC7C8=CC(=O)OC8)O)C)O)C)C)C)O)O
Epirubicin,Digoxin,Epirubicin may decrease the cardiotoxic activities of Digoxin.,CC1C(C(CC(O1)OC2CC(CC3=C2C(=C4C(=C3O)C(=O)C5=C(C4=O)C(=CC=C5)OC)O)(C(=O)CO)O)N)O,CC1C(C(CC(O1)OC2C(OC(CC2O)OC3C(OC(CC3O)OC4CCC5(C(C4)CCC6C5CC(C7(C6(CCC7C8=CC(=O)OC8)O)C)O)C)C)C)O)O
Streptomycin,Digoxin,The serum concentration of Digoxin can be decreased when it is combined with Streptomycin.,CC1C(C(C(O1)OC2C(C(C(C(C2O)O)N=C(N)N)O)N=C(N)N)OC3C(C(C(C(O3)CO)O)O)NC)(C=O)O,CC1C(C(CC(O1)OC2C(OC(CC2O)OC3C(OC(CC3O)OC4CCC5(C(C4)CCC6C5CC(C7(C6(CCC7C8=CC(=O)OC8)O)C)O)C)C)C)O)O
Metrizamide,Digoxin,The serum concentration of Digoxin can be decreased when it is combined with Metrizamide.,CC(=O)NC1=C(C(=C(C(=C1I)C(=O)NC2C(C(C(OC2O)CO)O)O)I)N(C)C(=O)C)I,CC1C(C(CC(O1)OC2C(OC(CC2O)OC3C(OC(CC3O)OC4CCC5(C(C4)CCC6C5CC(C7(C6(CCC7C8=CC(=O)OC8)O)C)O)C)C)C)O)O
Kanamycin,Digoxin,The serum concentration of Digoxin can be decreased when it is combined with Kanamycin.,C1C(C(C(C(C1N)OC2C(C(C(C(O2)CN)O)O)O)O)OC3C(C(C(C(O3)CO)O)N)O)N,CC1C(C(CC(O1)OC2C(OC(CC2O)OC3C(OC(CC3O)OC4CCC5(C(C4)CCC6C5CC(C7(C6(CCC7C8=CC(=O)OC8)O)C)O)C)C)C)O)O
Idarubicin,Digoxin,Idarubicin may decrease the cardiotoxic activities of Digoxin.,CC1C(C(CC(O1)OC2CC(CC3=C2C(=C4C(=C3O)C(=O)C5=CC=CC=C5C4=O)O)(C(=O)C)O)N)O,CC1C(C(CC(O1)OC2C(OC(CC2O)OC3C(OC(CC3O)OC4CCC5(C(C4)CCC6C5CC(C7(C6(CCC7C8=CC(=O)OC8)O)C)O)C)C)C)O)O
Plicamycin,Digoxin,Plicamycin may decrease the cardiotoxic activities of Digoxin.,CC1C(C(CC(O1)OC2CC(OC(C2O)C)OC3=CC4=CC5=C(C(=O)C(C(C5)C(C(=O)C(C(C)O)O)OC)OC6CC(C(C(O6)C)O)OC7CC(C(C(O7)C)O)OC8CC(C(C(O8)C)O)(C)O)C(=C4C(=C3C)O)O)O)O,CC1C(C(CC(O1)OC2C(OC(CC2O)OC3C(OC(CC3O)OC4CCC5(C(C4)CCC6C5CC(C7(C6(CCC7C8=CC(=O)OC8)O)C)O)C)C)C)O)O
Streptozocin,Digoxin,Streptozocin may decrease the cardiotoxic activities of Digoxin.,CN(C(=O)NC1C(C(C(OC1O)CO)O)O)N=O,CC1C(C(CC(O1)OC2C(OC(CC2O)OC3C(OC(CC3O)OC4CCC5(C(C4)CCC6C5CC(C7(C6(CCC7C8=CC(=O)OC8)O)C)O)C)C)C)O)O
Tobramycin,Digoxin,The serum concentration of Digoxin can be decreased when it is combined with Tobramycin.,C1C(C(C(C(C1N)OC2C(C(C(C(O2)CO)O)N)O)O)OC3C(CC(C(O3)CN)O)N)N,CC1C(C(CC(O1)OC2C(OC(CC2O)OC3C(OC(CC3O)OC4CCC5(C(C4)CCC6C5CC(C7(C6(CCC7C8=CC(=O)OC8)O)C)O)C)C)C)O)O
Amrubicin,Digoxin,Amrubicin may decrease the cardiotoxic activities of Digoxin.,CC(=O)C1(CC(C2=C(C1)C(=C3C(=C2O)C(=O)C4=CC=CC=C4C3=O)O)OC5CC(C(CO5)O)O)N,CC1C(C(CC(O1)OC2C(OC(CC2O)OC3C(OC(CC3O)OC4CCC5(C(C4)CCC6C5CC(C7(C6(CCC7C8=CC(=O)OC8)O)C)O)C)C)C)O)O
Framycetin,Digoxin,The serum concentration of Digoxin can be decreased when it is combined with Framycetin.,C1C(C(C(C(C1N)OC2C(C(C(C(O2)CN)O)O)N)OC3C(C(C(O3)CO)OC4C(C(C(C(O4)CN)O)O)N)O)O)N,CC1C(C(CC(O1)OC2C(OC(CC2O)OC3C(OC(CC3O)OC4CCC5(C(C4)CCC6C5CC(C7(C6(CCC7C8=CC(=O)OC8)O)C)O)C)C)C)O)O
Netilmicin,Digoxin,The serum concentration of Digoxin can be decreased when it is combined with Netilmicin.,CCNC1CC(C(C(C1OC2C(C(C(CO2)(C)O)NC)O)O)OC3C(CC=C(O3)CN)N)N,CC1C(C(CC(O1)OC2C(OC(CC2O)OC3C(OC(CC3O)OC4CCC5(C(C4)CCC6C5CC(C7(C6(CCC7C8=CC(=O)OC8)O)C)O)C)C)C)O)O
Amikacin,Digoxin,The serum concentration of Digoxin can be decreased when it is combined with Amikacin.,C1C(C(C(C(C1NC(=O)C(CCN)O)OC2C(C(C(C(O2)CO)O)N)O)O)OC3C(C(C(C(O3)CN)O)O)O)N,CC1C(C(CC(O1)OC2C(OC(CC2O)OC3C(OC(CC3O)OC4CCC5(C(C4)CCC6C5CC(C7(C6(CCC7C8=CC(=O)OC8)O)C)O)C)C)C)O)O
Valrubicin,Digoxin,Valrubicin may decrease the cardiotoxic activities of Digoxin.,CCCCC(=O)OCC(=O)C1(CC(C2=C(C1)C(=C3C(=C2O)C(=O)C4=C(C3=O)C=CC=C4OC)O)OC5CC(C(C(O5)C)O)NC(=O)C(F)(F)F)O,CC1C(C(CC(O1)OC2C(OC(CC2O)OC3C(OC(CC3O)OC4CCC5(C(C4)CCC6C5CC(C7(C6(CCC7C8=CC(=O)OC8)O)C)O)C)C)C)O)O
Daunorubicin,Digoxin,Daunorubicin may decrease the cardiotoxic activities of Digoxin.,CC1C(C(CC(O1)OC2CC(CC3=C2C(=C4C(=C3O)C(=O)C5=C(C4=O)C(=CC=C5)OC)O)(C(=O)C)O)N)O,CC1C(C(CC(O1)OC2C(OC(CC2O)OC3C(OC(CC3O)OC4CCC5(C(C4)CCC6C5CC(C7(C6(CCC7C8=CC(=O)OC8)O)C)O)C)C)C)O)O
Ribostamycin,Digoxin,The serum concentration of Digoxin can be decreased when it is combined with Ribostamycin.,C1C(C(C(C(C1N)OC2C(C(C(C(O2)CN)O)O)N)OC3C(C(C(O3)CO)O)O)O)N,CC1C(C(CC(O1)OC2C(OC(CC2O)OC3C(OC(CC3O)OC4CCC5(C(C4)CCC6C5CC(C7(C6(CCC7C8=CC(=O)OC8)O)C)O)C)C)C)O)O
Doxorubicin,Digoxin,Doxorubicin may decrease the cardiotoxic activities of Digoxin.,CC1C(C(CC(O1)OC2CC(CC3=C2C(=C4C(=C3O)C(=O)C5=C(C4=O)C(=CC=C5)OC)O)(C(=O)CO)O)N)O,CC1C(C(CC(O1)OC2C(OC(CC2O)OC3C(OC(CC3O)OC4CCC5(C(C4)CCC6C5CC(C7(C6(CCC7C8=CC(=O)OC8)O)C)O)C)C)C)O)O
Doxorubicin,Digoxin,The serum concentration of Digoxin can be increased when it is combined with Doxorubicin.,CC1C(C(CC(O1)OC2CC(CC3=C2C(=C4C(=C3O)C(=O)C5=C(C4=O)C(=CC=C5)OC)O)(C(=O)CO)O)N)O,CC1C(C(CC(O1)OC2C(OC(CC2O)OC3C(OC(CC3O)OC4CCC5(C(C4)CCC6C5CC(C7(C6(CCC7C8=CC(=O)OC8)O)C)O)C)C)C)O)O
Arbekacin,Digoxin,The serum concentration of Digoxin can be decreased when it is combined with Arbekacin.,C1CC(C(OC1CN)OC2C(CC(C(C2O)OC3C(C(C(C(O3)CO)O)N)O)NC(=O)C(CCN)O)N)N,CC1C(C(CC(O1)OC2C(OC(CC2O)OC3C(OC(CC3O)OC4CCC5(C(C4)CCC6C5CC(C7(C6(CCC7C8=CC(=O)OC8)O)C)O)C)C)C)O)O
Gentamicin,Digoxin,The serum concentration of Digoxin can be decreased when it is combined with Gentamicin.,CC(C1CCC(C(O1)OC2C(CC(C(C2O)OC3C(C(C(CO3)(C)O)NC)O)N)N)N)NC,CC1C(C(CC(O1)OC2C(OC(CC2O)OC3C(OC(CC3O)OC4CCC5(C(C4)CCC6C5CC(C7(C6(CCC7C8=CC(=O)OC8)O)C)O)C)C)C)O)O
Paromomycin,Digoxin,The serum concentration of Digoxin can be decreased when it is combined with Paromomycin.,C1C(C(C(C(C1N)OC2C(C(C(C(O2)CO)O)O)N)OC3C(C(C(O3)CO)OC4C(C(C(C(O4)CN)O)O)N)O)O)N,CC1C(C(CC(O1)OC2C(OC(CC2O)OC3C(OC(CC3O)OC4CCC5(C(C4)CCC6C5CC(C7(C6(CCC7C8=CC(=O)OC8)O)C)O)C)C)C)O)O
Spectinomycin,Digoxin,The serum concentration of Digoxin can be decreased when it is combined with Spectinomycin.,CC1CC(=O)C2(C(O1)OC3C(C(C(C(C3O2)NC)O)NC)O)O,CC1C(C(CC(O1)OC2C(OC(CC2O)OC3C(OC(CC3O)OC4CCC5(C(C4)CCC6C5CC(C7(C6(CCC7C8=CC(=O)OC8)O)C)O)C)C)C)O)O
Prednisone,Digoxin,Prednisone may decrease the cardiotoxic activities of Digoxin.,CC12CC(=O)C3C(C1CCC2(C(=O)CO)O)CCC4=CC(=O)C=CC34C,CC1C(C(CC(O1)OC2C(OC(CC2O)OC3C(OC(CC3O)OC4CCC5(C(C4)CCC6C5CC(C7(C6(CCC7C8=CC(=O)OC8)O)C)O)C)C)C)O)O
Methylprednisolone,Digoxin,Methylprednisolone may decrease the cardiotoxic activities of Digoxin.,CC1CC2C3CCC(C3(CC(C2C4(C1=CC(=O)C=C4)C)O)C)(C(=O)CO)O,CC1C(C(CC(O1)OC2C(OC(CC2O)OC3C(OC(CC3O)OC4CCC5(C(C4)CCC6C5CC(C7(C6(CCC7C8=CC(=O)OC8)O)C)O)C)C)C)O)O
Formestane,Digoxin,Formestane may decrease the cardiotoxic activities of Digoxin.,CC12CCC(=O)C(=C1CCC3C2CCC4(C3CCC4=O)C)O,CC1C(C(CC(O1)OC2C(OC(CC2O)OC3C(OC(CC3O)OC4CCC5(C(C4)CCC6C5CC(C7(C6(CCC7C8=CC(=O)OC8)O)C)O)C)C)C)O)O
Pamidronic acid,Digoxin,Pamidronic acid may decrease the cardiotoxic activities of Digoxin.,C(CN)C(O)(P(=O)(O)O)P(=O)(O)O,CC1C(C(CC(O1)OC2C(OC(CC2O)OC3C(OC(CC3O)OC4CCC5(C(C4)CCC6C5CC(C7(C6(CCC7C8=CC(=O)OC8)O)C)O)C)C)C)O)O
Bendroflumethiazide,Digoxin,The risk or severity of adverse effects can be increased when Bendroflumethiazide is combined with Digoxin.,C1=CC=C(C=C1)CC2NC3=C(C=C(C(=C3)C(F)(F)F)S(=O)(=O)N)S(=O)(=O)N2,CC1C(C(CC(O1)OC2C(OC(CC2O)OC3C(OC(CC3O)OC4CCC5(C(C4)CCC6C5CC(C7(C6(CCC7C8=CC(=O)OC8)O)C)O)C)C)C)O)O
Milnacipran,Digoxin,The risk or severity of adverse effects can be increased when Milnacipran is combined with Digoxin.,CCN(CC)C(=O)C1(CC1CN)C2=CC=CC=C2,CC1C(C(CC(O1)OC2C(OC(CC2O)OC3C(OC(CC3O)OC4CCC5(C(C4)CCC6C5CC(C7(C6(CCC7C8=CC(=O)OC8)O)C)O)C)C)C)O)O
Practolol,Digoxin,Practolol may increase the bradycardic activities of Digoxin.,CC(C)NCC(COC1=CC=C(C=C1)NC(=O)C)O,CC1C(C(CC(O1)OC2C(OC(CC2O)OC3C(OC(CC3O)OC4CCC5(C(C4)CCC6C5CC(C7(C6(CCC7C8=CC(=O)OC8)O)C)O)C)C)C)O)O
Altretamine,Digoxin,Altretamine may decrease the cardiotoxic activities of Digoxin.,CN(C)C1=NC(=NC(=N1)N(C)C)N(C)C,CC1C(C(CC(O1)OC2C(OC(CC2O)OC3C(OC(CC3O)OC4CCC5(C(C4)CCC6C5CC(C7(C6(CCC7C8=CC(=O)OC8)O)C)O)C)C)C)O)O
Arotinolol,Digoxin,Arotinolol may increase the bradycardic activities of Digoxin.,CC(C)(C)NCC(CSC1=NC(=CS1)C2=CC=C(S2)C(=O)N)O,CC1C(C(CC(O1)OC2C(OC(CC2O)OC3C(OC(CC3O)OC4CCC5(C(C4)CCC6C5CC(C7(C6(CCC7C8=CC(=O)OC8)O)C)O)C)C)C)O)O
Bretylium,Digoxin,Bretylium may increase the bradycardic activities of Digoxin.,CC[N+](C)(C)CC1=CC=CC=C1Br,CC1C(C(CC(O1)OC2C(OC(CC2O)OC3C(OC(CC3O)OC4CCC5(C(C4)CCC6C5CC(C7(C6(CCC7C8=CC(=O)OC8)O)C)O)C)C)C)O)O
Bevantolol,Digoxin,Bevantolol may increase the bradycardic activities of Digoxin.,CC1=CC(=CC=C1)OCC(CNCCC2=CC(=C(C=C2)OC)OC)O,CC1C(C(CC(O1)OC2C(OC(CC2O)OC3C(OC(CC3O)OC4CCC5(C(C4)CCC6C5CC(C7(C6(CCC7C8=CC(=O)OC8)O)C)O)C)C)C)O)O
Chlorthalidone,Digoxin,The risk or severity of adverse effects can be increased when Chlorthalidone is combined with Digoxin.,C1=CC=C2C(=C1)C(=O)NC2(C3=CC(=C(C=C3)Cl)S(=O)(=O)N)O,CC1C(C(CC(O1)OC2C(OC(CC2O)OC3C(OC(CC3O)OC4CCC5(C(C4)CCC6C5CC(C7(C6(CCC7C8=CC(=O)OC8)O)C)O)C)C)C)O)O
Tretinoin,Digoxin,Tretinoin may decrease the cardiotoxic activities of Digoxin.,CC1=C(C(CCC1)(C)C)C=CC(=CC=CC(=CC(=O)O)C)C,CC1C(C(CC(O1)OC2C(OC(CC2O)OC3C(OC(CC3O)OC4CCC5(C(C4)CCC6C5CC(C7(C6(CCC7C8=CC(=O)OC8)O)C)O)C)C)C)O)O
Methyclothiazide,Digoxin,The risk or severity of adverse effects can be increased when Methyclothiazide is combined with Digoxin.,CN1C(NC2=CC(=C(C=C2S1(=O)=O)S(=O)(=O)N)Cl)CCl,CC1C(C(CC(O1)OC2C(OC(CC2O)OC3C(OC(CC3O)OC4CCC5(C(C4)CCC6C5CC(C7(C6(CCC7C8=CC(=O)OC8)O)C)O)C)C)C)O)O
Clofarabine,Digoxin,Clofarabine may decrease the cardiotoxic activities of Digoxin.,C1=NC2=C(N=C(N=C2N1C3C(C(C(O3)CO)O)F)Cl)N,CC1C(C(CC(O1)OC2C(OC(CC2O)OC3C(OC(CC3O)OC4CCC5(C(C4)CCC6C5CC(C7(C6(CCC7C8=CC(=O)OC8)O)C)O)C)C)C)O)O
Amiloride,Digoxin,The therapeutic efficacy of Digoxin can be decreased when used in combination with Amiloride.,C1(=C(N=C(C(=N1)Cl)N)N)C(=O)N=C(N)N,CC1C(C(CC(O1)OC2C(OC(CC2O)OC3C(OC(CC3O)OC4CCC5(C(C4)CCC6C5CC(C7(C6(CCC7C8=CC(=O)OC8)O)C)O)C)C)C)O)O
Triamterene,Digoxin,The therapeutic efficacy of Digoxin can be decreased when used in combination with Triamterene.,C1=CC=C(C=C1)C2=NC3=C(N=C(N=C3N=C2N)N)N,CC1C(C(CC(O1)OC2C(OC(CC2O)OC3C(OC(CC3O)OC4CCC5(C(C4)CCC6C5CC(C7(C6(CCC7C8=CC(=O)OC8)O)C)O)C)C)C)O)O
Hydrochlorothiazide,Digoxin,The risk or severity of adverse effects can be increased when Hydrochlorothiazide is combined with Digoxin.,C1NC2=CC(=C(C=C2S(=O)(=O)N1)S(=O)(=O)N)Cl,CC1C(C(CC(O1)OC2C(OC(CC2O)OC3C(OC(CC3O)OC4CCC5(C(C4)CCC6C5CC(C7(C6(CCC7C8=CC(=O)OC8)O)C)O)C)C)C)O)O
Eplerenone,Digoxin,The therapeutic efficacy of Digoxin can be decreased when used in combination with Eplerenone.,CC12CCC(=O)C=C1CC(C3C24C(O4)CC5(C3CCC56CCC(=O)O6)C)C(=O)OC,CC1C(C(CC(O1)OC2C(OC(CC2O)OC3C(OC(CC3O)OC4CCC5(C(C4)CCC6C5CC(C7(C6(CCC7C8=CC(=O)OC8)O)C)O)C)C)C)O)O
Hydroflumethiazide,Digoxin,The risk or severity of adverse effects can be increased when Hydroflumethiazide is combined with Digoxin.,C1NC2=C(C=C(C(=C2)C(F)(F)F)S(=O)(=O)N)S(=O)(=O)N1,CC1C(C(CC(O1)OC2C(OC(CC2O)OC3C(OC(CC3O)OC4CCC5(C(C4)CCC6C5CC(C7(C6(CCC7C8=CC(=O)OC8)O)C)O)C)C)C)O)O
Metolazone,Digoxin,The risk or severity of adverse effects can be increased when Metolazone is combined with Digoxin.,CC1NC2=CC(=C(C=C2C(=O)N1C3=CC=CC=C3C)S(=O)(=O)N)Cl,CC1C(C(CC(O1)OC2C(OC(CC2O)OC3C(OC(CC3O)OC4CCC5(C(C4)CCC6C5CC(C7(C6(CCC7C8=CC(=O)OC8)O)C)O)C)C)C)O)O
Barnidipine,Digoxin,The risk or severity of adverse effects can be increased when Barnidipine is combined with Digoxin.,CC1=C(C(C(=C(N1)C)C(=O)OC2CCN(C2)CC3=CC=CC=C3)C4=CC(=CC=C4)[N+](=O)[O-])C(=O)OC,CC1C(C(CC(O1)OC2C(OC(CC2O)OC3C(OC(CC3O)OC4CCC5(C(C4)CCC6C5CC(C7(C6(CCC7C8=CC(=O)OC8)O)C)O)C)C)C)O)O
Chlorothiazide,Digoxin,The risk or severity of adverse effects can be increased when Chlorothiazide is combined with Digoxin.,C1=C2C(=CC(=C1Cl)S(=O)(=O)N)S(=O)(=O)N=CN2,CC1C(C(CC(O1)OC2C(OC(CC2O)OC3C(OC(CC3O)OC4CCC5(C(C4)CCC6C5CC(C7(C6(CCC7C8=CC(=O)OC8)O)C)O)C)C)C)O)O
Quinacrine,Digoxin,Quinacrine may decrease the cardiotoxic activities of Digoxin.,CCN(CC)CCCC(C)NC1=C2C=C(C=CC2=NC3=C1C=CC(=C3)Cl)OC,CC1C(C(CC(O1)OC2C(OC(CC2O)OC3C(OC(CC3O)OC4CCC5(C(C4)CCC6C5CC(C7(C6(CCC7C8=CC(=O)OC8)O)C)O)C)C)C)O)O
Nelarabine,Digoxin,Nelarabine may decrease the cardiotoxic activities of Digoxin.,COC1=NC(=NC2=C1N=CN2C3C(C(C(O3)CO)O)O)N,CC1C(C(CC(O1)OC2C(OC(CC2O)OC3C(OC(CC3O)OC4CCC5(C(C4)CCC6C5CC(C7(C6(CCC7C8=CC(=O)OC8)O)C)O)C)C)C)O)O
Azacitidine,Digoxin,Azacitidine may decrease the cardiotoxic activities of Digoxin.,C1=NC(=NC(=O)N1C2C(C(C(O2)CO)O)O)N,CC1C(C(CC(O1)OC2C(OC(CC2O)OC3C(OC(CC3O)OC4CCC5(C(C4)CCC6C5CC(C7(C6(CCC7C8=CC(=O)OC8)O)C)O)C)C)C)O)O
Ifosfamide,Digoxin,Ifosfamide may decrease the cardiotoxic activities of Digoxin.,C1CN(P(=O)(OC1)NCCCl)CCCl,CC1C(C(CC(O1)OC2C(OC(CC2O)OC3C(OC(CC3O)OC4CCC5(C(C4)CCC6C5CC(C7(C6(CCC7C8=CC(=O)OC8)O)C)O)C)C)C)O)O
Cytarabine,Digoxin,Cytarabine may decrease the cardiotoxic activities of Digoxin.,C1=CN(C(=O)N=C1N)C2C(C(C(O2)CO)O)O,CC1C(C(CC(O1)OC2C(OC(CC2O)OC3C(OC(CC3O)OC4CCC5(C(C4)CCC6C5CC(C7(C6(CCC7C8=CC(=O)OC8)O)C)O)C)C)C)O)O
Lomustine,Digoxin,Lomustine may decrease the cardiotoxic activities of Digoxin.,C1CCC(CC1)NC(=O)N(CCCl)N=O,CC1C(C(CC(O1)OC2C(OC(CC2O)OC3C(OC(CC3O)OC4CCC5(C(C4)CCC6C5CC(C7(C6(CCC7C8=CC(=O)OC8)O)C)O)C)C)C)O)O
Tofacitinib,Digoxin,Tofacitinib may increase the bradycardic activities of Digoxin.,CC1CCN(CC1N(C)C2=NC=NC3=C2C=CN3)C(=O)CC#N,CC1C(C(CC(O1)OC2C(OC(CC2O)OC3C(OC(CC3O)OC4CCC5(C(C4)CCC6C5CC(C7(C6(CCC7C8=CC(=O)OC8)O)C)O)C)C)C)O)O
Mechlorethamine,Digoxin,Mechlorethamine may decrease the cardiotoxic activities of Digoxin.,CN(CCCl)CCCl,CC1C(C(CC(O1)OC2C(OC(CC2O)OC3C(OC(CC3O)OC4CCC5(C(C4)CCC6C5CC(C7(C6(CCC7C8=CC(=O)OC8)O)C)O)C)C)C)O)O
Vincristine,Digoxin,Vincristine may decrease the cardiotoxic activities of Digoxin.,CCC1(CC2CC(C3=C(CCN(C2)C1)C4=CC=CC=C4N3)(C5=C(C=C6C(=C5)C78CCN9C7C(C=CC9)(C(C(C8N6C=O)(C(=O)OC)O)OC(=O)C)CC)OC)C(=O)OC)O,CC1C(C(CC(O1)OC2C(OC(CC2O)OC3C(OC(CC3O)OC4CCC5(C(C4)CCC6C5CC(C7(C6(CCC7C8=CC(=O)OC8)O)C)O)C)C)C)O)O
Temozolomide,Digoxin,Temozolomide may decrease the cardiotoxic activities of Digoxin.,CN1C(=O)N2C=NC(=C2N=N1)C(=O)N,CC1C(C(CC(O1)OC2C(OC(CC2O)OC3C(OC(CC3O)OC4CCC5(C(C4)CCC6C5CC(C7(C6(CCC7C8=CC(=O)OC8)O)C)O)C)C)C)O)O
Busulfan,Digoxin,Busulfan may decrease the cardiotoxic activities of Digoxin.,CS(=O)(=O)OCCCCOS(=O)(=O)C,CC1C(C(CC(O1)OC2C(OC(CC2O)OC3C(OC(CC3O)OC4CCC5(C(C4)CCC6C5CC(C7(C6(CCC7C8=CC(=O)OC8)O)C)O)C)C)C)O)O
Vinorelbine,Digoxin,Vinorelbine may decrease the cardiotoxic activities of Digoxin.,CCC1=CC2CC(C3=C(CN(C2)C1)C4=CC=CC=C4N3)(C5=C(C=C6C(=C5)C78CCN9C7C(C=CC9)(C(C(C8N6C)(C(=O)OC)O)OC(=O)C)CC)OC)C(=O)OC,CC1C(C(CC(O1)OC2C(OC(CC2O)OC3C(OC(CC3O)OC4CCC5(C(C4)CCC6C5CC(C7(C6(CCC7C8=CC(=O)OC8)O)C)O)C)C)C)O)O
Tioguanine,Digoxin,Tioguanine may decrease the cardiotoxic activities of Digoxin.,C1=NC2=C(N1)C(=S)N=C(N2)N,CC1C(C(CC(O1)OC2C(OC(CC2O)OC3C(OC(CC3O)OC4CCC5(C(C4)CCC6C5CC(C7(C6(CCC7C8=CC(=O)OC8)O)C)O)C)C)C)O)O
Mitoxantrone,Digoxin,Mitoxantrone may decrease the cardiotoxic activities of Digoxin.,C1=CC(=C2C(=C1NCCNCCO)C(=O)C3=C(C=CC(=C3C2=O)O)O)NCCNCCO,CC1C(C(CC(O1)OC2C(OC(CC2O)OC3C(OC(CC3O)OC4CCC5(C(C4)CCC6C5CC(C7(C6(CCC7C8=CC(=O)OC8)O)C)O)C)C)C)O)O
Fluorouracil,Digoxin,Fluorouracil may decrease the cardiotoxic activities of Digoxin.,C1=C(C(=O)NC(=O)N1)F,CC1C(C(CC(O1)OC2C(OC(CC2O)OC3C(OC(CC3O)OC4CCC5(C(C4)CCC6C5CC(C7(C6(CCC7C8=CC(=O)OC8)O)C)O)C)C)C)O)O
Imiquimod,Digoxin,Imiquimod may decrease the cardiotoxic activities of Digoxin.,CC(C)CN1C=NC2=C1C3=CC=CC=C3N=C2N,CC1C(C(CC(O1)OC2C(OC(CC2O)OC3C(OC(CC3O)OC4CCC5(C(C4)CCC6C5CC(C7(C6(CCC7C8=CC(=O)OC8)O)C)O)C)C)C)O)O
Oxaliplatin,Digoxin,Oxaliplatin may decrease the cardiotoxic activities of Digoxin.,C1CCC(C(C1)[NH-])[NH-].C(=O)(C(=O)O)O.[Pt+2],CC1C(C(CC(O1)OC2C(OC(CC2O)OC3C(OC(CC3O)OC4CCC5(C(C4)CCC6C5CC(C7(C6(CCC7C8=CC(=O)OC8)O)C)O)C)C)C)O)O
Pemetrexed,Digoxin,Pemetrexed may decrease the cardiotoxic activities of Digoxin.,C1=CC(=CC=C1CCC2=CNC3=C2C(=O)NC(=N3)N)C(=O)NC(CCC(=O)O)C(=O)O,CC1C(C(CC(O1)OC2C(OC(CC2O)OC3C(OC(CC3O)OC4CCC5(C(C4)CCC6C5CC(C7(C6(CCC7C8=CC(=O)OC8)O)C)O)C)C)C)O)O
Capecitabine,Digoxin,Capecitabine may decrease the cardiotoxic activities of Digoxin.,CCCCCOC(=O)NC1=NC(=O)N(C=C1F)C2C(C(C(O2)C)O)O,CC1C(C(CC(O1)OC2C(OC(CC2O)OC3C(OC(CC3O)OC4CCC5(C(C4)CCC6C5CC(C7(C6(CCC7C8=CC(=O)OC8)O)C)O)C)C)C)O)O
Fludarabine,Digoxin,Fludarabine may decrease the cardiotoxic activities of Digoxin.,C1=NC2=C(N=C(N=C2N1C3C(C(C(O3)CO)O)O)F)N,CC1C(C(CC(O1)OC2C(OC(CC2O)OC3C(OC(CC3O)OC4CCC5(C(C4)CCC6C5CC(C7(C6(CCC7C8=CC(=O)OC8)O)C)O)C)C)C)O)O
Pralatrexate,Digoxin,Pralatrexate may decrease the cardiotoxic activities of Digoxin.,C#CCC(CC1=CN=C2C(=N1)C(=NC(=N2)N)N)C3=CC=C(C=C3)C(=O)NC(CCC(=O)O)C(=O)O,CC1C(C(CC(O1)OC2C(OC(CC2O)OC3C(OC(CC3O)OC4CCC5(C(C4)CCC6C5CC(C7(C6(CCC7C8=CC(=O)OC8)O)C)O)C)C)C)O)O
Etoposide,Digoxin,Etoposide may decrease the cardiotoxic activities of Digoxin.,CC1OCC2C(O1)C(C(C(O2)OC3C4COC(=O)C4C(C5=CC6=C(C=C35)OCO6)C7=CC(=C(C(=C7)OC)O)OC)O)O,CC1C(C(CC(O1)OC2C(OC(CC2O)OC3C(OC(CC3O)OC4CCC5(C(C4)CCC6C5CC(C7(C6(CCC7C8=CC(=O)OC8)O)C)O)C)C)C)O)O
Ruxolitinib,Digoxin,Ruxolitinib may increase the bradycardic activities of Digoxin.,C1CCC(C1)C(CC#N)N2C=C(C=N2)C3=C4C=CNC4=NC=N3,CC1C(C(CC(O1)OC2C(OC(CC2O)OC3C(OC(CC3O)OC4CCC5(C(C4)CCC6C5CC(C7(C6(CCC7C8=CC(=O)OC8)O)C)O)C)C)C)O)O
Melphalan,Digoxin,Melphalan may decrease the cardiotoxic activities of Digoxin.,C1=CC(=CC=C1CC(C(=O)O)N)N(CCCl)CCCl,CC1C(C(CC(O1)OC2C(OC(CC2O)OC3C(OC(CC3O)OC4CCC5(C(C4)CCC6C5CC(C7(C6(CCC7C8=CC(=O)OC8)O)C)O)C)C)C)O)O
Sorafenib,Digoxin,Sorafenib may decrease the cardiotoxic activities of Digoxin.,CNC(=O)C1=NC=CC(=C1)OC2=CC=C(C=C2)NC(=O)NC3=CC(=C(C=C3)Cl)C(F)(F)F,CC1C(C(CC(O1)OC2C(OC(CC2O)OC3C(OC(CC3O)OC4CCC5(C(C4)CCC6C5CC(C7(C6(CCC7C8=CC(=O)OC8)O)C)O)C)C)C)O)O
Teniposide,Digoxin,Teniposide may decrease the cardiotoxic activities of Digoxin.,COC1=CC(=CC(=C1O)OC)C2C3C(COC3=O)C(C4=CC5=C(C=C24)OCO5)OC6C(C(C7C(O6)COC(O7)C8=CC=CS8)O)O,CC1C(C(CC(O1)OC2C(OC(CC2O)OC3C(OC(CC3O)OC4CCC5(C(C4)CCC6C5CC(C7(C6(CCC7C8=CC(=O)OC8)O)C)O)C)C)C)O)O
Everolimus,Digoxin,The serum concentration of Digoxin can be increased when it is combined with Everolimus.,CC1CCC2CC(C(=CC=CC=CC(CC(C(=O)C(C(C(=CC(C(=O)CC(OC(=O)C3CCCCN3C(=O)C(=O)C1(O2)O)C(C)CC4CCC(C(C4)OC)OCCO)C)C)O)OC)C)C)C)OC,CC1C(C(CC(O1)OC2C(OC(CC2O)OC3C(OC(CC3O)OC4CCC5(C(C4)CCC6C5CC(C7(C6(CCC7C8=CC(=O)OC8)O)C)O)C)C)C)O)O
Azathioprine,Digoxin,Azathioprine may decrease the cardiotoxic activities of Digoxin.,CN1C=NC(=C1SC2=NC=NC3=C2NC=N3)[N+](=O)[O-],CC1C(C(CC(O1)OC2C(OC(CC2O)OC3C(OC(CC3O)OC4CCC5(C(C4)CCC6C5CC(C7(C6(CCC7C8=CC(=O)OC8)O)C)O)C)C)C)O)O
Dactinomycin,Digoxin,Dactinomycin may decrease the cardiotoxic activities of Digoxin.,CC1C(C(=O)NC(C(=O)N2CCCC2C(=O)N(CC(=O)N(C(C(=O)O1)C(C)C)C)C)C(C)C)NC(=O)C3=C4C(=C(C=C3)C)OC5=C(C(=O)C(=C(C5=N4)C(=O)NC6C(OC(=O)C(N(C(=O)CN(C(=O)C7CCCN7C(=O)C(NC6=O)C(C)C)C)C)C(C)C)C)N)C,CC1C(C(CC(O1)OC2C(OC(CC2O)OC3C(OC(CC3O)OC4CCC5(C(C4)CCC6C5CC(C7(C6(CCC7C8=CC(=O)OC8)O)C)O)C)C)C)O)O
Mitomycin,Digoxin,Mitomycin may decrease the cardiotoxic activities of Digoxin.,CC1=C(C(=O)C2=C(C1=O)N3CC4C(C3(C2COC(=O)N)OC)N4)N,CC1C(C(CC(O1)OC2C(OC(CC2O)OC3C(OC(CC3O)OC4CCC5(C(C4)CCC6C5CC(C7(C6(CCC7C8=CC(=O)OC8)O)C)O)C)C)C)O)O
Cisplatin,Digoxin,Cisplatin may decrease the cardiotoxic activities of Digoxin.,N.N.Cl[Pt]Cl,CC1C(C(CC(O1)OC2C(OC(CC2O)OC3C(OC(CC3O)OC4CCC5(C(C4)CCC6C5CC(C7(C6(CCC7C8=CC(=O)OC8)O)C)O)C)C)C)O)O
Carmustine,Digoxin,Carmustine may decrease the cardiotoxic activities of Digoxin.,C(CCl)NC(=O)N(CCCl)N=O,CC1C(C(CC(O1)OC2C(OC(CC2O)OC3C(OC(CC3O)OC4CCC5(C(C4)CCC6C5CC(C7(C6(CCC7C8=CC(=O)OC8)O)C)O)C)C)C)O)O
Hydroxyurea,Digoxin,Hydroxyurea may decrease the cardiotoxic activities of Digoxin.,C(=O)(N)NO,CC1C(C(CC(O1)OC2C(OC(CC2O)OC3C(OC(CC3O)OC4CCC5(C(C4)CCC6C5CC(C7(C6(CCC7C8=CC(=O)OC8)O)C)O)C)C)C)O)O
Cladribine,Digoxin,Cladribine may decrease the cardiotoxic activities of Digoxin.,C1C(C(OC1N2C=NC3=C(N=C(N=C32)Cl)N)CO)O,CC1C(C(CC(O1)OC2C(OC(CC2O)OC3C(OC(CC3O)OC4CCC5(C(C4)CCC6C5CC(C7(C6(CCC7C8=CC(=O)OC8)O)C)O)C)C)C)O)O
Ibrutinib,Digoxin,Ibrutinib may decrease the cardiotoxic activities of Digoxin.,C=CC(=O)N1CCCC(C1)N2C3=NC=NC(=C3C(=N2)C4=CC=C(C=C4)OC5=CC=CC=C5)N,CC1C(C(CC(O1)OC2C(OC(CC2O)OC3C(OC(CC3O)OC4CCC5(C(C4)CCC6C5CC(C7(C6(CCC7C8=CC(=O)OC8)O)C)O)C)C)C)O)O
Amsacrine,Digoxin,Amsacrine may decrease the cardiotoxic activities of Digoxin.,COC1=C(C=CC(=C1)NS(=O)(=O)C)NC2=C3C=CC=CC3=NC4=CC=CC=C42,CC1C(C(CC(O1)OC2C(OC(CC2O)OC3C(OC(CC3O)OC4CCC5(C(C4)CCC6C5CC(C7(C6(CCC7C8=CC(=O)OC8)O)C)O)C)C)C)O)O
Vinblastine,Digoxin,Vinblastine may decrease the cardiotoxic activities of Digoxin.,CCC1(CC2CC(C3=C(CCN(C2)C1)C4=CC=CC=C4N3)(C5=C(C=C6C(=C5)C78CCN9C7C(C=CC9)(C(C(C8N6C)(C(=O)OC)O)OC(=O)C)CC)OC)C(=O)OC)O,CC1C(C(CC(O1)OC2C(OC(CC2O)OC3C(OC(CC3O)OC4CCC5(C(C4)CCC6C5CC(C7(C6(CCC7C8=CC(=O)OC8)O)C)O)C)C)C)O)O
Temsirolimus,Digoxin,Temsirolimus may decrease the cardiotoxic activities of Digoxin.,CC1CCC2CC(C(=CC=CC=CC(CC(C(=O)C(C(C(=CC(C(=O)CC(OC(=O)C3CCCCN3C(=O)C(=O)C1(O2)O)C(C)CC4CCC(C(C4)OC)OC(=O)C(C)(CO)CO)C)C)O)OC)C)C)C)OC,CC1C(C(CC(O1)OC2C(OC(CC2O)OC3C(OC(CC3O)OC4CCC5(C(C4)CCC6C5CC(C7(C6(CCC7C8=CC(=O)OC8)O)C)O)C)C)C)O)O
Thiotepa,Digoxin,Thiotepa may decrease the cardiotoxic activities of Digoxin.,C1CN1P(=S)(N2CC2)N3CC3,CC1C(C(CC(O1)OC2C(OC(CC2O)OC3C(OC(CC3O)OC4CCC5(C(C4)CCC6C5CC(C7(C6(CCC7C8=CC(=O)OC8)O)C)O)C)C)C)O)O
Gemcitabine,Digoxin,Gemcitabine may decrease the cardiotoxic activities of Digoxin.,C1=CN(C(=O)N=C1N)C2C(C(C(O2)CO)O)(F)F,CC1C(C(CC(O1)OC2C(OC(CC2O)OC3C(OC(CC3O)OC4CCC5(C(C4)CCC6C5CC(C7(C6(CCC7C8=CC(=O)OC8)O)C)O)C)C)C)O)O
Chlorambucil,Digoxin,Chlorambucil may decrease the cardiotoxic activities of Digoxin.,C1=CC(=CC=C1CCCC(=O)O)N(CCCl)CCCl,CC1C(C(CC(O1)OC2C(OC(CC2O)OC3C(OC(CC3O)OC4CCC5(C(C4)CCC6C5CC(C7(C6(CCC7C8=CC(=O)OC8)O)C)O)C)C)C)O)O
Mercaptopurine,Digoxin,Mercaptopurine may decrease the cardiotoxic activities of Digoxin.,C1=NC2=C(N1)C(=S)N=CN2,CC1C(C(CC(O1)OC2C(OC(CC2O)OC3C(OC(CC3O)OC4CCC5(C(C4)CCC6C5CC(C7(C6(CCC7C8=CC(=O)OC8)O)C)O)C)C)C)O)O
Methotrexate,Digoxin,Methotrexate may decrease the cardiotoxic activities of Digoxin.,CN(CC1=CN=C2C(=N1)C(=NC(=N2)N)N)C3=CC=C(C=C3)C(=O)NC(CCC(=O)O)C(=O)O,CC1C(C(CC(O1)OC2C(OC(CC2O)OC3C(OC(CC3O)OC4CCC5(C(C4)CCC6C5CC(C7(C6(CCC7C8=CC(=O)OC8)O)C)O)C)C)C)O)O
Bleomycin,Digoxin,Bleomycin may decrease the cardiotoxic activities of Digoxin.,CC1=C(N=C(N=C1N)C(CC(=O)N)NCC(C(=O)N)N)C(=O)NC(C(C2=CN=CN2)OC3C(C(C(C(O3)CO)O)O)OC4C(C(C(C(O4)CO)O)OC(=O)N)O)C(=O)NC(C)C(C(C)C(=O)NC(C(C)O)C(=O)NCCC5=NC(=CS5)C6=NC(=CS6)C(=O)NCCC[S+](C)C)O,CC1C(C(CC(O1)OC2C(OC(CC2O)OC3C(OC(CC3O)OC4CCC5(C(C4)CCC6C5CC(C7(C6(CCC7C8=CC(=O)OC8)O)C)O)C)C)C)O)O
Estramustine,Digoxin,Estramustine may decrease the cardiotoxic activities of Digoxin.,CC12CCC3C(C1CCC2O)CCC4=C3C=CC(=C4)OC(=O)N(CCCl)CCCl,CC1C(C(CC(O1)OC2C(OC(CC2O)OC3C(OC(CC3O)OC4CCC5(C(C4)CCC6C5CC(C7(C6(CCC7C8=CC(=O)OC8)O)C)O)C)C)C)O)O
Vindesine,Digoxin,Vindesine may decrease the cardiotoxic activities of Digoxin.,CCC1(CC2CC(C3=C(CCN(C2)C1)C4=CC=CC=C4N3)(C5=C(C=C6C(=C5)C78CCN9C7C(C=CC9)(C(C(C8N6C)(C(=O)N)O)O)CC)OC)C(=O)OC)O,CC1C(C(CC(O1)OC2C(OC(CC2O)OC3C(OC(CC3O)OC4CCC5(C(C4)CCC6C5CC(C7(C6(CCC7C8=CC(=O)OC8)O)C)O)C)C)C)O)O
Floxuridine,Digoxin,Floxuridine may decrease the cardiotoxic activities of Digoxin.,C1C(C(OC1N2C=C(C(=O)NC2=O)F)CO)O,CC1C(C(CC(O1)OC2C(OC(CC2O)OC3C(OC(CC3O)OC4CCC5(C(C4)CCC6C5CC(C7(C6(CCC7C8=CC(=O)OC8)O)C)O)C)C)C)O)O
Dacarbazine,Digoxin,Dacarbazine may decrease the cardiotoxic activities of Digoxin.,CN(C)N=NC1=C(NC=N1)C(=O)N,CC1C(C(CC(O1)OC2C(OC(CC2O)OC3C(OC(CC3O)OC4CCC5(C(C4)CCC6C5CC(C7(C6(CCC7C8=CC(=O)OC8)O)C)O)C)C)C)O)O
Trabectedin,Digoxin,Trabectedin may decrease the cardiotoxic activities of Digoxin.,CC1=CC2=C(C3C4C5C6=C(C(=C7C(=C6C(N4C(C(C2)N3C)O)COC(=O)C8(CS5)C9=CC(=C(C=C9CCN8)O)OC)OCO7)C)OC(=O)C)C(=C1OC)O,CC1C(C(CC(O1)OC2C(OC(CC2O)OC3C(OC(CC3O)OC4CCC5(C(C4)CCC6C5CC(C7(C6(CCC7C8=CC(=O)OC8)O)C)O)C)C)C)O)O
Irinotecan,Digoxin,Irinotecan may decrease the cardiotoxic activities of Digoxin.,CCC1=C2CN3C(=CC4=C(C3=O)COC(=O)C4(CC)O)C2=NC5=C1C=C(C=C5)OC(=O)N6CCC(CC6)N7CCCCC7,CC1C(C(CC(O1)OC2C(OC(CC2O)OC3C(OC(CC3O)OC4CCC5(C(C4)CCC6C5CC(C7(C6(CCC7C8=CC(=O)OC8)O)C)O)C)C)C)O)O
Gallium nitrate,Digoxin,Gallium nitrate may decrease the cardiotoxic activities of Digoxin.,[N+](=O)([O-])[O-].[N+](=O)([O-])[O-].[N+](=O)([O-])[O-].[Ga+3],CC1C(C(CC(O1)OC2C(OC(CC2O)OC3C(OC(CC3O)OC4CCC5(C(C4)CCC6C5CC(C7(C6(CCC7C8=CC(=O)OC8)O)C)O)C)C)C)O)O
Topotecan,Digoxin,The serum concentration of Digoxin can be increased when it is combined with Topotecan.,CCC1(C2=C(COC1=O)C(=O)N3CC4=CC5=C(C=CC(=C5CN(C)C)O)N=C4C3=C2)O,CC1C(C(CC(O1)OC2C(OC(CC2O)OC3C(OC(CC3O)OC4CCC5(C(C4)CCC6C5CC(C7(C6(CCC7C8=CC(=O)OC8)O)C)O)C)C)C)O)O
Tibolone,Digoxin,Tibolone may decrease the cardiotoxic activities of Digoxin.,CC1CC2=C(CCC(=O)C2)C3C1C4CCC(C4(CC3)C)(C#C)O,CC1C(C(CC(O1)OC2C(OC(CC2O)OC3C(OC(CC3O)OC4CCC5(C(C4)CCC6C5CC(C7(C6(CCC7C8=CC(=O)OC8)O)C)O)C)C)C)O)O
Trichlormethiazide,Digoxin,The risk or severity of adverse effects can be increased when Trichlormethiazide is combined with Digoxin.,C1=C2C(=CC(=C1Cl)S(=O)(=O)N)S(=O)(=O)NC(N2)C(Cl)Cl,CC1C(C(CC(O1)OC2C(OC(CC2O)OC3C(OC(CC3O)OC4CCC5(C(C4)CCC6C5CC(C7(C6(CCC7C8=CC(=O)OC8)O)C)O)C)C)C)O)O
Albendazole,Digoxin,Albendazole may decrease the cardiotoxic activities of Digoxin.,CCCSC1=CC2=C(C=C1)N=C(N2)NC(=O)OC,CC1C(C(CC(O1)OC2C(OC(CC2O)OC3C(OC(CC3O)OC4CCC5(C(C4)CCC6C5CC(C7(C6(CCC7C8=CC(=O)OC8)O)C)O)C)C)C)O)O
Podofilox,Digoxin,Podofilox may decrease the cardiotoxic activities of Digoxin.,COC1=CC(=CC(=C1OC)OC)C2C3C(COC3=O)C(C4=CC5=C(C=C24)OCO5)O,CC1C(C(CC(O1)OC2C(OC(CC2O)OC3C(OC(CC3O)OC4CCC5(C(C4)CCC6C5CC(C7(C6(CCC7C8=CC(=O)OC8)O)C)O)C)C)C)O)O
Gefitinib,Digoxin,Gefitinib may decrease the cardiotoxic activities of Digoxin.,COC1=C(C=C2C(=C1)N=CN=C2NC3=CC(=C(C=C3)F)Cl)OCCCN4CCOCC4,CC1C(C(CC(O1)OC2C(OC(CC2O)OC3C(OC(CC3O)OC4CCC5(C(C4)CCC6C5CC(C7(C6(CCC7C8=CC(=O)OC8)O)C)O)C)C)C)O)O
Lapatinib,Digoxin,Lapatinib may decrease the cardiotoxic activities of Digoxin.,CS(=O)(=O)CCNCC1=CC=C(O1)C2=CC3=C(C=C2)N=CN=C3NC4=CC(=C(C=C4)OCC5=CC(=CC=C5)F)Cl,CC1C(C(CC(O1)OC2C(OC(CC2O)OC3C(OC(CC3O)OC4CCC5(C(C4)CCC6C5CC(C7(C6(CCC7C8=CC(=O)OC8)O)C)O)C)C)C)O)O
Regorafenib,Digoxin,Regorafenib may increase the bradycardic activities of Digoxin.,CNC(=O)C1=NC=CC(=C1)OC2=CC(=C(C=C2)NC(=O)NC3=CC(=C(C=C3)Cl)C(F)(F)F)F,CC1C(C(CC(O1)OC2C(OC(CC2O)OC3C(OC(CC3O)OC4CCC5(C(C4)CCC6C5CC(C7(C6(CCC7C8=CC(=O)OC8)O)C)O)C)C)C)O)O
Ponatinib,Digoxin,Ponatinib may decrease the cardiotoxic activities of Digoxin.,CC1=C(C=C(C=C1)C(=O)NC2=CC(=C(C=C2)CN3CCN(CC3)C)C(F)(F)F)C#CC4=CN=C5N4N=CC=C5,CC1C(C(CC(O1)OC2C(OC(CC2O)OC3C(OC(CC3O)OC4CCC5(C(C4)CCC6C5CC(C7(C6(CCC7C8=CC(=O)OC8)O)C)O)C)C)C)O)O
Paricalcitol,Digoxin,The risk or severity of adverse effects can be increased when Paricalcitol is combined with Digoxin.,CC(C=CC(C)C(C)(C)O)C1CCC2C1(CCCC2=CC=C3CC(CC(C3)O)O)C,CC1C(C(CC(O1)OC2C(OC(CC2O)OC3C(OC(CC3O)OC4CCC5(C(C4)CCC6C5CC(C7(C6(CCC7C8=CC(=O)OC8)O)C)O)C)C)C)O)O
Bendamustine,Digoxin,Bendamustine may decrease the cardiotoxic activities of Digoxin.,CN1C2=C(C=C(C=C2)N(CCCl)CCCl)N=C1CCCC(=O)O,CC1C(C(CC(O1)OC2C(OC(CC2O)OC3C(OC(CC3O)OC4CCC5(C(C4)CCC6C5CC(C7(C6(CCC7C8=CC(=O)OC8)O)C)O)C)C)C)O)O
Axitinib,Digoxin,Axitinib may decrease the cardiotoxic activities of Digoxin.,CNC(=O)C1=CC=CC=C1SC2=CC3=C(C=C2)C(=NN3)C=CC4=CC=CC=N4,CC1C(C(CC(O1)OC2C(OC(CC2O)OC3C(OC(CC3O)OC4CCC5(C(C4)CCC6C5CC(C7(C6(CCC7C8=CC(=O)OC8)O)C)O)C)C)C)O)O
Flutamide,Digoxin,Flutamide may decrease the cardiotoxic activities of Digoxin.,CC(C)C(=O)NC1=CC(=C(C=C1)[N+](=O)[O-])C(F)(F)F,CC1C(C(CC(O1)OC2C(OC(CC2O)OC3C(OC(CC3O)OC4CCC5(C(C4)CCC6C5CC(C7(C6(CCC7C8=CC(=O)OC8)O)C)O)C)C)C)O)O
Nilutamide,Digoxin,Nilutamide may decrease the cardiotoxic activities of Digoxin.,CC1(C(=O)N(C(=O)N1)C2=CC(=C(C=C2)[N+](=O)[O-])C(F)(F)F)C,CC1C(C(CC(O1)OC2C(OC(CC2O)OC3C(OC(CC3O)OC4CCC5(C(C4)CCC6C5CC(C7(C6(CCC7C8=CC(=O)OC8)O)C)O)C)C)C)O)O
Vismodegib,Digoxin,Vismodegib may decrease the cardiotoxic activities of Digoxin.,CS(=O)(=O)C1=CC(=C(C=C1)C(=O)NC2=CC(=C(C=C2)Cl)C3=CC=CC=N3)Cl,CC1C(C(CC(O1)OC2C(OC(CC2O)OC3C(OC(CC3O)OC4CCC5(C(C4)CCC6C5CC(C7(C6(CCC7C8=CC(=O)OC8)O)C)O)C)C)C)O)O
Exemestane,Digoxin,Exemestane may decrease the cardiotoxic activities of Digoxin.,CC12CCC3C(C1CCC2=O)CC(=C)C4=CC(=O)C=CC34C,CC1C(C(CC(O1)OC2C(OC(CC2O)OC3C(OC(CC3O)OC4CCC5(C(C4)CCC6C5CC(C7(C6(CCC7C8=CC(=O)OC8)O)C)O)C)C)C)O)O
Methyltestosterone,Digoxin,Methyltestosterone may decrease the cardiotoxic activities of Digoxin.,CC12CCC(=O)C=C1CCC3C2CCC4(C3CCC4(C)O)C,CC1C(C(CC(O1)OC2C(OC(CC2O)OC3C(OC(CC3O)OC4CCC5(C(C4)CCC6C5CC(C7(C6(CCC7C8=CC(=O)OC8)O)C)O)C)C)C)O)O
Bexarotene,Digoxin,Bexarotene may decrease the cardiotoxic activities of Digoxin.,CC1=CC2=C(C=C1C(=C)C3=CC=C(C=C3)C(=O)O)C(CCC2(C)C)(C)C,CC1C(C(CC(O1)OC2C(OC(CC2O)OC3C(OC(CC3O)OC4CCC5(C(C4)CCC6C5CC(C7(C6(CCC7C8=CC(=O)OC8)O)C)O)C)C)C)O)O
Venetoclax,Digoxin,Venetoclax may decrease the cardiotoxic activities of Digoxin.,CC1(CCC(=C(C1)C2=CC=C(C=C2)Cl)CN3CCN(CC3)C4=CC(=C(C=C4)C(=O)NS(=O)(=O)C5=CC(=C(C=C5)NCC6CCOCC6)[N+](=O)[O-])OC7=CN=C8C(=C7)C=CN8)C,CC1C(C(CC(O1)OC2C(OC(CC2O)OC3C(OC(CC3O)OC4CCC5(C(C4)CCC6C5CC(C7(C6(CCC7C8=CC(=O)OC8)O)C)O)C)C)C)O)O
Tamoxifen,Digoxin,Tamoxifen may decrease the cardiotoxic activities of Digoxin.,CCC(=C(C1=CC=CC=C1)C2=CC=C(C=C2)OCCN(C)C)C3=CC=CC=C3,CC1C(C(CC(O1)OC2C(OC(CC2O)OC3C(OC(CC3O)OC4CCC5(C(C4)CCC6C5CC(C7(C6(CCC7C8=CC(=O)OC8)O)C)O)C)C)C)O)O
Cabozantinib,Digoxin,Cabozantinib may decrease the cardiotoxic activities of Digoxin.,COC1=CC2=C(C=CN=C2C=C1OC)OC3=CC=C(C=C3)NC(=O)C4(CC4)C(=O)NC5=CC=C(C=C5)F,CC1C(C(CC(O1)OC2C(OC(CC2O)OC3C(OC(CC3O)OC4CCC5(C(C4)CCC6C5CC(C7(C6(CCC7C8=CC(=O)OC8)O)C)O)C)C)C)O)O
Romidepsin,Digoxin,Romidepsin may decrease the cardiotoxic activities of Digoxin.,CC=C1C(=O)NC(C(=O)OC2CC(=O)NC(C(=O)NC(CSSCCC=C2)C(=O)N1)C(C)C)C(C)C,CC1C(C(CC(O1)OC2C(OC(CC2O)OC3C(OC(CC3O)OC4CCC5(C(C4)CCC6C5CC(C7(C6(CCC7C8=CC(=O)OC8)O)C)O)C)C)C)O)O
Fulvestrant,Digoxin,Fulvestrant may decrease the cardiotoxic activities of Digoxin.,CC12CCC3C(C1CCC2O)C(CC4=C3C=CC(=C4)O)CCCCCCCCCS(=O)CCCC(C(F)(F)F)(F)F,CC1C(C(CC(O1)OC2C(OC(CC2O)OC3C(OC(CC3O)OC4CCC5(C(C4)CCC6C5CC(C7(C6(CCC7C8=CC(=O)OC8)O)C)O)C)C)C)O)O
Erlotinib,Digoxin,Erlotinib may decrease the cardiotoxic activities of Digoxin.,COCCOC1=C(C=C2C(=C1)C(=NC=N2)NC3=CC=CC(=C3)C#C)OCCOC,CC1C(C(CC(O1)OC2C(OC(CC2O)OC3C(OC(CC3O)OC4CCC5(C(C4)CCC6C5CC(C7(C6(CCC7C8=CC(=O)OC8)O)C)O)C)C)C)O)O
Hydroxyprogesterone caproate,Digoxin,Hydroxyprogesterone caproate may decrease the cardiotoxic activities of Digoxin.,CCCCCC(=O)OC1(CCC2C1(CCC3C2CCC4=CC(=O)CCC34C)C)C(=O)C,CC1C(C(CC(O1)OC2C(OC(CC2O)OC3C(OC(CC3O)OC4CCC5(C(C4)CCC6C5CC(C7(C6(CCC7C8=CC(=O)OC8)O)C)O)C)C)C)O)O
Dabrafenib,Digoxin,The serum concentration of Digoxin can be decreased when it is combined with Dabrafenib.,CC(C)(C)C1=NC(=C(S1)C2=NC(=NC=C2)N)C3=C(C(=CC=C3)NS(=O)(=O)C4=C(C=CC=C4F)F)F,CC1C(C(CC(O1)OC2C(OC(CC2O)OC3C(OC(CC3O)OC4CCC5(C(C4)CCC6C5CC(C7(C6(CCC7C8=CC(=O)OC8)O)C)O)C)C)C)O)O
Mebendazole,Digoxin,Mebendazole may decrease the cardiotoxic activities of Digoxin.,COC(=O)NC1=NC2=C(N1)C=C(C=C2)C(=O)C3=CC=CC=C3,CC1C(C(CC(O1)OC2C(OC(CC2O)OC3C(OC(CC3O)OC4CCC5(C(C4)CCC6C5CC(C7(C6(CCC7C8=CC(=O)OC8)O)C)O)C)C)C)O)O
Bicalutamide,Digoxin,Bicalutamide may decrease the cardiotoxic activities of Digoxin.,CC(CS(=O)(=O)C1=CC=C(C=C1)F)(C(=O)NC2=CC(=C(C=C2)C#N)C(F)(F)F)O,CC1C(C(CC(O1)OC2C(OC(CC2O)OC3C(OC(CC3O)OC4CCC5(C(C4)CCC6C5CC(C7(C6(CCC7C8=CC(=O)OC8)O)C)O)C)C)C)O)O
Ixabepilone,Digoxin,Ixabepilone may decrease the cardiotoxic activities of Digoxin.,CC1CCCC2(C(O2)CC(NC(=O)CC(C(C(=O)C(C1O)C)(C)C)O)C(=CC3=CSC(=N3)C)C)C,CC1C(C(CC(O1)OC2C(OC(CC2O)OC3C(OC(CC3O)OC4CCC5(C(C4)CCC6C5CC(C7(C6(CCC7C8=CC(=O)OC8)O)C)O)C)C)C)O)O
Lomefloxacin,Digoxin,Lomefloxacin may decrease the cardiotoxic activities of Digoxin.,CCN1C=C(C(=O)C2=CC(=C(C(=C21)F)N3CCNC(C3)C)F)C(=O)O,CC1C(C(CC(O1)OC2C(OC(CC2O)OC3C(OC(CC3O)OC4CCC5(C(C4)CCC6C5CC(C7(C6(CCC7C8=CC(=O)OC8)O)C)O)C)C)C)O)O
Colchicine,Digoxin,The serum concentration of Digoxin can be increased when it is combined with Colchicine.,CC(=O)NC1CCC2=CC(=C(C(=C2C3=CC=C(C(=O)C=C13)OC)OC)OC)OC,CC1C(C(CC(O1)OC2C(OC(CC2O)OC3C(OC(CC3O)OC4CCC5(C(C4)CCC6C5CC(C7(C6(CCC7C8=CC(=O)OC8)O)C)O)C)C)C)O)O
Quinethazone,Digoxin,The risk or severity of adverse effects can be increased when Quinethazone is combined with Digoxin.,CCC1NC2=CC(=C(C=C2C(=O)N1)S(=O)(=O)N)Cl,CC1C(C(CC(O1)OC2C(OC(CC2O)OC3C(OC(CC3O)OC4CCC5(C(C4)CCC6C5CC(C7(C6(CCC7C8=CC(=O)OC8)O)C)O)C)C)C)O)O
Decitabine,Digoxin,Decitabine may decrease the cardiotoxic activities of Digoxin.,C1C(C(OC1N2C=NC(=NC2=O)N)CO)O,CC1C(C(CC(O1)OC2C(OC(CC2O)OC3C(OC(CC3O)OC4CCC5(C(C4)CCC6C5CC(C7(C6(CCC7C8=CC(=O)OC8)O)C)O)C)C)C)O)O
Carfilzomib,Digoxin,Carfilzomib may decrease the cardiotoxic activities of Digoxin.,CC(C)CC(C(=O)C1(CO1)C)NC(=O)C(CC2=CC=CC=C2)NC(=O)C(CC(C)C)NC(=O)C(CCC3=CC=CC=C3)NC(=O)CN4CCOCC4,CC1C(C(CC(O1)OC2C(OC(CC2O)OC3C(OC(CC3O)OC4CCC5(C(C4)CCC6C5CC(C7(C6(CCC7C8=CC(=O)OC8)O)C)O)C)C)C)O)O
Dexrazoxane,Digoxin,Dexrazoxane may decrease the cardiotoxic activities of Digoxin.,CC(CN1CC(=O)NC(=O)C1)N2CC(=O)NC(=O)C2,CC1C(C(CC(O1)OC2C(OC(CC2O)OC3C(OC(CC3O)OC4CCC5(C(C4)CCC6C5CC(C7(C6(CCC7C8=CC(=O)OC8)O)C)O)C)C)C)O)O
Vitamin A,Digoxin,Vitamin A may decrease the cardiotoxic activities of Digoxin.,CC1=C(C(CCC1)(C)C)C=CC(=CC=CC(=CCO)C)C,CC1C(C(CC(O1)OC2C(OC(CC2O)OC3C(OC(CC3O)OC4CCC5(C(C4)CCC6C5CC(C7(C6(CCC7C8=CC(=O)OC8)O)C)O)C)C)C)O)O
Nedaplatin,Digoxin,Nedaplatin may decrease the cardiotoxic activities of Digoxin.,C(C(=O)[O-])[O-].N.N.[Pt+2],CC1C(C(CC(O1)OC2C(OC(CC2O)OC3C(OC(CC3O)OC4CCC5(C(C4)CCC6C5CC(C7(C6(CCC7C8=CC(=O)OC8)O)C)O)C)C)C)O)O
Vinflunine,Digoxin,Vinflunine may decrease the cardiotoxic activities of Digoxin.,CCC12C=CCN3C1C4(CC3)C(C(C2OC(=O)C)(C(=O)OC)O)N(C5=CC(=C(C=C45)C6(CC7CC(CN(C7)CC8=C6NC9=CC=CC=C89)C(C)(F)F)C(=O)OC)OC)C,CC1C(C(CC(O1)OC2C(OC(CC2O)OC3C(OC(CC3O)OC4CCC5(C(C4)CCC6C5CC(C7(C6(CCC7C8=CC(=O)OC8)O)C)O)C)C)C)O)O
Nalidixic acid,Digoxin,Nalidixic acid may decrease the cardiotoxic activities of Digoxin.,CCN1C=C(C(=O)C2=C1N=C(C=C2)C)C(=O)O,CC1C(C(CC(O1)OC2C(OC(CC2O)OC3C(OC(CC3O)OC4CCC5(C(C4)CCC6C5CC(C7(C6(CCC7C8=CC(=O)OC8)O)C)O)C)C)C)O)O
Belinostat,Digoxin,Belinostat may decrease the cardiotoxic activities of Digoxin.,C1=CC=C(C=C1)NS(=O)(=O)C2=CC=CC(=C2)C=CC(=O)NO,CC1C(C(CC(O1)OC2C(OC(CC2O)OC3C(OC(CC3O)OC4CCC5(C(C4)CCC6C5CC(C7(C6(CCC7C8=CC(=O)OC8)O)C)O)C)C)C)O)O
Trametinib,Digoxin,Trametinib may decrease the cardiotoxic activities of Digoxin.,CC1=C2C(=C(N(C1=O)C)NC3=C(C=C(C=C3)I)F)C(=O)N(C(=O)N2C4=CC=CC(=C4)NC(=O)C)C5CC5,CC1C(C(CC(O1)OC2C(OC(CC2O)OC3C(OC(CC3O)OC4CCC5(C(C4)CCC6C5CC(C7(C6(CCC7C8=CC(=O)OC8)O)C)O)C)C)C)O)O
Naloxegol,Digoxin,The serum concentration of Digoxin can be increased when it is combined with Naloxegol.,COCCOCCOCCOCCOCCOCCOCCOC1CCC2(C3CC4=C5C2(C1OC5=C(C=C4)O)CCN3CC=C)O,CC1C(C(CC(O1)OC2C(OC(CC2O)OC3C(OC(CC3O)OC4CCC5(C(C4)CCC6C5CC(C7(C6(CCC7C8=CC(=O)OC8)O)C)O)C)C)C)O)O
Anastrozole,Digoxin,Anastrozole may decrease the cardiotoxic activities of Digoxin.,CC(C)(C#N)C1=CC(=CC(=C1)CN2C=NC=N2)C(C)(C)C#N,CC1C(C(CC(O1)OC2C(OC(CC2O)OC3C(OC(CC3O)OC4CCC5(C(C4)CCC6C5CC(C7(C6(CCC7C8=CC(=O)OC8)O)C)O)C)C)C)O)O
Raltitrexed,Digoxin,Raltitrexed may decrease the cardiotoxic activities of Digoxin.,CC1=NC2=C(C=C(C=C2)CN(C)C3=CC=C(S3)C(=O)NC(CCC(=O)O)C(=O)O)C(=O)N1,CC1C(C(CC(O1)OC2C(OC(CC2O)OC3C(OC(CC3O)OC4CCC5(C(C4)CCC6C5CC(C7(C6(CCC7C8=CC(=O)OC8)O)C)O)C)C)C)O)O
Bosutinib,Digoxin,The serum concentration of Digoxin can be increased when it is combined with Bosutinib.,CN1CCN(CC1)CCCOC2=C(C=C3C(=C2)N=CC(=C3NC4=CC(=C(C=C4Cl)Cl)OC)C#N)OC,CC1C(C(CC(O1)OC2C(OC(CC2O)OC3C(OC(CC3O)OC4CCC5(C(C4)CCC6C5CC(C7(C6(CCC7C8=CC(=O)OC8)O)C)O)C)C)C)O)O
Calcipotriol,Digoxin,Calcipotriol may decrease the cardiotoxic activities of Digoxin.,CC(C=CC(C1CC1)O)C2CCC3C2(CCCC3=CC=C4CC(CC(C4=C)O)O)C,CC1C(C(CC(O1)OC2C(OC(CC2O)OC3C(OC(CC3O)OC4CCC5(C(C4)CCC6C5CC(C7(C6(CCC7C8=CC(=O)OC8)O)C)O)C)C)C)O)O
Cobimetinib,Digoxin,Cobimetinib may decrease the cardiotoxic activities of Digoxin.,C1CCNC(C1)C2(CN(C2)C(=O)C3=C(C(=C(C=C3)F)F)NC4=C(C=C(C=C4)I)F)O,CC1C(C(CC(O1)OC2C(OC(CC2O)OC3C(OC(CC3O)OC4CCC5(C(C4)CCC6C5CC(C7(C6(CCC7C8=CC(=O)OC8)O)C)O)C)C)C)O)O
Besifloxacin,Digoxin,Besifloxacin may decrease the cardiotoxic activities of Digoxin.,C1CCN(CC(C1)N)C2=C(C=C3C(=C2Cl)N(C=C(C3=O)C(=O)O)C4CC4)F,CC1C(C(CC(O1)OC2C(OC(CC2O)OC3C(OC(CC3O)OC4CCC5(C(C4)CCC6C5CC(C7(C6(CCC7C8=CC(=O)OC8)O)C)O)C)C)C)O)O
Tegafur,Digoxin,Tegafur may decrease the cardiotoxic activities of Digoxin.,C1CC(OC1)N2C=C(C(=O)NC2=O)F,CC1C(C(CC(O1)OC2C(OC(CC2O)OC3C(OC(CC3O)OC4CCC5(C(C4)CCC6C5CC(C7(C6(CCC7C8=CC(=O)OC8)O)C)O)C)C)C)O)O
Alitretinoin,Digoxin,Alitretinoin may decrease the cardiotoxic activities of Digoxin.,CC1=C(C(CCC1)(C)C)C=CC(=CC=CC(=CC(=O)O)C)C,CC1C(C(CC(O1)OC2C(OC(CC2O)OC3C(OC(CC3O)OC4CCC5(C(C4)CCC6C5CC(C7(C6(CCC7C8=CC(=O)OC8)O)C)O)C)C)C)O)O
Pipobroman,Digoxin,Pipobroman may decrease the cardiotoxic activities of Digoxin.,C1CN(CCN1C(=O)CCBr)C(=O)CCBr,CC1C(C(CC(O1)OC2C(OC(CC2O)OC3C(OC(CC3O)OC4CCC5(C(C4)CCC6C5CC(C7(C6(CCC7C8=CC(=O)OC8)O)C)O)C)C)C)O)O
Uracil mustard,Digoxin,Uracil mustard may decrease the cardiotoxic activities of Digoxin.,C1=C(C(=O)NC(=O)N1)N(CCCl)CCCl,CC1C(C(CC(O1)OC2C(OC(CC2O)OC3C(OC(CC3O)OC4CCC5(C(C4)CCC6C5CC(C7(C6(CCC7C8=CC(=O)OC8)O)C)O)C)C)C)O)O
Alectinib,Digoxin,Alectinib may decrease the cardiotoxic activities of Digoxin.,CCC1=CC2=C(C=C1N3CCC(CC3)N4CCOCC4)C(C5=C(C2=O)C6=C(N5)C=C(C=C6)C#N)(C)C,CC1C(C(CC(O1)OC2C(OC(CC2O)OC3C(OC(CC3O)OC4CCC5(C(C4)CCC6C5CC(C7(C6(CCC7C8=CC(=O)OC8)O)C)O)C)C)C)O)O
Testolactone,Digoxin,Testolactone may decrease the cardiotoxic activities of Digoxin.,CC12CCC3C(C1CCC(=O)O2)CCC4=CC(=O)C=CC34C,CC1C(C(CC(O1)OC2C(OC(CC2O)OC3C(OC(CC3O)OC4CCC5(C(C4)CCC6C5CC(C7(C6(CCC7C8=CC(=O)OC8)O)C)O)C)C)C)O)O
Eflornithine,Digoxin,Eflornithine may decrease the cardiotoxic activities of Digoxin.,C(CC(C(F)F)(C(=O)O)N)CN,CC1C(C(CC(O1)OC2C(OC(CC2O)OC3C(OC(CC3O)OC4CCC5(C(C4)CCC6C5CC(C7(C6(CCC7C8=CC(=O)OC8)O)C)O)C)C)C)O)O
Trovafloxacin,Digoxin,Trovafloxacin may decrease the cardiotoxic activities of Digoxin.,C1C2C(C2N)CN1C3=C(C=C4C(=O)C(=CN(C4=N3)C5=C(C=C(C=C5)F)F)C(=O)O)F,CC1C(C(CC(O1)OC2C(OC(CC2O)OC3C(OC(CC3O)OC4CCC5(C(C4)CCC6C5CC(C7(C6(CCC7C8=CC(=O)OC8)O)C)O)C)C)C)O)O
Nintedanib,Digoxin,Nintedanib may decrease the cardiotoxic activities of Digoxin.,CN1CCN(CC1)CC(=O)N(C)C2=CC=C(C=C2)N=C(C3=CC=CC=C3)C4=C(NC5=C4C=CC(=C5)C(=O)OC)O,CC1C(C(CC(O1)OC2C(OC(CC2O)OC3C(OC(CC3O)OC4CCC5(C(C4)CCC6C5CC(C7(C6(CCC7C8=CC(=O)OC8)O)C)O)C)C)C)O)O
Methyl aminolevulinate,Digoxin,Methyl aminolevulinate may decrease the cardiotoxic activities of Digoxin.,COC(=O)CCC(=O)CN,CC1C(C(CC(O1)OC2C(OC(CC2O)OC3C(OC(CC3O)OC4CCC5(C(C4)CCC6C5CC(C7(C6(CCC7C8=CC(=O)OC8)O)C)O)C)C)C)O)O
Enoxacin,Digoxin,Enoxacin may decrease the cardiotoxic activities of Digoxin.,CCN1C=C(C(=O)C2=CC(=C(N=C21)N3CCNCC3)F)C(=O)O,CC1C(C(CC(O1)OC2C(OC(CC2O)OC3C(OC(CC3O)OC4CCC5(C(C4)CCC6C5CC(C7(C6(CCC7C8=CC(=O)OC8)O)C)O)C)C)C)O)O
Pefloxacin,Digoxin,Pefloxacin may decrease the cardiotoxic activities of Digoxin.,CCN1C=C(C(=O)C2=CC(=C(C=C21)N3CCN(CC3)C)F)C(=O)O,CC1C(C(CC(O1)OC2C(OC(CC2O)OC3C(OC(CC3O)OC4CCC5(C(C4)CCC6C5CC(C7(C6(CCC7C8=CC(=O)OC8)O)C)O)C)C)C)O)O
Azelaic acid,Digoxin,Azelaic acid may decrease the cardiotoxic activities of Digoxin.,C(CCCC(=O)O)CCCC(=O)O,CC1C(C(CC(O1)OC2C(OC(CC2O)OC3C(OC(CC3O)OC4CCC5(C(C4)CCC6C5CC(C7(C6(CCC7C8=CC(=O)OC8)O)C)O)C)C)C)O)O
Cinoxacin,Digoxin,Cinoxacin may decrease the cardiotoxic activities of Digoxin.,CCN1C2=CC3=C(C=C2C(=O)C(=N1)C(=O)O)OCO3,CC1C(C(CC(O1)OC2C(OC(CC2O)OC3C(OC(CC3O)OC4CCC5(C(C4)CCC6C5CC(C7(C6(CCC7C8=CC(=O)OC8)O)C)O)C)C)C)O)O
Phenylacetic acid,Digoxin,Phenylacetic acid may decrease the cardiotoxic activities of Digoxin.,C1=CC=C(C=C1)CC(=O)O,CC1C(C(CC(O1)OC2C(OC(CC2O)OC3C(OC(CC3O)OC4CCC5(C(C4)CCC6C5CC(C7(C6(CCC7C8=CC(=O)OC8)O)C)O)C)C)C)O)O
Sparfloxacin,Digoxin,Sparfloxacin may decrease the cardiotoxic activities of Digoxin.,CC1CN(CC(N1)C)C2=C(C(=C3C(=C2F)N(C=C(C3=O)C(=O)O)C4CC4)N)F,CC1C(C(CC(O1)OC2C(OC(CC2O)OC3C(OC(CC3O)OC4CCC5(C(C4)CCC6C5CC(C7(C6(CCC7C8=CC(=O)OC8)O)C)O)C)C)C)O)O
Niraparib,Digoxin,Niraparib may decrease the cardiotoxic activities of Digoxin.,C1CC(CNC1)C2=CC=C(C=C2)N3C=C4C=CC=C(C4=N3)C(=O)N,CC1C(C(CC(O1)OC2C(OC(CC2O)OC3C(OC(CC3O)OC4CCC5(C(C4)CCC6C5CC(C7(C6(CCC7C8=CC(=O)OC8)O)C)O)C)C)C)O)O
Vapreotide,Digoxin,Vapreotide may decrease the cardiotoxic activities of Digoxin.,CC(C)C1C(=O)NC(CSSCC(C(=O)NC(C(=O)NC(C(=O)NC(C(=O)N1)CCCCN)CC2=CNC3=CC=CC=C32)CC4=CC=C(C=C4)O)NC(=O)C(CC5=CC=CC=C5)N)C(=O)NC(CC6=CNC7=CC=CC=C76)C(=O)N,CC1C(C(CC(O1)OC2C(OC(CC2O)OC3C(OC(CC3O)OC4CCC5(C(C4)CCC6C5CC(C7(C6(CCC7C8=CC(=O)OC8)O)C)O)C)C)C)O)O
Trilostane,Digoxin,Trilostane may decrease the cardiotoxic activities of Digoxin.,CC12CCC3C(C1CCC2O)CCC45C3(CC(=C(C4O5)O)C#N)C,CC1C(C(CC(O1)OC2C(OC(CC2O)OC3C(OC(CC3O)OC4CCC5(C(C4)CCC6C5CC(C7(C6(CCC7C8=CC(=O)OC8)O)C)O)C)C)C)O)O
Sonidegib,Digoxin,Sonidegib may decrease the cardiotoxic activities of Digoxin.,CC1CN(CC(O1)C)C2=NC=C(C=C2)NC(=O)C3=CC=CC(=C3C)C4=CC=C(C=C4)OC(F)(F)F,CC1C(C(CC(O1)OC2C(OC(CC2O)OC3C(OC(CC3O)OC4CCC5(C(C4)CCC6C5CC(C7(C6(CCC7C8=CC(=O)OC8)O)C)O)C)C)C)O)O
Cyproterone acetate,Digoxin,Cyproterone acetate may decrease the cardiotoxic activities of Digoxin.,CC(=O)C1(CCC2C1(CCC3C2C=C(C4=CC(=O)C5CC5C34C)Cl)C)OC(=O)C,CC1C(C(CC(O1)OC2C(OC(CC2O)OC3C(OC(CC3O)OC4CCC5(C(C4)CCC6C5CC(C7(C6(CCC7C8=CC(=O)OC8)O)C)O)C)C)C)O)O
Suramin,Digoxin,Suramin may decrease the cardiotoxic activities of Digoxin.,CC1=C(C=C(C=C1)C(=O)NC2=C3C(=CC(=CC3=C(C=C2)S(=O)(=O)O)S(=O)(=O)O)S(=O)(=O)O)NC(=O)C4=CC(=CC=C4)NC(=O)NC5=CC=CC(=C5)C(=O)NC6=C(C=CC(=C6)C(=O)NC7=C8C(=CC(=CC8=C(C=C7)S(=O)(=O)O)S(=O)(=O)O)S(=O)(=O)O)C,CC1C(C(CC(O1)OC2C(OC(CC2O)OC3C(OC(CC3O)OC4CCC5(C(C4)CCC6C5CC(C7(C6(CCC7C8=CC(=O)OC8)O)C)O)C)C)C)O)O
Iobenguane,Digoxin,Iobenguane may decrease the cardiotoxic activities of Digoxin.,C1=CC(=CC(=C1)I)CN=C(N)N,CC1C(C(CC(O1)OC2C(OC(CC2O)OC3C(OC(CC3O)OC4CCC5(C(C4)CCC6C5CC(C7(C6(CCC7C8=CC(=O)OC8)O)C)O)C)C)C)O)O
Omacetaxine mepesuccinate,Digoxin,Omacetaxine mepesuccinate may decrease the cardiotoxic activities of Digoxin.,CC(C)(CCCC(CC(=O)OC)(C(=O)OC1C2C3=CC4=C(C=C3CCN5C2(CCC5)C=C1OC)OCO4)O)O,CC1C(C(CC(O1)OC2C(OC(CC2O)OC3C(OC(CC3O)OC4CCC5(C(C4)CCC6C5CC(C7(C6(CCC7C8=CC(=O)OC8)O)C)O)C)C)C)O)O
Aminoglutethimide,Digoxin,Aminoglutethimide may decrease the cardiotoxic activities of Digoxin.,CCC1(CCC(=O)NC1=O)C2=CC=C(C=C2)N,CC1C(C(CC(O1)OC2C(OC(CC2O)OC3C(OC(CC3O)OC4CCC5(C(C4)CCC6C5CC(C7(C6(CCC7C8=CC(=O)OC8)O)C)O)C)C)C)O)O
Gatifloxacin,Digoxin,Gatifloxacin may decrease the cardiotoxic activities of Digoxin.,CC1CN(CCN1)C2=C(C=C3C(=C2OC)N(C=C(C3=O)C(=O)O)C4CC4)F,CC1C(C(CC(O1)OC2C(OC(CC2O)OC3C(OC(CC3O)OC4CCC5(C(C4)CCC6C5CC(C7(C6(CCC7C8=CC(=O)OC8)O)C)O)C)C)C)O)O
Mequinol,Digoxin,Mequinol may decrease the cardiotoxic activities of Digoxin.,COC1=CC=C(C=C1)O,CC1C(C(CC(O1)OC2C(OC(CC2O)OC3C(OC(CC3O)OC4CCC5(C(C4)CCC6C5CC(C7(C6(CCC7C8=CC(=O)OC8)O)C)O)C)C)C)O)O
Podophyllin,Digoxin,Podophyllin may decrease the cardiotoxic activities of Digoxin.,COC1=CC(=CC(=C1OC)OC)C2C3C(COC3=O)C(C4=CC5=C(C=C24)OCO5)O.COC1=CC(=CC(=C1OC)OC)C2C3C(COC3=O)C(C4=CC5=C(C=C24)OCO5)O.COC1=CC(=CC(=C1OC)OC)C2C(C(C(C3=CC4=C(C=C23)OCO4)O)CO)C(=O)O.COC1=CC(=CC(=C1OC)OC)C2C(C(C(C3=CC4=C(C=C23)OCO4)O)CO)C(=O)O,CC1C(C(CC(O1)OC2C(OC(CC2O)OC3C(OC(CC3O)OC4CCC5(C(C4)CCC6C5CC(C7(C6(CCC7C8=CC(=O)OC8)O)C)O)C)C)C)O)O
Megestrol acetate,Digoxin,Megestrol acetate may decrease the cardiotoxic activities of Digoxin.,CC1=CC2C(CCC3(C2CCC3(C(=O)C)OC(=O)C)C)C4(C1=CC(=O)CC4)C,CC1C(C(CC(O1)OC2C(OC(CC2O)OC3C(OC(CC3O)OC4CCC5(C(C4)CCC6C5CC(C7(C6(CCC7C8=CC(=O)OC8)O)C)O)C)C)C)O)O
Fleroxacin,Digoxin,Fleroxacin may decrease the cardiotoxic activities of Digoxin.,CN1CCN(CC1)C2=C(C=C3C(=C2F)N(C=C(C3=O)C(=O)O)CCF)F,CC1C(C(CC(O1)OC2C(OC(CC2O)OC3C(OC(CC3O)OC4CCC5(C(C4)CCC6C5CC(C7(C6(CCC7C8=CC(=O)OC8)O)C)O)C)C)C)O)O
Phenylbutyric acid,Digoxin,Phenylbutyric acid may decrease the cardiotoxic activities of Digoxin.,C1=CC=C(C=C1)CCCC(=O)O,CC1C(C(CC(O1)OC2C(OC(CC2O)OC3C(OC(CC3O)OC4CCC5(C(C4)CCC6C5CC(C7(C6(CCC7C8=CC(=O)OC8)O)C)O)C)C)C)O)O
Pixantrone,Digoxin,Pixantrone may decrease the cardiotoxic activities of Digoxin.,C1=CC(=C2C(=C1NCCN)C(=O)C3=C(C2=O)C=NC=C3)NCCN,CC1C(C(CC(O1)OC2C(OC(CC2O)OC3C(OC(CC3O)OC4CCC5(C(C4)CCC6C5CC(C7(C6(CCC7C8=CC(=O)OC8)O)C)O)C)C)C)O)O
Trifluridine,Digoxin,Trifluridine may decrease the cardiotoxic activities of Digoxin.,C1C(C(OC1N2C=C(C(=O)NC2=O)C(F)(F)F)CO)O,CC1C(C(CC(O1)OC2C(OC(CC2O)OC3C(OC(CC3O)OC4CCC5(C(C4)CCC6C5CC(C7(C6(CCC7C8=CC(=O)OC8)O)C)O)C)C)C)O)O
Medrogestone,Digoxin,Medrogestone may decrease the cardiotoxic activities of Digoxin.,CC1=CC2C(CCC3(C2CCC3(C)C(=O)C)C)C4(C1=CC(=O)CC4)C,CC1C(C(CC(O1)OC2C(OC(CC2O)OC3C(OC(CC3O)OC4CCC5(C(C4)CCC6C5CC(C7(C6(CCC7C8=CC(=O)OC8)O)C)O)C)C)C)O)O
Lycopene,Digoxin,Lycopene may decrease the cardiotoxic activities of Digoxin.,CC(=CCCC(=CC=CC(=CC=CC(=CC=CC=C(C)C=CC=C(C)C=CC=C(C)CCC=C(C)C)C)C)C)C,CC1C(C(CC(O1)OC2C(OC(CC2O)OC3C(OC(CC3O)OC4CCC5(C(C4)CCC6C5CC(C7(C6(CCC7C8=CC(=O)OC8)O)C)O)C)C)C)O)O
Penicillamine,Digoxin,The serum concentration of Digoxin can be decreased when it is combined with Penicillamine.,CC(C)(C(C(=O)O)N)S,CC1C(C(CC(O1)OC2C(OC(CC2O)OC3C(OC(CC3O)OC4CCC5(C(C4)CCC6C5CC(C7(C6(CCC7C8=CC(=O)OC8)O)C)O)C)C)C)O)O
Ledipasvir,Digoxin,The serum concentration of Digoxin can be increased when it is combined with Ledipasvir.,CC(C)C(C(=O)N1CC2(CC2)CC1C3=NC=C(N3)C4=CC5=C(C=C4)C6=C(C5(F)F)C=C(C=C6)C7=CC8=C(C=C7)N=C(N8)C9C1CCC(C1)N9C(=O)C(C(C)C)NC(=O)OC)NC(=O)OC,CC1C(C(CC(O1)OC2C(OC(CC2O)OC3C(OC(CC3O)OC4CCC5(C(C4)CCC6C5CC(C7(C6(CCC7C8=CC(=O)OC8)O)C)O)C)C)C)O)O
Prucalopride,Digoxin,The serum concentration of Digoxin can be increased when it is combined with Prucalopride.,COCCCN1CCC(CC1)NC(=O)C2=CC(=C(C3=C2OCC3)N)Cl,CC1C(C(CC(O1)OC2C(OC(CC2O)OC3C(OC(CC3O)OC4CCC5(C(C4)CCC6C5CC(C7(C6(CCC7C8=CC(=O)OC8)O)C)O)C)C)C)O)O
Deferasirox,Digoxin,The serum concentration of Digoxin can be decreased when it is combined with Deferasirox.,C1=CC=C(C(=C1)C2=NN(C(=N2)C3=CC=CC=C3O)C4=CC=C(C=C4)C(=O)O)O,CC1C(C(CC(O1)OC2C(OC(CC2O)OC3C(OC(CC3O)OC4CCC5(C(C4)CCC6C5CC(C7(C6(CCC7C8=CC(=O)OC8)O)C)O)C)C)C)O)O
Aminolevulinic acid,Digitoxin,Aminolevulinic acid may decrease the cardiotoxic activities of Digitoxin.,C(CC(=O)O)C(=O)CN,CC1C(C(CC(O1)OC2C(OC(CC2O)OC3C(OC(CC3O)OC4CCC5(C(C4)CCC6C5CCC7(C6(CCC7C8=CC(=O)OC8)O)C)C)C)C)O)O
Temoporfin,Digitoxin,Temoporfin may decrease the cardiotoxic activities of Digitoxin.,C1CC2=NC1=C(C3=CC=C(N3)C(=C4C=CC(=N4)C(=C5C=CC(=C2C6=CC(=CC=C6)O)N5)C7=CC(=CC=C7)O)C8=CC(=CC=C8)O)C9=CC(=CC=C9)O,CC1C(C(CC(O1)OC2C(OC(CC2O)OC3C(OC(CC3O)OC4CCC5(C(C4)CCC6C5CCC7(C6(CCC7C8=CC(=O)OC8)O)C)C)C)C)O)O
Cyclophosphamide,Digitoxin,Cyclophosphamide may decrease the cardiotoxic activities of Digitoxin.,C1CNP(=O)(OC1)N(CCCl)CCCl,CC1C(C(CC(O1)OC2C(OC(CC2O)OC3C(OC(CC3O)OC4CCC5(C(C4)CCC6C5CCC7(C6(CCC7C8=CC(=O)OC8)O)C)C)C)C)O)O
Paclitaxel,Digitoxin,Paclitaxel may decrease the cardiotoxic activities of Digitoxin.,CC1=C2C(C(=O)C3(C(CC4C(C3C(C(C2(C)C)(CC1OC(=O)C(C(C5=CC=CC=C5)NC(=O)C6=CC=CC=C6)O)O)OC(=O)C7=CC=CC=C7)(CO4)OC(=O)C)O)C)OC(=O)C,CC1C(C(CC(O1)OC2C(OC(CC2O)OC3C(OC(CC3O)OC4CCC5(C(C4)CCC6C5CCC7(C6(CCC7C8=CC(=O)OC8)O)C)C)C)C)O)O
Docetaxel,Digitoxin,Docetaxel may decrease the cardiotoxic activities of Digitoxin.,CC1=C2C(C(=O)C3(C(CC4C(C3C(C(C2(C)C)(CC1OC(=O)C(C(C5=CC=CC=C5)NC(=O)OC(C)(C)C)O)O)OC(=O)C6=CC=CC=C6)(CO4)OC(=O)C)O)C)O,CC1C(C(CC(O1)OC2C(OC(CC2O)OC3C(OC(CC3O)OC4CCC5(C(C4)CCC6C5CCC7(C6(CCC7C8=CC(=O)OC8)O)C)C)C)C)O)O
Cabazitaxel,Digitoxin,Cabazitaxel may decrease the cardiotoxic activities of Digitoxin.,CC1=C2C(C(=O)C3(C(CC4C(C3C(C(C2(C)C)(CC1OC(=O)C(C(C5=CC=CC=C5)NC(=O)OC(C)(C)C)O)O)OC(=O)C6=CC=CC=C6)(CO4)OC(=O)C)OC)C)OC,CC1C(C(CC(O1)OC2C(OC(CC2O)OC3C(OC(CC3O)OC4CCC5(C(C4)CCC6C5CCC7(C6(CCC7C8=CC(=O)OC8)O)C)C)C)C)O)O
Sulpiride,Digitoxin,The risk or severity of adverse effects can be increased when Sulpiride is combined with Digitoxin.,CCN1CCCC1CNC(=O)C2=C(C=CC(=C2)S(=O)(=O)N)OC,CC1C(C(CC(O1)OC2C(OC(CC2O)OC3C(OC(CC3O)OC4CCC5(C(C4)CCC6C5CCC7(C6(CCC7C8=CC(=O)OC8)O)C)C)C)C)O)O
Rifabutin,Digitoxin,The metabolism of Digitoxin can be increased when combined with Rifabutin.,CC1C=CC=C(C(=O)NC2=C(C3=C(C4=C(C(=C3O)C)OC(C4=O)(OC=CC(C(C(C(C(C(C1O)C)O)C)OC(=O)C)C)OC)C)C5=NC6(CCN(CC6)CC(C)C)N=C25)O)C,CC1C(C(CC(O1)OC2C(OC(CC2O)OC3C(OC(CC3O)OC4CCC5(C(C4)CCC6C5CCC7(C6(CCC7C8=CC(=O)OC8)O)C)C)C)C)O)O
Phenytoin,Digitoxin,The metabolism of Digitoxin can be increased when combined with Phenytoin.,C1=CC=C(C=C1)C2(C(=O)NC(=O)N2)C3=CC=CC=C3,CC1C(C(CC(O1)OC2C(OC(CC2O)OC3C(OC(CC3O)OC4CCC5(C(C4)CCC6C5CCC7(C6(CCC7C8=CC(=O)OC8)O)C)C)C)C)O)O
Rifampicin,Digitoxin,The metabolism of Digitoxin can be increased when combined with Rifampicin.,CC1C=CC=C(C(=O)NC2=C(C(=C3C(=C2O)C(=C(C4=C3C(=O)C(O4)(OC=CC(C(C(C(C(C(C1O)C)O)C)OC(=O)C)C)OC)C)C)O)O)C=NN5CCN(CC5)C)C,CC1C(C(CC(O1)OC2C(OC(CC2O)OC3C(OC(CC3O)OC4CCC5(C(C4)CCC6C5CCC7(C6(CCC7C8=CC(=O)OC8)O)C)C)C)C)O)O
Fosphenytoin,Digitoxin,The metabolism of Digitoxin can be increased when combined with Fosphenytoin.,C1=CC=C(C=C1)C2(C(=O)N(C(=O)N2)COP(=O)(O)O)C3=CC=CC=C3,CC1C(C(CC(O1)OC2C(OC(CC2O)OC3C(OC(CC3O)OC4CCC5(C(C4)CCC6C5CCC7(C6(CCC7C8=CC(=O)OC8)O)C)C)C)C)O)O
Carbamazepine,Digitoxin,The metabolism of Digitoxin can be increased when combined with Carbamazepine.,C1=CC=C2C(=C1)C=CC3=CC=CC=C3N2C(=O)N,CC1C(C(CC(O1)OC2C(OC(CC2O)OC3C(OC(CC3O)OC4CCC5(C(C4)CCC6C5CCC7(C6(CCC7C8=CC(=O)OC8)O)C)C)C)C)O)O
Primidone,Digitoxin,The metabolism of Digitoxin can be increased when combined with Primidone.,CCC1(C(=O)NCNC1=O)C2=CC=CC=C2,CC1C(C(CC(O1)OC2C(OC(CC2O)OC3C(OC(CC3O)OC4CCC5(C(C4)CCC6C5CCC7(C6(CCC7C8=CC(=O)OC8)O)C)C)C)C)O)O
Phenobarbital,Digitoxin,The metabolism of Digitoxin can be increased when combined with Phenobarbital.,CCC1(C(=O)NC(=O)NC1=O)C2=CC=CC=C2,CC1C(C(CC(O1)OC2C(OC(CC2O)OC3C(OC(CC3O)OC4CCC5(C(C4)CCC6C5CCC7(C6(CCC7C8=CC(=O)OC8)O)C)C)C)C)O)O
Pentobarbital,Digitoxin,The metabolism of Digitoxin can be increased when combined with Pentobarbital.,CCCC(C)C1(C(=O)NC(=O)NC1=O)CC,CC1C(C(CC(O1)OC2C(OC(CC2O)OC3C(OC(CC3O)OC4CCC5(C(C4)CCC6C5CCC7(C6(CCC7C8=CC(=O)OC8)O)C)C)C)C)O)O
Nevirapine,Digitoxin,The metabolism of Digitoxin can be increased when combined with Nevirapine.,CC1=C2C(=NC=C1)N(C3=C(C=CC=N3)C(=O)N2)C4CC4,CC1C(C(CC(O1)OC2C(OC(CC2O)OC3C(OC(CC3O)OC4CCC5(C(C4)CCC6C5CCC7(C6(CCC7C8=CC(=O)OC8)O)C)C)C)C)O)O
Rifapentine,Digitoxin,The metabolism of Digitoxin can be increased when combined with Rifapentine.,CC1C=CC=C(C(=O)NC2=C(C(=C3C(=C2O)C(=C(C4=C3C(=O)C(O4)(OC=CC(C(C(C(C(C(C1O)C)O)C)OC(=O)C)C)OC)C)C)O)O)C=NN5CCN(CC5)C6CCCC6)C,CC1C(C(CC(O1)OC2C(OC(CC2O)OC3C(OC(CC3O)OC4CCC5(C(C4)CCC6C5CCC7(C6(CCC7C8=CC(=O)OC8)O)C)C)C)C)O)O
Bosentan,Digitoxin,The serum concentration of Digitoxin can be decreased when it is combined with Bosentan.,CC(C)(C)C1=CC=C(C=C1)S(=O)(=O)NC2=C(C(=NC(=N2)C3=NC=CC=N3)OCCO)OC4=CC=CC=C4OC,CC1C(C(CC(O1)OC2C(OC(CC2O)OC3C(OC(CC3O)OC4CCC5(C(C4)CCC6C5CCC7(C6(CCC7C8=CC(=O)OC8)O)C)C)C)C)O)O
Lumacaftor,Digitoxin,The serum concentration of Digitoxin can be decreased when it is combined with Lumacaftor.,CC1=C(N=C(C=C1)NC(=O)C2(CC2)C3=CC4=C(C=C3)OC(O4)(F)F)C5=CC(=CC=C5)C(=O)O,CC1C(C(CC(O1)OC2C(OC(CC2O)OC3C(OC(CC3O)OC4CCC5(C(C4)CCC6C5CCC7(C6(CCC7C8=CC(=O)OC8)O)C)C)C)C)O)O
Anagrelide,Digitoxin,Anagrelide may decrease the cardiotoxic activities of Digitoxin.,C1C2=C(C=CC(=C2Cl)Cl)N=C3N1CC(=O)N3,CC1C(C(CC(O1)OC2C(OC(CC2O)OC3C(OC(CC3O)OC4CCC5(C(C4)CCC6C5CCC7(C6(CCC7C8=CC(=O)OC8)O)C)C)C)C)O)O
Carboplatin,Digitoxin,Carboplatin may decrease the cardiotoxic activities of Digitoxin.,C1CC(C1)(C(=O)[O-])C(=O)[O-].N.N.[Pt+2],CC1C(C(CC(O1)OC2C(OC(CC2O)OC3C(OC(CC3O)OC4CCC5(C(C4)CCC6C5CCC7(C6(CCC7C8=CC(=O)OC8)O)C)C)C)C)O)O
Etacrynic acid,Digitoxin,The risk or severity of adverse effects can be increased when Etacrynic acid is combined with Digitoxin.,CCC(=C)C(=O)C1=C(C(=C(C=C1)OCC(=O)O)Cl)Cl,CC1C(C(CC(O1)OC2C(OC(CC2O)OC3C(OC(CC3O)OC4CCC5(C(C4)CCC6C5CCC7(C6(CCC7C8=CC(=O)OC8)O)C)C)C)C)O)O
Pirlindole,Digitoxin,Pirlindole may decrease the cardiotoxic activities of Digitoxin.,CC1=CC2=C(C=C1)N3CCNC4C3=C2CCC4,CC1C(C(CC(O1)OC2C(OC(CC2O)OC3C(OC(CC3O)OC4CCC5(C(C4)CCC6C5CCC7(C6(CCC7C8=CC(=O)OC8)O)C)C)C)C)O)O
Procarbazine,Digitoxin,Procarbazine may decrease the cardiotoxic activities of Digitoxin.,CC(C)NC(=O)C1=CC=C(C=C1)CNNC,CC1C(C(CC(O1)OC2C(OC(CC2O)OC3C(OC(CC3O)OC4CCC5(C(C4)CCC6C5CCC7(C6(CCC7C8=CC(=O)OC8)O)C)C)C)C)O)O
Sunitinib,Digitoxin,Sunitinib may decrease the cardiotoxic activities of Digitoxin.,CCN(CC)CCNC(=O)C1=C(NC(=C1C)C=C2C3=C(C=CC(=C3)F)NC2=O)C,CC1C(C(CC(O1)OC2C(OC(CC2O)OC3C(OC(CC3O)OC4CCC5(C(C4)CCC6C5CCC7(C6(CCC7C8=CC(=O)OC8)O)C)C)C)C)O)O
Lanreotide,Digitoxin,Lanreotide may decrease the cardiotoxic activities of Digitoxin.,CC(C)C1C(=O)NC(CSSCC(C(=O)NC(C(=O)NC(C(=O)NC(C(=O)N1)CCCCN)CC2=CNC3=CC=CC=C32)CC4=CC=C(C=C4)O)NC(=O)C(CC5=CC6=CC=CC=C6C=C5)N)C(=O)NC(C(C)O)C(=O)N,CC1C(C(CC(O1)OC2C(OC(CC2O)OC3C(OC(CC3O)OC4CCC5(C(C4)CCC6C5CCC7(C6(CCC7C8=CC(=O)OC8)O)C)C)C)C)O)O
Imatinib,Digitoxin,Imatinib may decrease the cardiotoxic activities of Digitoxin.,CC1=C(C=C(C=C1)NC(=O)C2=CC=C(C=C2)CN3CCN(CC3)C)NC4=NC=CC(=N4)C5=CN=CC=C5,CC1C(C(CC(O1)OC2C(OC(CC2O)OC3C(OC(CC3O)OC4CCC5(C(C4)CCC6C5CCC7(C6(CCC7C8=CC(=O)OC8)O)C)C)C)C)O)O
Crizotinib,Digitoxin,Crizotinib may decrease the cardiotoxic activities of Digitoxin.,CC(C1=C(C=CC(=C1Cl)F)Cl)OC2=C(N=CC(=C2)C3=CN(N=C3)C4CCNCC4)N,CC1C(C(CC(O1)OC2C(OC(CC2O)OC3C(OC(CC3O)OC4CCC5(C(C4)CCC6C5CCC7(C6(CCC7C8=CC(=O)OC8)O)C)C)C)C)O)O
Mitotane,Digitoxin,The serum concentration of Digitoxin can be decreased when it is combined with Mitotane.,C1=CC=C(C(=C1)C(C2=CC=C(C=C2)Cl)C(Cl)Cl)Cl,CC1C(C(CC(O1)OC2C(OC(CC2O)OC3C(OC(CC3O)OC4CCC5(C(C4)CCC6C5CCC7(C6(CCC7C8=CC(=O)OC8)O)C)C)C)C)O)O
Dienogest,Digitoxin,Dienogest may decrease the cardiotoxic activities of Digitoxin.,CC12CCC3=C4CCC(=O)C=C4CCC3C1CCC2(CC#N)O,CC1C(C(CC(O1)OC2C(OC(CC2O)OC3C(OC(CC3O)OC4CCC5(C(C4)CCC6C5CCC7(C6(CCC7C8=CC(=O)OC8)O)C)C)C)C)O)O
Olaparib,Digitoxin,Olaparib may decrease the cardiotoxic activities of Digitoxin.,C1CC1C(=O)N2CCN(CC2)C(=O)C3=C(C=CC(=C3)CC4=NNC(=O)C5=CC=CC=C54)F,CC1C(C(CC(O1)OC2C(OC(CC2O)OC3C(OC(CC3O)OC4CCC5(C(C4)CCC6C5CCC7(C6(CCC7C8=CC(=O)OC8)O)C)C)C)C)O)O
Rucaparib,Digitoxin,Rucaparib may decrease the cardiotoxic activities of Digitoxin.,CNCC1=CC=C(C=C1)C2=C3CCNC(=O)C4=C3C(=CC(=C4)F)N2,CC1C(C(CC(O1)OC2C(OC(CC2O)OC3C(OC(CC3O)OC4CCC5(C(C4)CCC6C5CCC7(C6(CCC7C8=CC(=O)OC8)O)C)C)C)C)O)O
Prednisolone,Digitoxin,Prednisolone may decrease the cardiotoxic activities of Digitoxin.,CC12CC(C3C(C1CCC2(C(=O)CO)O)CCC4=CC(=O)C=CC34C)O,CC1C(C(CC(O1)OC2C(OC(CC2O)OC3C(OC(CC3O)OC4CCC5(C(C4)CCC6C5CCC7(C6(CCC7C8=CC(=O)OC8)O)C)C)C)C)O)O
Midostaurin,Digitoxin,Midostaurin may decrease the cardiotoxic activities of Digitoxin.,CC12C(C(CC(O1)N3C4=CC=CC=C4C5=C6C(=C7C8=CC=CC=C8N2C7=C53)CNC6=O)N(C)C(=O)C9=CC=CC=C9)OC,CC1C(C(CC(O1)OC2C(OC(CC2O)OC3C(OC(CC3O)OC4CCC5(C(C4)CCC6C5CCC7(C6(CCC7C8=CC(=O)OC8)O)C)C)C)C)O)O
Medroxyprogesterone acetate,Digitoxin,Medroxyprogesterone acetate may decrease the cardiotoxic activities of Digitoxin.,CC1CC2C(CCC3(C2CCC3(C(=O)C)OC(=O)C)C)C4(C1=CC(=O)CC4)C,CC1C(C(CC(O1)OC2C(OC(CC2O)OC3C(OC(CC3O)OC4CCC5(C(C4)CCC6C5CCC7(C6(CCC7C8=CC(=O)OC8)O)C)C)C)C)O)O
Bortezomib,Digitoxin,Bortezomib may decrease the cardiotoxic activities of Digitoxin.,B(C(CC(C)C)NC(=O)C(CC1=CC=CC=C1)NC(=O)C2=NC=CN=C2)(O)O,CC1C(C(CC(O1)OC2C(OC(CC2O)OC3C(OC(CC3O)OC4CCC5(C(C4)CCC6C5CCC7(C6(CCC7C8=CC(=O)OC8)O)C)C)C)C)O)O
Panobinostat,Digitoxin,Panobinostat may decrease the cardiotoxic activities of Digitoxin.,CC1=C(C2=CC=CC=C2N1)CCNCC3=CC=C(C=C3)C=CC(=O)NO,CC1C(C(CC(O1)OC2C(OC(CC2O)OC3C(OC(CC3O)OC4CCC5(C(C4)CCC6C5CCC7(C6(CCC7C8=CC(=O)OC8)O)C)C)C)C)O)O
Betaxolol,Digitoxin,Betaxolol may increase the bradycardic activities of Digitoxin.,CC(C)NCC(COC1=CC=C(C=C1)CCOCC2CC2)O,CC1C(C(CC(O1)OC2C(OC(CC2O)OC3C(OC(CC3O)OC4CCC5(C(C4)CCC6C5CCC7(C6(CCC7C8=CC(=O)OC8)O)C)C)C)C)O)O
Enzalutamide,Digitoxin,The serum concentration of Digitoxin can be decreased when it is combined with Enzalutamide.,CC1(C(=O)N(C(=S)N1C2=CC(=C(C=C2)C(=O)NC)F)C3=CC(=C(C=C3)C#N)C(F)(F)F)C,CC1C(C(CC(O1)OC2C(OC(CC2O)OC3C(OC(CC3O)OC4CCC5(C(C4)CCC6C5CCC7(C6(CCC7C8=CC(=O)OC8)O)C)C)C)C)O)O
Abiraterone,Digitoxin,Abiraterone may decrease the cardiotoxic activities of Digitoxin.,CC12CCC(CC1=CCC3C2CCC4(C3CC=C4C5=CN=CC=C5)C)O,CC1C(C(CC(O1)OC2C(OC(CC2O)OC3C(OC(CC3O)OC4CCC5(C(C4)CCC6C5CCC7(C6(CCC7C8=CC(=O)OC8)O)C)C)C)C)O)O
Diethylstilbestrol,Digitoxin,Diethylstilbestrol may decrease the cardiotoxic activities of Digitoxin.,CCC(=C(CC)C1=CC=C(C=C1)O)C2=CC=C(C=C2)O,CC1C(C(CC(O1)OC2C(OC(CC2O)OC3C(OC(CC3O)OC4CCC5(C(C4)CCC6C5CCC7(C6(CCC7C8=CC(=O)OC8)O)C)C)C)C)O)O
Nilotinib,Digitoxin,Nilotinib may decrease the cardiotoxic activities of Digitoxin.,CC1=C(C=C(C=C1)C(=O)NC2=CC(=CC(=C2)C(F)(F)F)N3C=C(N=C3)C)NC4=NC=CC(=N4)C5=CN=CC=C5,CC1C(C(CC(O1)OC2C(OC(CC2O)OC3C(OC(CC3O)OC4CCC5(C(C4)CCC6C5CCC7(C6(CCC7C8=CC(=O)OC8)O)C)C)C)C)O)O
Dexamethasone,Digitoxin,Dexamethasone may decrease the cardiotoxic activities of Digitoxin.,CC1CC2C3CCC4=CC(=O)C=CC4(C3(C(CC2(C1(C(=O)CO)O)C)O)F)C,CC1C(C(CC(O1)OC2C(OC(CC2O)OC3C(OC(CC3O)OC4CCC5(C(C4)CCC6C5CCC7(C6(CCC7C8=CC(=O)OC8)O)C)C)C)C)O)O
Letrozole,Digitoxin,Letrozole may decrease the cardiotoxic activities of Digitoxin.,C1=CC(=CC=C1C#N)C(C2=CC=C(C=C2)C#N)N3C=NC=N3,CC1C(C(CC(O1)OC2C(OC(CC2O)OC3C(OC(CC3O)OC4CCC5(C(C4)CCC6C5CCC7(C6(CCC7C8=CC(=O)OC8)O)C)C)C)C)O)O
Norfloxacin,Digitoxin,Norfloxacin may decrease the cardiotoxic activities of Digitoxin.,CCN1C=C(C(=O)C2=CC(=C(C=C21)N3CCNCC3)F)C(=O)O,CC1C(C(CC(O1)OC2C(OC(CC2O)OC3C(OC(CC3O)OC4CCC5(C(C4)CCC6C5CCC7(C6(CCC7C8=CC(=O)OC8)O)C)C)C)C)O)O
Miltefosine,Digitoxin,Miltefosine may decrease the cardiotoxic activities of Digitoxin.,CCCCCCCCCCCCCCCCOP(=O)([O-])OCC[N+](C)(C)C,CC1C(C(CC(O1)OC2C(OC(CC2O)OC3C(OC(CC3O)OC4CCC5(C(C4)CCC6C5CCC7(C6(CCC7C8=CC(=O)OC8)O)C)C)C)C)O)O
Trimetrexate,Digitoxin,Trimetrexate may decrease the cardiotoxic activities of Digitoxin.,CC1=C(C=CC2=C1C(=NC(=N2)N)N)CNC3=CC(=C(C(=C3)OC)OC)OC,CC1C(C(CC(O1)OC2C(OC(CC2O)OC3C(OC(CC3O)OC4CCC5(C(C4)CCC6C5CCC7(C6(CCC7C8=CC(=O)OC8)O)C)C)C)C)O)O
Amphotericin B,Digitoxin,The risk or severity of adverse effects can be increased when Amphotericin B is combined with Digitoxin.,CC1C=CC=CC=CC=CC=CC=CC=CC(CC2C(C(CC(O2)(CC(CC(C(CCC(CC(CC(=O)OC(C(C1O)C)C)O)O)O)O)O)O)O)C(=O)O)OC3C(C(C(C(O3)C)O)N)O,CC1C(C(CC(O1)OC2C(OC(CC2O)OC3C(OC(CC3O)OC4CCC5(C(C4)CCC6C5CCC7(C6(CCC7C8=CC(=O)OC8)O)C)C)C)C)O)O
Sirolimus,Digitoxin,Sirolimus may decrease the cardiotoxic activities of Digitoxin.,CC1CCC2CC(C(=CC=CC=CC(CC(C(=O)C(C(C(=CC(C(=O)CC(OC(=O)C3CCCCN3C(=O)C(=O)C1(O2)O)C(C)CC4CCC(C(C4)OC)O)C)C)O)OC)C)C)C)OC,CC1C(C(CC(O1)OC2C(OC(CC2O)OC3C(OC(CC3O)OC4CCC5(C(C4)CCC6C5CCC7(C6(CCC7C8=CC(=O)OC8)O)C)C)C)C)O)O
Alprenolol,Digitoxin,Alprenolol may increase the bradycardic activities of Digitoxin.,CC(C)NCC(COC1=CC=CC=C1CC=C)O,CC1C(C(CC(O1)OC2C(OC(CC2O)OC3C(OC(CC3O)OC4CCC5(C(C4)CCC6C5CCC7(C6(CCC7C8=CC(=O)OC8)O)C)C)C)C)O)O
Timolol,Digitoxin,Timolol may increase the bradycardic activities of Digitoxin.,CC(C)(C)NCC(COC1=NSN=C1N2CCOCC2)O,CC1C(C(CC(O1)OC2C(OC(CC2O)OC3C(OC(CC3O)OC4CCC5(C(C4)CCC6C5CCC7(C6(CCC7C8=CC(=O)OC8)O)C)C)C)C)O)O
Atenolol,Digitoxin,Atenolol may increase the bradycardic activities of Digitoxin.,CC(C)NCC(COC1=CC=C(C=C1)CC(=O)N)O,CC1C(C(CC(O1)OC2C(OC(CC2O)OC3C(OC(CC3O)OC4CCC5(C(C4)CCC6C5CCC7(C6(CCC7C8=CC(=O)OC8)O)C)C)C)C)O)O
Bupranolol,Digitoxin,Bupranolol may increase the bradycardic activities of Digitoxin.,CC1=CC(=C(C=C1)Cl)OCC(CNC(C)(C)C)O,CC1C(C(CC(O1)OC2C(OC(CC2O)OC3C(OC(CC3O)OC4CCC5(C(C4)CCC6C5CCC7(C6(CCC7C8=CC(=O)OC8)O)C)C)C)C)O)O
Celiprolol,Digitoxin,Celiprolol may increase the bradycardic activities of Digitoxin.,CCN(CC)C(=O)NC1=CC(=C(C=C1)OCC(CNC(C)(C)C)O)C(=O)C,CC1C(C(CC(O1)OC2C(OC(CC2O)OC3C(OC(CC3O)OC4CCC5(C(C4)CCC6C5CCC7(C6(CCC7C8=CC(=O)OC8)O)C)C)C)C)O)O
Oxprenolol,Digitoxin,Oxprenolol may increase the bradycardic activities of Digitoxin.,CC(C)NCC(COC1=CC=CC=C1OCC=C)O,CC1C(C(CC(O1)OC2C(OC(CC2O)OC3C(OC(CC3O)OC4CCC5(C(C4)CCC6C5CCC7(C6(CCC7C8=CC(=O)OC8)O)C)C)C)C)O)O
Metoprolol,Digitoxin,Metoprolol may increase the bradycardic activities of Digitoxin.,CC(C)NCC(COC1=CC=C(C=C1)CCOC)O,CC1C(C(CC(O1)OC2C(OC(CC2O)OC3C(OC(CC3O)OC4CCC5(C(C4)CCC6C5CCC7(C6(CCC7C8=CC(=O)OC8)O)C)C)C)C)O)O
Bopindolol,Digitoxin,Bopindolol may increase the bradycardic activities of Digitoxin.,CC1=CC2=C(N1)C=CC=C2OCC(CNC(C)(C)C)OC(=O)C3=CC=CC=C3,CC1C(C(CC(O1)OC2C(OC(CC2O)OC3C(OC(CC3O)OC4CCC5(C(C4)CCC6C5CCC7(C6(CCC7C8=CC(=O)OC8)O)C)C)C)C)O)O
Esmolol,Digitoxin,Esmolol may increase the bradycardic activities of Digitoxin.,CC(C)NCC(COC1=CC=C(C=C1)CCC(=O)OC)O,CC1C(C(CC(O1)OC2C(OC(CC2O)OC3C(OC(CC3O)OC4CCC5(C(C4)CCC6C5CCC7(C6(CCC7C8=CC(=O)OC8)O)C)C)C)C)O)O
Pentostatin,Digitoxin,Pentostatin may decrease the cardiotoxic activities of Digitoxin.,C1C(C(OC1N2C=NC3=C2NC=NCC3O)CO)O,CC1C(C(CC(O1)OC2C(OC(CC2O)OC3C(OC(CC3O)OC4CCC5(C(C4)CCC6C5CCC7(C6(CCC7C8=CC(=O)OC8)O)C)C)C)C)O)O
Reserpine,Digitoxin,The risk or severity of adverse effects can be increased when Reserpine is combined with Digitoxin.,COC1C(CC2CN3CCC4=C(C3CC2C1C(=O)OC)NC5=C4C=CC(=C5)OC)OC(=O)C6=CC(=C(C(=C6)OC)OC)OC,CC1C(C(CC(O1)OC2C(OC(CC2O)OC3C(OC(CC3O)OC4CCC5(C(C4)CCC6C5CCC7(C6(CCC7C8=CC(=O)OC8)O)C)C)C)C)O)O
Thalidomide,Digitoxin,Thalidomide may decrease the cardiotoxic activities of Digitoxin.,C1CC(=O)NC(=O)C1N2C(=O)C3=CC=CC=C3C2=O,CC1C(C(CC(O1)OC2C(OC(CC2O)OC3C(OC(CC3O)OC4CCC5(C(C4)CCC6C5CCC7(C6(CCC7C8=CC(=O)OC8)O)C)C)C)C)O)O
Clonidine,Digitoxin,Clonidine may increase the atrioventricular blocking (AV block) activities of Digitoxin.,C1CN=C(N1)NC2=C(C=CC=C2Cl)Cl,CC1C(C(CC(O1)OC2C(OC(CC2O)OC3C(OC(CC3O)OC4CCC5(C(C4)CCC6C5CCC7(C6(CCC7C8=CC(=O)OC8)O)C)C)C)C)O)O
Pomalidomide,Digitoxin,Pomalidomide may decrease the cardiotoxic activities of Digitoxin.,C1CC(=O)NC(=O)C1N2C(=O)C3=C(C2=O)C(=CC=C3)N,CC1C(C(CC(O1)OC2C(OC(CC2O)OC3C(OC(CC3O)OC4CCC5(C(C4)CCC6C5CCC7(C6(CCC7C8=CC(=O)OC8)O)C)C)C)C)O)O
Furosemide,Digitoxin,The risk or severity of adverse effects can be increased when Furosemide is combined with Digitoxin.,C1=COC(=C1)CNC2=CC(=C(C=C2C(=O)O)S(=O)(=O)N)Cl,CC1C(C(CC(O1)OC2C(OC(CC2O)OC3C(OC(CC3O)OC4CCC5(C(C4)CCC6C5CCC7(C6(CCC7C8=CC(=O)OC8)O)C)C)C)C)O)O
Torasemide,Digitoxin,The risk or severity of adverse effects can be increased when Torasemide is combined with Digitoxin.,CC1=CC(=CC=C1)NC2=C(C=NC=C2)S(=O)(=O)NC(=O)NC(C)C,CC1C(C(CC(O1)OC2C(OC(CC2O)OC3C(OC(CC3O)OC4CCC5(C(C4)CCC6C5CCC7(C6(CCC7C8=CC(=O)OC8)O)C)C)C)C)O)O
Bumetanide,Digitoxin,The risk or severity of adverse effects can be increased when Bumetanide is combined with Digitoxin.,CCCCNC1=C(C(=CC(=C1)C(=O)O)S(=O)(=O)N)OC2=CC=CC=C2,CC1C(C(CC(O1)OC2C(OC(CC2O)OC3C(OC(CC3O)OC4CCC5(C(C4)CCC6C5CCC7(C6(CCC7C8=CC(=O)OC8)O)C)C)C)C)O)O
Edrophonium,Digitoxin,Edrophonium may increase the atrioventricular blocking (AV block) activities of Digitoxin.,CC[N+](C)(C)C1=CC(=CC=C1)O,CC1C(C(CC(O1)OC2C(OC(CC2O)OC3C(OC(CC3O)OC4CCC5(C(C4)CCC6C5CCC7(C6(CCC7C8=CC(=O)OC8)O)C)C)C)C)O)O
Cabergoline,Digitoxin,Cabergoline may decrease the cardiotoxic activities of Digitoxin.,CCNC(=O)N(CCCN(C)C)C(=O)C1CC2C(CC3=CNC4=CC=CC2=C34)N(C1)CC=C,CC1C(C(CC(O1)OC2C(OC(CC2O)OC3C(OC(CC3O)OC4CCC5(C(C4)CCC6C5CCC7(C6(CCC7C8=CC(=O)OC8)O)C)C)C)C)O)O
Moxifloxacin,Digitoxin,Moxifloxacin may decrease the cardiotoxic activities of Digitoxin.,COC1=C2C(=CC(=C1N3CC4CCCNC4C3)F)C(=O)C(=CN2C5CC5)C(=O)O,CC1C(C(CC(O1)OC2C(OC(CC2O)OC3C(OC(CC3O)OC4CCC5(C(C4)CCC6C5CCC7(C6(CCC7C8=CC(=O)OC8)O)C)C)C)C)O)O
Pazopanib,Digitoxin,Pazopanib may decrease the cardiotoxic activities of Digitoxin.,CC1=C(C=C(C=C1)NC2=NC=CC(=N2)N(C)C3=CC4=NN(C(=C4C=C3)C)C)S(=O)(=O)N,CC1C(C(CC(O1)OC2C(OC(CC2O)OC3C(OC(CC3O)OC4CCC5(C(C4)CCC6C5CCC7(C6(CCC7C8=CC(=O)OC8)O)C)C)C)C)O)O
Gemifloxacin,Digitoxin,Gemifloxacin may decrease the cardiotoxic activities of Digitoxin.,CON=C1CN(CC1CN)C2=C(C=C3C(=O)C(=CN(C3=N2)C4CC4)C(=O)O)F,CC1C(C(CC(O1)OC2C(OC(CC2O)OC3C(OC(CC3O)OC4CCC5(C(C4)CCC6C5CCC7(C6(CCC7C8=CC(=O)OC8)O)C)C)C)C)O)O
Ciprofloxacin,Digitoxin,Ciprofloxacin may decrease the cardiotoxic activities of Digitoxin.,C1CC1N2C=C(C(=O)C3=CC(=C(C=C32)N4CCNCC4)F)C(=O)O,CC1C(C(CC(O1)OC2C(OC(CC2O)OC3C(OC(CC3O)OC4CCC5(C(C4)CCC6C5CCC7(C6(CCC7C8=CC(=O)OC8)O)C)C)C)C)O)O
Lenvatinib,Digitoxin,Lenvatinib may decrease the cardiotoxic activities of Digitoxin.,COC1=CC2=NC=CC(=C2C=C1C(=O)N)OC3=CC(=C(C=C3)NC(=O)NC4CC4)Cl,CC1C(C(CC(O1)OC2C(OC(CC2O)OC3C(OC(CC3O)OC4CCC5(C(C4)CCC6C5CCC7(C6(CCC7C8=CC(=O)OC8)O)C)C)C)C)O)O
Ofloxacin,Digitoxin,Ofloxacin may decrease the cardiotoxic activities of Digitoxin.,CC1COC2=C3N1C=C(C(=O)C3=CC(=C2N4CCN(CC4)C)F)C(=O)O,CC1C(C(CC(O1)OC2C(OC(CC2O)OC3C(OC(CC3O)OC4CCC5(C(C4)CCC6C5CCC7(C6(CCC7C8=CC(=O)OC8)O)C)C)C)C)O)O
Toremifene,Digitoxin,Toremifene may decrease the cardiotoxic activities of Digitoxin.,CN(C)CCOC1=CC=C(C=C1)C(=C(CCCl)C2=CC=CC=C2)C3=CC=CC=C3,CC1C(C(CC(O1)OC2C(OC(CC2O)OC3C(OC(CC3O)OC4CCC5(C(C4)CCC6C5CCC7(C6(CCC7C8=CC(=O)OC8)O)C)C)C)C)O)O
Arsenic trioxide,Digitoxin,Arsenic trioxide may decrease the cardiotoxic activities of Digitoxin.,[O-2].[O-2].[O-2].[As+3].[As+3],CC1C(C(CC(O1)OC2C(OC(CC2O)OC3C(OC(CC3O)OC4CCC5(C(C4)CCC6C5CCC7(C6(CCC7C8=CC(=O)OC8)O)C)C)C)C)O)O
Levofloxacin,Digitoxin,Levofloxacin may decrease the cardiotoxic activities of Digitoxin.,CC1COC2=C3N1C=C(C(=O)C3=CC(=C2N4CCN(CC4)C)F)C(=O)O,CC1C(C(CC(O1)OC2C(OC(CC2O)OC3C(OC(CC3O)OC4CCC5(C(C4)CCC6C5CCC7(C6(CCC7C8=CC(=O)OC8)O)C)C)C)C)O)O
Goserelin,Digitoxin,Goserelin may decrease the cardiotoxic activities of Digitoxin.,CC(C)CC(C(=O)NC(CCCN=C(N)N)C(=O)N1CCCC1C(=O)NNC(=O)N)NC(=O)C(COC(C)(C)C)NC(=O)C(CC2=CC=C(C=C2)O)NC(=O)C(CO)NC(=O)C(CC3=CNC4=CC=CC=C43)NC(=O)C(CC5=CN=CN5)NC(=O)C6CCC(=O)N6,CC1C(C(CC(O1)OC2C(OC(CC2O)OC3C(OC(CC3O)OC4CCC5(C(C4)CCC6C5CCC7(C6(CCC7C8=CC(=O)OC8)O)C)C)C)C)O)O
Vorinostat,Digitoxin,Vorinostat may decrease the cardiotoxic activities of Digitoxin.,C1=CC=C(C=C1)NC(=O)CCCCCCC(=O)NO,CC1C(C(CC(O1)OC2C(OC(CC2O)OC3C(OC(CC3O)OC4CCC5(C(C4)CCC6C5CCC7(C6(CCC7C8=CC(=O)OC8)O)C)C)C)C)O)O
Octreotide,Digitoxin,Octreotide may decrease the cardiotoxic activities of Digitoxin.,CC(C1C(=O)NC(CSSCC(C(=O)NC(C(=O)NC(C(=O)NC(C(=O)N1)CCCCN)CC2=CNC3=CC=CC=C32)CC4=CC=CC=C4)NC(=O)C(CC5=CC=CC=C5)N)C(=O)NC(CO)C(C)O)O,CC1C(C(CC(O1)OC2C(OC(CC2O)OC3C(OC(CC3O)OC4CCC5(C(C4)CCC6C5CCC7(C6(CCC7C8=CC(=O)OC8)O)C)C)C)C)O)O
Triptorelin,Digitoxin,Triptorelin may decrease the cardiotoxic activities of Digitoxin.,CC(C)CC(C(=O)NC(CCCN=C(N)N)C(=O)N1CCCC1C(=O)NCC(=O)N)NC(=O)C(CC2=CNC3=CC=CC=C32)NC(=O)C(CC4=CC=C(C=C4)O)NC(=O)C(CO)NC(=O)C(CC5=CNC6=CC=CC=C65)NC(=O)C(CC7=CN=CN7)NC(=O)C8CCC(=O)N8,CC1C(C(CC(O1)OC2C(OC(CC2O)OC3C(OC(CC3O)OC4CCC5(C(C4)CCC6C5CCC7(C6(CCC7C8=CC(=O)OC8)O)C)C)C)C)O)O
Degarelix,Digitoxin,Degarelix may decrease the cardiotoxic activities of Digitoxin.,CC(C)CC(C(=O)NC(CCCCNC(C)C)C(=O)N1CCCC1C(=O)NC(C)C(=O)N)NC(=O)C(CC2=CC=C(C=C2)NC(=O)N)NC(=O)C(CC3=CC=C(C=C3)NC(=O)C4CC(=O)NC(=O)N4)NC(=O)C(CO)NC(=O)C(CC5=CN=CC=C5)NC(=O)C(CC6=CC=C(C=C6)Cl)NC(=O)C(CC7=CC8=CC=CC=C8C=C7)NC(=O)C,CC1C(C(CC(O1)OC2C(OC(CC2O)OC3C(OC(CC3O)OC4CCC5(C(C4)CCC6C5CCC7(C6(CCC7C8=CC(=O)OC8)O)C)C)C)C)O)O
Indapamide,Digitoxin,The risk or severity of adverse effects can be increased when Indapamide is combined with Digitoxin.,CC1CC2=CC=CC=C2N1NC(=O)C3=CC(=C(C=C3)Cl)S(=O)(=O)N,CC1C(C(CC(O1)OC2C(OC(CC2O)OC3C(OC(CC3O)OC4CCC5(C(C4)CCC6C5CCC7(C6(CCC7C8=CC(=O)OC8)O)C)C)C)C)O)O
Eribulin,Digitoxin,Eribulin may decrease the cardiotoxic activities of Digitoxin.,CC1CC2CCC3C(=C)CC(O3)CCC45CC6C(O4)C7C(O6)C(O5)C8C(O7)CCC(O8)CC(=O)CC9C(CC(C1=C)O2)OC(C9OC)CC(CN)O,CC1C(C(CC(O1)OC2C(OC(CC2O)OC3C(OC(CC3O)OC4CCC5(C(C4)CCC6C5CCC7(C6(CCC7C8=CC(=O)OC8)O)C)C)C)C)O)O
Epirubicin,Digitoxin,Epirubicin may decrease the cardiotoxic activities of Digitoxin.,CC1C(C(CC(O1)OC2CC(CC3=C2C(=C4C(=C3O)C(=O)C5=C(C4=O)C(=CC=C5)OC)O)(C(=O)CO)O)N)O,CC1C(C(CC(O1)OC2C(OC(CC2O)OC3C(OC(CC3O)OC4CCC5(C(C4)CCC6C5CCC7(C6(CCC7C8=CC(=O)OC8)O)C)C)C)C)O)O
Streptomycin,Digitoxin,The serum concentration of Digitoxin can be decreased when it is combined with Streptomycin.,CC1C(C(C(O1)OC2C(C(C(C(C2O)O)N=C(N)N)O)N=C(N)N)OC3C(C(C(C(O3)CO)O)O)NC)(C=O)O,CC1C(C(CC(O1)OC2C(OC(CC2O)OC3C(OC(CC3O)OC4CCC5(C(C4)CCC6C5CCC7(C6(CCC7C8=CC(=O)OC8)O)C)C)C)C)O)O
Metrizamide,Digitoxin,The serum concentration of Digitoxin can be decreased when it is combined with Metrizamide.,CC(=O)NC1=C(C(=C(C(=C1I)C(=O)NC2C(C(C(OC2O)CO)O)O)I)N(C)C(=O)C)I,CC1C(C(CC(O1)OC2C(OC(CC2O)OC3C(OC(CC3O)OC4CCC5(C(C4)CCC6C5CCC7(C6(CCC7C8=CC(=O)OC8)O)C)C)C)C)O)O
Kanamycin,Digitoxin,The serum concentration of Digitoxin can be decreased when it is combined with Kanamycin.,C1C(C(C(C(C1N)OC2C(C(C(C(O2)CN)O)O)O)O)OC3C(C(C(C(O3)CO)O)N)O)N,CC1C(C(CC(O1)OC2C(OC(CC2O)OC3C(OC(CC3O)OC4CCC5(C(C4)CCC6C5CCC7(C6(CCC7C8=CC(=O)OC8)O)C)C)C)C)O)O
Idarubicin,Digitoxin,Idarubicin may decrease the cardiotoxic activities of Digitoxin.,CC1C(C(CC(O1)OC2CC(CC3=C2C(=C4C(=C3O)C(=O)C5=CC=CC=C5C4=O)O)(C(=O)C)O)N)O,CC1C(C(CC(O1)OC2C(OC(CC2O)OC3C(OC(CC3O)OC4CCC5(C(C4)CCC6C5CCC7(C6(CCC7C8=CC(=O)OC8)O)C)C)C)C)O)O
Plicamycin,Digitoxin,Plicamycin may decrease the cardiotoxic activities of Digitoxin.,CC1C(C(CC(O1)OC2CC(OC(C2O)C)OC3=CC4=CC5=C(C(=O)C(C(C5)C(C(=O)C(C(C)O)O)OC)OC6CC(C(C(O6)C)O)OC7CC(C(C(O7)C)O)OC8CC(C(C(O8)C)O)(C)O)C(=C4C(=C3C)O)O)O)O,CC1C(C(CC(O1)OC2C(OC(CC2O)OC3C(OC(CC3O)OC4CCC5(C(C4)CCC6C5CCC7(C6(CCC7C8=CC(=O)OC8)O)C)C)C)C)O)O
Streptozocin,Digitoxin,Streptozocin may decrease the cardiotoxic activities of Digitoxin.,CN(C(=O)NC1C(C(C(OC1O)CO)O)O)N=O,CC1C(C(CC(O1)OC2C(OC(CC2O)OC3C(OC(CC3O)OC4CCC5(C(C4)CCC6C5CCC7(C6(CCC7C8=CC(=O)OC8)O)C)C)C)C)O)O
Tobramycin,Digitoxin,The serum concentration of Digitoxin can be decreased when it is combined with Tobramycin.,C1C(C(C(C(C1N)OC2C(C(C(C(O2)CO)O)N)O)O)OC3C(CC(C(O3)CN)O)N)N,CC1C(C(CC(O1)OC2C(OC(CC2O)OC3C(OC(CC3O)OC4CCC5(C(C4)CCC6C5CCC7(C6(CCC7C8=CC(=O)OC8)O)C)C)C)C)O)O
Amrubicin,Digitoxin,Amrubicin may decrease the cardiotoxic activities of Digitoxin.,CC(=O)C1(CC(C2=C(C1)C(=C3C(=C2O)C(=O)C4=CC=CC=C4C3=O)O)OC5CC(C(CO5)O)O)N,CC1C(C(CC(O1)OC2C(OC(CC2O)OC3C(OC(CC3O)OC4CCC5(C(C4)CCC6C5CCC7(C6(CCC7C8=CC(=O)OC8)O)C)C)C)C)O)O
Framycetin,Digitoxin,The serum concentration of Digitoxin can be decreased when it is combined with Framycetin.,C1C(C(C(C(C1N)OC2C(C(C(C(O2)CN)O)O)N)OC3C(C(C(O3)CO)OC4C(C(C(C(O4)CN)O)O)N)O)O)N,CC1C(C(CC(O1)OC2C(OC(CC2O)OC3C(OC(CC3O)OC4CCC5(C(C4)CCC6C5CCC7(C6(CCC7C8=CC(=O)OC8)O)C)C)C)C)O)O
Netilmicin,Digitoxin,The serum concentration of Digitoxin can be decreased when it is combined with Netilmicin.,CCNC1CC(C(C(C1OC2C(C(C(CO2)(C)O)NC)O)O)OC3C(CC=C(O3)CN)N)N,CC1C(C(CC(O1)OC2C(OC(CC2O)OC3C(OC(CC3O)OC4CCC5(C(C4)CCC6C5CCC7(C6(CCC7C8=CC(=O)OC8)O)C)C)C)C)O)O
Amikacin,Digitoxin,The serum concentration of Digitoxin can be decreased when it is combined with Amikacin.,C1C(C(C(C(C1NC(=O)C(CCN)O)OC2C(C(C(C(O2)CO)O)N)O)O)OC3C(C(C(C(O3)CN)O)O)O)N,CC1C(C(CC(O1)OC2C(OC(CC2O)OC3C(OC(CC3O)OC4CCC5(C(C4)CCC6C5CCC7(C6(CCC7C8=CC(=O)OC8)O)C)C)C)C)O)O
Valrubicin,Digitoxin,Valrubicin may decrease the cardiotoxic activities of Digitoxin.,CCCCC(=O)OCC(=O)C1(CC(C2=C(C1)C(=C3C(=C2O)C(=O)C4=C(C3=O)C=CC=C4OC)O)OC5CC(C(C(O5)C)O)NC(=O)C(F)(F)F)O,CC1C(C(CC(O1)OC2C(OC(CC2O)OC3C(OC(CC3O)OC4CCC5(C(C4)CCC6C5CCC7(C6(CCC7C8=CC(=O)OC8)O)C)C)C)C)O)O
Daunorubicin,Digitoxin,Daunorubicin may decrease the cardiotoxic activities of Digitoxin.,CC1C(C(CC(O1)OC2CC(CC3=C2C(=C4C(=C3O)C(=O)C5=C(C4=O)C(=CC=C5)OC)O)(C(=O)C)O)N)O,CC1C(C(CC(O1)OC2C(OC(CC2O)OC3C(OC(CC3O)OC4CCC5(C(C4)CCC6C5CCC7(C6(CCC7C8=CC(=O)OC8)O)C)C)C)C)O)O
Ribostamycin,Digitoxin,The serum concentration of Digitoxin can be decreased when it is combined with Ribostamycin.,C1C(C(C(C(C1N)OC2C(C(C(C(O2)CN)O)O)N)OC3C(C(C(O3)CO)O)O)O)N,CC1C(C(CC(O1)OC2C(OC(CC2O)OC3C(OC(CC3O)OC4CCC5(C(C4)CCC6C5CCC7(C6(CCC7C8=CC(=O)OC8)O)C)C)C)C)O)O
Doxorubicin,Digitoxin,Doxorubicin may decrease the cardiotoxic activities of Digitoxin.,CC1C(C(CC(O1)OC2CC(CC3=C2C(=C4C(=C3O)C(=O)C5=C(C4=O)C(=CC=C5)OC)O)(C(=O)CO)O)N)O,CC1C(C(CC(O1)OC2C(OC(CC2O)OC3C(OC(CC3O)OC4CCC5(C(C4)CCC6C5CCC7(C6(CCC7C8=CC(=O)OC8)O)C)C)C)C)O)O
Arbekacin,Digitoxin,The serum concentration of Digitoxin can be decreased when it is combined with Arbekacin.,C1CC(C(OC1CN)OC2C(CC(C(C2O)OC3C(C(C(C(O3)CO)O)N)O)NC(=O)C(CCN)O)N)N,CC1C(C(CC(O1)OC2C(OC(CC2O)OC3C(OC(CC3O)OC4CCC5(C(C4)CCC6C5CCC7(C6(CCC7C8=CC(=O)OC8)O)C)C)C)C)O)O
Gentamicin,Digitoxin,The serum concentration of Digitoxin can be decreased when it is combined with Gentamicin.,CC(C1CCC(C(O1)OC2C(CC(C(C2O)OC3C(C(C(CO3)(C)O)NC)O)N)N)N)NC,CC1C(C(CC(O1)OC2C(OC(CC2O)OC3C(OC(CC3O)OC4CCC5(C(C4)CCC6C5CCC7(C6(CCC7C8=CC(=O)OC8)O)C)C)C)C)O)O
Paromomycin,Digitoxin,The serum concentration of Digitoxin can be decreased when it is combined with Paromomycin.,C1C(C(C(C(C1N)OC2C(C(C(C(O2)CO)O)O)N)OC3C(C(C(O3)CO)OC4C(C(C(C(O4)CN)O)O)N)O)O)N,CC1C(C(CC(O1)OC2C(OC(CC2O)OC3C(OC(CC3O)OC4CCC5(C(C4)CCC6C5CCC7(C6(CCC7C8=CC(=O)OC8)O)C)C)C)C)O)O
Spectinomycin,Digitoxin,The serum concentration of Digitoxin can be decreased when it is combined with Spectinomycin.,CC1CC(=O)C2(C(O1)OC3C(C(C(C(C3O2)NC)O)NC)O)O,CC1C(C(CC(O1)OC2C(OC(CC2O)OC3C(OC(CC3O)OC4CCC5(C(C4)CCC6C5CCC7(C6(CCC7C8=CC(=O)OC8)O)C)C)C)C)O)O
Prednisone,Digitoxin,Prednisone may decrease the cardiotoxic activities of Digitoxin.,CC12CC(=O)C3C(C1CCC2(C(=O)CO)O)CCC4=CC(=O)C=CC34C,CC1C(C(CC(O1)OC2C(OC(CC2O)OC3C(OC(CC3O)OC4CCC5(C(C4)CCC6C5CCC7(C6(CCC7C8=CC(=O)OC8)O)C)C)C)C)O)O
Methylprednisolone,Digitoxin,Methylprednisolone may decrease the cardiotoxic activities of Digitoxin.,CC1CC2C3CCC(C3(CC(C2C4(C1=CC(=O)C=C4)C)O)C)(C(=O)CO)O,CC1C(C(CC(O1)OC2C(OC(CC2O)OC3C(OC(CC3O)OC4CCC5(C(C4)CCC6C5CCC7(C6(CCC7C8=CC(=O)OC8)O)C)C)C)C)O)O
Formestane,Digitoxin,Formestane may decrease the cardiotoxic activities of Digitoxin.,CC12CCC(=O)C(=C1CCC3C2CCC4(C3CCC4=O)C)O,CC1C(C(CC(O1)OC2C(OC(CC2O)OC3C(OC(CC3O)OC4CCC5(C(C4)CCC6C5CCC7(C6(CCC7C8=CC(=O)OC8)O)C)C)C)C)O)O
Pamidronic acid,Digitoxin,Pamidronic acid may decrease the cardiotoxic activities of Digitoxin.,C(CN)C(O)(P(=O)(O)O)P(=O)(O)O,CC1C(C(CC(O1)OC2C(OC(CC2O)OC3C(OC(CC3O)OC4CCC5(C(C4)CCC6C5CCC7(C6(CCC7C8=CC(=O)OC8)O)C)C)C)C)O)O
Bendroflumethiazide,Digitoxin,The risk or severity of adverse effects can be increased when Bendroflumethiazide is combined with Digitoxin.,C1=CC=C(C=C1)CC2NC3=C(C=C(C(=C3)C(F)(F)F)S(=O)(=O)N)S(=O)(=O)N2,CC1C(C(CC(O1)OC2C(OC(CC2O)OC3C(OC(CC3O)OC4CCC5(C(C4)CCC6C5CCC7(C6(CCC7C8=CC(=O)OC8)O)C)C)C)C)O)O
Practolol,Digitoxin,Practolol may increase the bradycardic activities of Digitoxin.,CC(C)NCC(COC1=CC=C(C=C1)NC(=O)C)O,CC1C(C(CC(O1)OC2C(OC(CC2O)OC3C(OC(CC3O)OC4CCC5(C(C4)CCC6C5CCC7(C6(CCC7C8=CC(=O)OC8)O)C)C)C)C)O)O
Altretamine,Digitoxin,Altretamine may decrease the cardiotoxic activities of Digitoxin.,CN(C)C1=NC(=NC(=N1)N(C)C)N(C)C,CC1C(C(CC(O1)OC2C(OC(CC2O)OC3C(OC(CC3O)OC4CCC5(C(C4)CCC6C5CCC7(C6(CCC7C8=CC(=O)OC8)O)C)C)C)C)O)O
Arotinolol,Digitoxin,Arotinolol may increase the bradycardic activities of Digitoxin.,CC(C)(C)NCC(CSC1=NC(=CS1)C2=CC=C(S2)C(=O)N)O,CC1C(C(CC(O1)OC2C(OC(CC2O)OC3C(OC(CC3O)OC4CCC5(C(C4)CCC6C5CCC7(C6(CCC7C8=CC(=O)OC8)O)C)C)C)C)O)O
Bevantolol,Digitoxin,Bevantolol may increase the bradycardic activities of Digitoxin.,CC1=CC(=CC=C1)OCC(CNCCC2=CC(=C(C=C2)OC)OC)O,CC1C(C(CC(O1)OC2C(OC(CC2O)OC3C(OC(CC3O)OC4CCC5(C(C4)CCC6C5CCC7(C6(CCC7C8=CC(=O)OC8)O)C)C)C)C)O)O
Chlorthalidone,Digitoxin,The risk or severity of adverse effects can be increased when Chlorthalidone is combined with Digitoxin.,C1=CC=C2C(=C1)C(=O)NC2(C3=CC(=C(C=C3)Cl)S(=O)(=O)N)O,CC1C(C(CC(O1)OC2C(OC(CC2O)OC3C(OC(CC3O)OC4CCC5(C(C4)CCC6C5CCC7(C6(CCC7C8=CC(=O)OC8)O)C)C)C)C)O)O
Tretinoin,Digitoxin,Tretinoin may decrease the cardiotoxic activities of Digitoxin.,CC1=C(C(CCC1)(C)C)C=CC(=CC=CC(=CC(=O)O)C)C,CC1C(C(CC(O1)OC2C(OC(CC2O)OC3C(OC(CC3O)OC4CCC5(C(C4)CCC6C5CCC7(C6(CCC7C8=CC(=O)OC8)O)C)C)C)C)O)O
Methyclothiazide,Digitoxin,The risk or severity of adverse effects can be increased when Methyclothiazide is combined with Digitoxin.,CN1C(NC2=CC(=C(C=C2S1(=O)=O)S(=O)(=O)N)Cl)CCl,CC1C(C(CC(O1)OC2C(OC(CC2O)OC3C(OC(CC3O)OC4CCC5(C(C4)CCC6C5CCC7(C6(CCC7C8=CC(=O)OC8)O)C)C)C)C)O)O
Clofarabine,Digitoxin,Clofarabine may decrease the cardiotoxic activities of Digitoxin.,C1=NC2=C(N=C(N=C2N1C3C(C(C(O3)CO)O)F)Cl)N,CC1C(C(CC(O1)OC2C(OC(CC2O)OC3C(OC(CC3O)OC4CCC5(C(C4)CCC6C5CCC7(C6(CCC7C8=CC(=O)OC8)O)C)C)C)C)O)O
Amiloride,Digitoxin,The therapeutic efficacy of Digitoxin can be decreased when used in combination with Amiloride.,C1(=C(N=C(C(=N1)Cl)N)N)C(=O)N=C(N)N,CC1C(C(CC(O1)OC2C(OC(CC2O)OC3C(OC(CC3O)OC4CCC5(C(C4)CCC6C5CCC7(C6(CCC7C8=CC(=O)OC8)O)C)C)C)C)O)O
Triamterene,Digitoxin,The therapeutic efficacy of Digitoxin can be decreased when used in combination with Triamterene.,C1=CC=C(C=C1)C2=NC3=C(N=C(N=C3N=C2N)N)N,CC1C(C(CC(O1)OC2C(OC(CC2O)OC3C(OC(CC3O)OC4CCC5(C(C4)CCC6C5CCC7(C6(CCC7C8=CC(=O)OC8)O)C)C)C)C)O)O
Hydrochlorothiazide,Digitoxin,The risk or severity of adverse effects can be increased when Hydrochlorothiazide is combined with Digitoxin.,C1NC2=CC(=C(C=C2S(=O)(=O)N1)S(=O)(=O)N)Cl,CC1C(C(CC(O1)OC2C(OC(CC2O)OC3C(OC(CC3O)OC4CCC5(C(C4)CCC6C5CCC7(C6(CCC7C8=CC(=O)OC8)O)C)C)C)C)O)O
Eplerenone,Digitoxin,The therapeutic efficacy of Digitoxin can be decreased when used in combination with Eplerenone.,CC12CCC(=O)C=C1CC(C3C24C(O4)CC5(C3CCC56CCC(=O)O6)C)C(=O)OC,CC1C(C(CC(O1)OC2C(OC(CC2O)OC3C(OC(CC3O)OC4CCC5(C(C4)CCC6C5CCC7(C6(CCC7C8=CC(=O)OC8)O)C)C)C)C)O)O
Hydroflumethiazide,Digitoxin,The risk or severity of adverse effects can be increased when Hydroflumethiazide is combined with Digitoxin.,C1NC2=C(C=C(C(=C2)C(F)(F)F)S(=O)(=O)N)S(=O)(=O)N1,CC1C(C(CC(O1)OC2C(OC(CC2O)OC3C(OC(CC3O)OC4CCC5(C(C4)CCC6C5CCC7(C6(CCC7C8=CC(=O)OC8)O)C)C)C)C)O)O
Metolazone,Digitoxin,The risk or severity of adverse effects can be increased when Metolazone is combined with Digitoxin.,CC1NC2=CC(=C(C=C2C(=O)N1C3=CC=CC=C3C)S(=O)(=O)N)Cl,CC1C(C(CC(O1)OC2C(OC(CC2O)OC3C(OC(CC3O)OC4CCC5(C(C4)CCC6C5CCC7(C6(CCC7C8=CC(=O)OC8)O)C)C)C)C)O)O
Chlorothiazide,Digitoxin,The risk or severity of adverse effects can be increased when Chlorothiazide is combined with Digitoxin.,C1=C2C(=CC(=C1Cl)S(=O)(=O)N)S(=O)(=O)N=CN2,CC1C(C(CC(O1)OC2C(OC(CC2O)OC3C(OC(CC3O)OC4CCC5(C(C4)CCC6C5CCC7(C6(CCC7C8=CC(=O)OC8)O)C)C)C)C)O)O
Quinacrine,Digitoxin,Quinacrine may decrease the cardiotoxic activities of Digitoxin.,CCN(CC)CCCC(C)NC1=C2C=C(C=CC2=NC3=C1C=CC(=C3)Cl)OC,CC1C(C(CC(O1)OC2C(OC(CC2O)OC3C(OC(CC3O)OC4CCC5(C(C4)CCC6C5CCC7(C6(CCC7C8=CC(=O)OC8)O)C)C)C)C)O)O
Nelarabine,Digitoxin,Nelarabine may decrease the cardiotoxic activities of Digitoxin.,COC1=NC(=NC2=C1N=CN2C3C(C(C(O3)CO)O)O)N,CC1C(C(CC(O1)OC2C(OC(CC2O)OC3C(OC(CC3O)OC4CCC5(C(C4)CCC6C5CCC7(C6(CCC7C8=CC(=O)OC8)O)C)C)C)C)O)O
Azacitidine,Digitoxin,Azacitidine may decrease the cardiotoxic activities of Digitoxin.,C1=NC(=NC(=O)N1C2C(C(C(O2)CO)O)O)N,CC1C(C(CC(O1)OC2C(OC(CC2O)OC3C(OC(CC3O)OC4CCC5(C(C4)CCC6C5CCC7(C6(CCC7C8=CC(=O)OC8)O)C)C)C)C)O)O
Ifosfamide,Digitoxin,Ifosfamide may decrease the cardiotoxic activities of Digitoxin.,C1CN(P(=O)(OC1)NCCCl)CCCl,CC1C(C(CC(O1)OC2C(OC(CC2O)OC3C(OC(CC3O)OC4CCC5(C(C4)CCC6C5CCC7(C6(CCC7C8=CC(=O)OC8)O)C)C)C)C)O)O
Cytarabine,Digitoxin,Cytarabine may decrease the cardiotoxic activities of Digitoxin.,C1=CN(C(=O)N=C1N)C2C(C(C(O2)CO)O)O,CC1C(C(CC(O1)OC2C(OC(CC2O)OC3C(OC(CC3O)OC4CCC5(C(C4)CCC6C5CCC7(C6(CCC7C8=CC(=O)OC8)O)C)C)C)C)O)O
Lomustine,Digitoxin,Lomustine may decrease the cardiotoxic activities of Digitoxin.,C1CCC(CC1)NC(=O)N(CCCl)N=O,CC1C(C(CC(O1)OC2C(OC(CC2O)OC3C(OC(CC3O)OC4CCC5(C(C4)CCC6C5CCC7(C6(CCC7C8=CC(=O)OC8)O)C)C)C)C)O)O
Mechlorethamine,Digitoxin,Mechlorethamine may decrease the cardiotoxic activities of Digitoxin.,CN(CCCl)CCCl,CC1C(C(CC(O1)OC2C(OC(CC2O)OC3C(OC(CC3O)OC4CCC5(C(C4)CCC6C5CCC7(C6(CCC7C8=CC(=O)OC8)O)C)C)C)C)O)O
Vincristine,Digitoxin,Vincristine may decrease the cardiotoxic activities of Digitoxin.,CCC1(CC2CC(C3=C(CCN(C2)C1)C4=CC=CC=C4N3)(C5=C(C=C6C(=C5)C78CCN9C7C(C=CC9)(C(C(C8N6C=O)(C(=O)OC)O)OC(=O)C)CC)OC)C(=O)OC)O,CC1C(C(CC(O1)OC2C(OC(CC2O)OC3C(OC(CC3O)OC4CCC5(C(C4)CCC6C5CCC7(C6(CCC7C8=CC(=O)OC8)O)C)C)C)C)O)O
Temozolomide,Digitoxin,Temozolomide may decrease the cardiotoxic activities of Digitoxin.,CN1C(=O)N2C=NC(=C2N=N1)C(=O)N,CC1C(C(CC(O1)OC2C(OC(CC2O)OC3C(OC(CC3O)OC4CCC5(C(C4)CCC6C5CCC7(C6(CCC7C8=CC(=O)OC8)O)C)C)C)C)O)O
Busulfan,Digitoxin,Busulfan may decrease the cardiotoxic activities of Digitoxin.,CS(=O)(=O)OCCCCOS(=O)(=O)C,CC1C(C(CC(O1)OC2C(OC(CC2O)OC3C(OC(CC3O)OC4CCC5(C(C4)CCC6C5CCC7(C6(CCC7C8=CC(=O)OC8)O)C)C)C)C)O)O
Vinorelbine,Digitoxin,Vinorelbine may decrease the cardiotoxic activities of Digitoxin.,CCC1=CC2CC(C3=C(CN(C2)C1)C4=CC=CC=C4N3)(C5=C(C=C6C(=C5)C78CCN9C7C(C=CC9)(C(C(C8N6C)(C(=O)OC)O)OC(=O)C)CC)OC)C(=O)OC,CC1C(C(CC(O1)OC2C(OC(CC2O)OC3C(OC(CC3O)OC4CCC5(C(C4)CCC6C5CCC7(C6(CCC7C8=CC(=O)OC8)O)C)C)C)C)O)O
Tioguanine,Digitoxin,Tioguanine may decrease the cardiotoxic activities of Digitoxin.,C1=NC2=C(N1)C(=S)N=C(N2)N,CC1C(C(CC(O1)OC2C(OC(CC2O)OC3C(OC(CC3O)OC4CCC5(C(C4)CCC6C5CCC7(C6(CCC7C8=CC(=O)OC8)O)C)C)C)C)O)O
Mitoxantrone,Digitoxin,Mitoxantrone may decrease the cardiotoxic activities of Digitoxin.,C1=CC(=C2C(=C1NCCNCCO)C(=O)C3=C(C=CC(=C3C2=O)O)O)NCCNCCO,CC1C(C(CC(O1)OC2C(OC(CC2O)OC3C(OC(CC3O)OC4CCC5(C(C4)CCC6C5CCC7(C6(CCC7C8=CC(=O)OC8)O)C)C)C)C)O)O
Fluorouracil,Digitoxin,Fluorouracil may decrease the cardiotoxic activities of Digitoxin.,C1=C(C(=O)NC(=O)N1)F,CC1C(C(CC(O1)OC2C(OC(CC2O)OC3C(OC(CC3O)OC4CCC5(C(C4)CCC6C5CCC7(C6(CCC7C8=CC(=O)OC8)O)C)C)C)C)O)O
Imiquimod,Digitoxin,Imiquimod may decrease the cardiotoxic activities of Digitoxin.,CC(C)CN1C=NC2=C1C3=CC=CC=C3N=C2N,CC1C(C(CC(O1)OC2C(OC(CC2O)OC3C(OC(CC3O)OC4CCC5(C(C4)CCC6C5CCC7(C6(CCC7C8=CC(=O)OC8)O)C)C)C)C)O)O
Oxaliplatin,Digitoxin,Oxaliplatin may decrease the cardiotoxic activities of Digitoxin.,C1CCC(C(C1)[NH-])[NH-].C(=O)(C(=O)O)O.[Pt+2],CC1C(C(CC(O1)OC2C(OC(CC2O)OC3C(OC(CC3O)OC4CCC5(C(C4)CCC6C5CCC7(C6(CCC7C8=CC(=O)OC8)O)C)C)C)C)O)O
Pemetrexed,Digitoxin,Pemetrexed may decrease the cardiotoxic activities of Digitoxin.,C1=CC(=CC=C1CCC2=CNC3=C2C(=O)NC(=N3)N)C(=O)NC(CCC(=O)O)C(=O)O,CC1C(C(CC(O1)OC2C(OC(CC2O)OC3C(OC(CC3O)OC4CCC5(C(C4)CCC6C5CCC7(C6(CCC7C8=CC(=O)OC8)O)C)C)C)C)O)O
Capecitabine,Digitoxin,Capecitabine may decrease the cardiotoxic activities of Digitoxin.,CCCCCOC(=O)NC1=NC(=O)N(C=C1F)C2C(C(C(O2)C)O)O,CC1C(C(CC(O1)OC2C(OC(CC2O)OC3C(OC(CC3O)OC4CCC5(C(C4)CCC6C5CCC7(C6(CCC7C8=CC(=O)OC8)O)C)C)C)C)O)O
Fludarabine,Digitoxin,Fludarabine may decrease the cardiotoxic activities of Digitoxin.,C1=NC2=C(N=C(N=C2N1C3C(C(C(O3)CO)O)O)F)N,CC1C(C(CC(O1)OC2C(OC(CC2O)OC3C(OC(CC3O)OC4CCC5(C(C4)CCC6C5CCC7(C6(CCC7C8=CC(=O)OC8)O)C)C)C)C)O)O
Pralatrexate,Digitoxin,Pralatrexate may decrease the cardiotoxic activities of Digitoxin.,C#CCC(CC1=CN=C2C(=N1)C(=NC(=N2)N)N)C3=CC=C(C=C3)C(=O)NC(CCC(=O)O)C(=O)O,CC1C(C(CC(O1)OC2C(OC(CC2O)OC3C(OC(CC3O)OC4CCC5(C(C4)CCC6C5CCC7(C6(CCC7C8=CC(=O)OC8)O)C)C)C)C)O)O
Etoposide,Digitoxin,Etoposide may decrease the cardiotoxic activities of Digitoxin.,CC1OCC2C(O1)C(C(C(O2)OC3C4COC(=O)C4C(C5=CC6=C(C=C35)OCO6)C7=CC(=C(C(=C7)OC)O)OC)O)O,CC1C(C(CC(O1)OC2C(OC(CC2O)OC3C(OC(CC3O)OC4CCC5(C(C4)CCC6C5CCC7(C6(CCC7C8=CC(=O)OC8)O)C)C)C)C)O)O
Ruxolitinib,Digitoxin,Ruxolitinib may decrease the cardiotoxic activities of Digitoxin.,C1CCC(C1)C(CC#N)N2C=C(C=N2)C3=C4C=CNC4=NC=N3,CC1C(C(CC(O1)OC2C(OC(CC2O)OC3C(OC(CC3O)OC4CCC5(C(C4)CCC6C5CCC7(C6(CCC7C8=CC(=O)OC8)O)C)C)C)C)O)O
Melphalan,Digitoxin,Melphalan may decrease the cardiotoxic activities of Digitoxin.,C1=CC(=CC=C1CC(C(=O)O)N)N(CCCl)CCCl,CC1C(C(CC(O1)OC2C(OC(CC2O)OC3C(OC(CC3O)OC4CCC5(C(C4)CCC6C5CCC7(C6(CCC7C8=CC(=O)OC8)O)C)C)C)C)O)O
Sorafenib,Digitoxin,Sorafenib may decrease the cardiotoxic activities of Digitoxin.,CNC(=O)C1=NC=CC(=C1)OC2=CC=C(C=C2)NC(=O)NC3=CC(=C(C=C3)Cl)C(F)(F)F,CC1C(C(CC(O1)OC2C(OC(CC2O)OC3C(OC(CC3O)OC4CCC5(C(C4)CCC6C5CCC7(C6(CCC7C8=CC(=O)OC8)O)C)C)C)C)O)O
Teniposide,Digitoxin,Teniposide may decrease the cardiotoxic activities of Digitoxin.,COC1=CC(=CC(=C1O)OC)C2C3C(COC3=O)C(C4=CC5=C(C=C24)OCO5)OC6C(C(C7C(O6)COC(O7)C8=CC=CS8)O)O,CC1C(C(CC(O1)OC2C(OC(CC2O)OC3C(OC(CC3O)OC4CCC5(C(C4)CCC6C5CCC7(C6(CCC7C8=CC(=O)OC8)O)C)C)C)C)O)O
Everolimus,Digitoxin,Everolimus may decrease the cardiotoxic activities of Digitoxin.,CC1CCC2CC(C(=CC=CC=CC(CC(C(=O)C(C(C(=CC(C(=O)CC(OC(=O)C3CCCCN3C(=O)C(=O)C1(O2)O)C(C)CC4CCC(C(C4)OC)OCCO)C)C)O)OC)C)C)C)OC,CC1C(C(CC(O1)OC2C(OC(CC2O)OC3C(OC(CC3O)OC4CCC5(C(C4)CCC6C5CCC7(C6(CCC7C8=CC(=O)OC8)O)C)C)C)C)O)O
Azathioprine,Digitoxin,Azathioprine may decrease the cardiotoxic activities of Digitoxin.,CN1C=NC(=C1SC2=NC=NC3=C2NC=N3)[N+](=O)[O-],CC1C(C(CC(O1)OC2C(OC(CC2O)OC3C(OC(CC3O)OC4CCC5(C(C4)CCC6C5CCC7(C6(CCC7C8=CC(=O)OC8)O)C)C)C)C)O)O
Dactinomycin,Digitoxin,Dactinomycin may decrease the cardiotoxic activities of Digitoxin.,CC1C(C(=O)NC(C(=O)N2CCCC2C(=O)N(CC(=O)N(C(C(=O)O1)C(C)C)C)C)C(C)C)NC(=O)C3=C4C(=C(C=C3)C)OC5=C(C(=O)C(=C(C5=N4)C(=O)NC6C(OC(=O)C(N(C(=O)CN(C(=O)C7CCCN7C(=O)C(NC6=O)C(C)C)C)C)C(C)C)C)N)C,CC1C(C(CC(O1)OC2C(OC(CC2O)OC3C(OC(CC3O)OC4CCC5(C(C4)CCC6C5CCC7(C6(CCC7C8=CC(=O)OC8)O)C)C)C)C)O)O
Mitomycin,Digitoxin,Mitomycin may decrease the cardiotoxic activities of Digitoxin.,CC1=C(C(=O)C2=C(C1=O)N3CC4C(C3(C2COC(=O)N)OC)N4)N,CC1C(C(CC(O1)OC2C(OC(CC2O)OC3C(OC(CC3O)OC4CCC5(C(C4)CCC6C5CCC7(C6(CCC7C8=CC(=O)OC8)O)C)C)C)C)O)O
Cisplatin,Digitoxin,Cisplatin may decrease the cardiotoxic activities of Digitoxin.,N.N.Cl[Pt]Cl,CC1C(C(CC(O1)OC2C(OC(CC2O)OC3C(OC(CC3O)OC4CCC5(C(C4)CCC6C5CCC7(C6(CCC7C8=CC(=O)OC8)O)C)C)C)C)O)O
Carmustine,Digitoxin,Carmustine may decrease the cardiotoxic activities of Digitoxin.,C(CCl)NC(=O)N(CCCl)N=O,CC1C(C(CC(O1)OC2C(OC(CC2O)OC3C(OC(CC3O)OC4CCC5(C(C4)CCC6C5CCC7(C6(CCC7C8=CC(=O)OC8)O)C)C)C)C)O)O
Hydroxyurea,Digitoxin,Hydroxyurea may decrease the cardiotoxic activities of Digitoxin.,C(=O)(N)NO,CC1C(C(CC(O1)OC2C(OC(CC2O)OC3C(OC(CC3O)OC4CCC5(C(C4)CCC6C5CCC7(C6(CCC7C8=CC(=O)OC8)O)C)C)C)C)O)O
Cladribine,Digitoxin,Cladribine may decrease the cardiotoxic activities of Digitoxin.,C1C(C(OC1N2C=NC3=C(N=C(N=C32)Cl)N)CO)O,CC1C(C(CC(O1)OC2C(OC(CC2O)OC3C(OC(CC3O)OC4CCC5(C(C4)CCC6C5CCC7(C6(CCC7C8=CC(=O)OC8)O)C)C)C)C)O)O
Ibrutinib,Digitoxin,Ibrutinib may decrease the cardiotoxic activities of Digitoxin.,C=CC(=O)N1CCCC(C1)N2C3=NC=NC(=C3C(=N2)C4=CC=C(C=C4)OC5=CC=CC=C5)N,CC1C(C(CC(O1)OC2C(OC(CC2O)OC3C(OC(CC3O)OC4CCC5(C(C4)CCC6C5CCC7(C6(CCC7C8=CC(=O)OC8)O)C)C)C)C)O)O
Amsacrine,Digitoxin,Amsacrine may decrease the cardiotoxic activities of Digitoxin.,COC1=C(C=CC(=C1)NS(=O)(=O)C)NC2=C3C=CC=CC3=NC4=CC=CC=C42,CC1C(C(CC(O1)OC2C(OC(CC2O)OC3C(OC(CC3O)OC4CCC5(C(C4)CCC6C5CCC7(C6(CCC7C8=CC(=O)OC8)O)C)C)C)C)O)O
Vinblastine,Digitoxin,Vinblastine may decrease the cardiotoxic activities of Digitoxin.,CCC1(CC2CC(C3=C(CCN(C2)C1)C4=CC=CC=C4N3)(C5=C(C=C6C(=C5)C78CCN9C7C(C=CC9)(C(C(C8N6C)(C(=O)OC)O)OC(=O)C)CC)OC)C(=O)OC)O,CC1C(C(CC(O1)OC2C(OC(CC2O)OC3C(OC(CC3O)OC4CCC5(C(C4)CCC6C5CCC7(C6(CCC7C8=CC(=O)OC8)O)C)C)C)C)O)O
Temsirolimus,Digitoxin,Temsirolimus may decrease the cardiotoxic activities of Digitoxin.,CC1CCC2CC(C(=CC=CC=CC(CC(C(=O)C(C(C(=CC(C(=O)CC(OC(=O)C3CCCCN3C(=O)C(=O)C1(O2)O)C(C)CC4CCC(C(C4)OC)OC(=O)C(C)(CO)CO)C)C)O)OC)C)C)C)OC,CC1C(C(CC(O1)OC2C(OC(CC2O)OC3C(OC(CC3O)OC4CCC5(C(C4)CCC6C5CCC7(C6(CCC7C8=CC(=O)OC8)O)C)C)C)C)O)O
Thiotepa,Digitoxin,Thiotepa may decrease the cardiotoxic activities of Digitoxin.,C1CN1P(=S)(N2CC2)N3CC3,CC1C(C(CC(O1)OC2C(OC(CC2O)OC3C(OC(CC3O)OC4CCC5(C(C4)CCC6C5CCC7(C6(CCC7C8=CC(=O)OC8)O)C)C)C)C)O)O
Gemcitabine,Digitoxin,Gemcitabine may decrease the cardiotoxic activities of Digitoxin.,C1=CN(C(=O)N=C1N)C2C(C(C(O2)CO)O)(F)F,CC1C(C(CC(O1)OC2C(OC(CC2O)OC3C(OC(CC3O)OC4CCC5(C(C4)CCC6C5CCC7(C6(CCC7C8=CC(=O)OC8)O)C)C)C)C)O)O
Chlorambucil,Digitoxin,Chlorambucil may decrease the cardiotoxic activities of Digitoxin.,C1=CC(=CC=C1CCCC(=O)O)N(CCCl)CCCl,CC1C(C(CC(O1)OC2C(OC(CC2O)OC3C(OC(CC3O)OC4CCC5(C(C4)CCC6C5CCC7(C6(CCC7C8=CC(=O)OC8)O)C)C)C)C)O)O
Mercaptopurine,Digitoxin,Mercaptopurine may decrease the cardiotoxic activities of Digitoxin.,C1=NC2=C(N1)C(=S)N=CN2,CC1C(C(CC(O1)OC2C(OC(CC2O)OC3C(OC(CC3O)OC4CCC5(C(C4)CCC6C5CCC7(C6(CCC7C8=CC(=O)OC8)O)C)C)C)C)O)O
Methotrexate,Digitoxin,Methotrexate may decrease the cardiotoxic activities of Digitoxin.,CN(CC1=CN=C2C(=N1)C(=NC(=N2)N)N)C3=CC=C(C=C3)C(=O)NC(CCC(=O)O)C(=O)O,CC1C(C(CC(O1)OC2C(OC(CC2O)OC3C(OC(CC3O)OC4CCC5(C(C4)CCC6C5CCC7(C6(CCC7C8=CC(=O)OC8)O)C)C)C)C)O)O
Bleomycin,Digitoxin,Bleomycin may decrease the cardiotoxic activities of Digitoxin.,CC1=C(N=C(N=C1N)C(CC(=O)N)NCC(C(=O)N)N)C(=O)NC(C(C2=CN=CN2)OC3C(C(C(C(O3)CO)O)O)OC4C(C(C(C(O4)CO)O)OC(=O)N)O)C(=O)NC(C)C(C(C)C(=O)NC(C(C)O)C(=O)NCCC5=NC(=CS5)C6=NC(=CS6)C(=O)NCCC[S+](C)C)O,CC1C(C(CC(O1)OC2C(OC(CC2O)OC3C(OC(CC3O)OC4CCC5(C(C4)CCC6C5CCC7(C6(CCC7C8=CC(=O)OC8)O)C)C)C)C)O)O
Estramustine,Digitoxin,Estramustine may decrease the cardiotoxic activities of Digitoxin.,CC12CCC3C(C1CCC2O)CCC4=C3C=CC(=C4)OC(=O)N(CCCl)CCCl,CC1C(C(CC(O1)OC2C(OC(CC2O)OC3C(OC(CC3O)OC4CCC5(C(C4)CCC6C5CCC7(C6(CCC7C8=CC(=O)OC8)O)C)C)C)C)O)O
Vindesine,Digitoxin,Vindesine may decrease the cardiotoxic activities of Digitoxin.,CCC1(CC2CC(C3=C(CCN(C2)C1)C4=CC=CC=C4N3)(C5=C(C=C6C(=C5)C78CCN9C7C(C=CC9)(C(C(C8N6C)(C(=O)N)O)O)CC)OC)C(=O)OC)O,CC1C(C(CC(O1)OC2C(OC(CC2O)OC3C(OC(CC3O)OC4CCC5(C(C4)CCC6C5CCC7(C6(CCC7C8=CC(=O)OC8)O)C)C)C)C)O)O
Floxuridine,Digitoxin,Floxuridine may decrease the cardiotoxic activities of Digitoxin.,C1C(C(OC1N2C=C(C(=O)NC2=O)F)CO)O,CC1C(C(CC(O1)OC2C(OC(CC2O)OC3C(OC(CC3O)OC4CCC5(C(C4)CCC6C5CCC7(C6(CCC7C8=CC(=O)OC8)O)C)C)C)C)O)O
Dacarbazine,Digitoxin,Dacarbazine may decrease the cardiotoxic activities of Digitoxin.,CN(C)N=NC1=C(NC=N1)C(=O)N,CC1C(C(CC(O1)OC2C(OC(CC2O)OC3C(OC(CC3O)OC4CCC5(C(C4)CCC6C5CCC7(C6(CCC7C8=CC(=O)OC8)O)C)C)C)C)O)O
Trabectedin,Digitoxin,Trabectedin may decrease the cardiotoxic activities of Digitoxin.,CC1=CC2=C(C3C4C5C6=C(C(=C7C(=C6C(N4C(C(C2)N3C)O)COC(=O)C8(CS5)C9=CC(=C(C=C9CCN8)O)OC)OCO7)C)OC(=O)C)C(=C1OC)O,CC1C(C(CC(O1)OC2C(OC(CC2O)OC3C(OC(CC3O)OC4CCC5(C(C4)CCC6C5CCC7(C6(CCC7C8=CC(=O)OC8)O)C)C)C)C)O)O
Irinotecan,Digitoxin,Irinotecan may decrease the cardiotoxic activities of Digitoxin.,CCC1=C2CN3C(=CC4=C(C3=O)COC(=O)C4(CC)O)C2=NC5=C1C=C(C=C5)OC(=O)N6CCC(CC6)N7CCCCC7,CC1C(C(CC(O1)OC2C(OC(CC2O)OC3C(OC(CC3O)OC4CCC5(C(C4)CCC6C5CCC7(C6(CCC7C8=CC(=O)OC8)O)C)C)C)C)O)O
Gallium nitrate,Digitoxin,Gallium nitrate may decrease the cardiotoxic activities of Digitoxin.,[N+](=O)([O-])[O-].[N+](=O)([O-])[O-].[N+](=O)([O-])[O-].[Ga+3],CC1C(C(CC(O1)OC2C(OC(CC2O)OC3C(OC(CC3O)OC4CCC5(C(C4)CCC6C5CCC7(C6(CCC7C8=CC(=O)OC8)O)C)C)C)C)O)O
Topotecan,Digitoxin,Topotecan may decrease the cardiotoxic activities of Digitoxin.,CCC1(C2=C(COC1=O)C(=O)N3CC4=CC5=C(C=CC(=C5CN(C)C)O)N=C4C3=C2)O,CC1C(C(CC(O1)OC2C(OC(CC2O)OC3C(OC(CC3O)OC4CCC5(C(C4)CCC6C5CCC7(C6(CCC7C8=CC(=O)OC8)O)C)C)C)C)O)O
Tibolone,Digitoxin,Tibolone may decrease the cardiotoxic activities of Digitoxin.,CC1CC2=C(CCC(=O)C2)C3C1C4CCC(C4(CC3)C)(C#C)O,CC1C(C(CC(O1)OC2C(OC(CC2O)OC3C(OC(CC3O)OC4CCC5(C(C4)CCC6C5CCC7(C6(CCC7C8=CC(=O)OC8)O)C)C)C)C)O)O
Trichlormethiazide,Digitoxin,The risk or severity of adverse effects can be increased when Trichlormethiazide is combined with Digitoxin.,C1=C2C(=CC(=C1Cl)S(=O)(=O)N)S(=O)(=O)NC(N2)C(Cl)Cl,CC1C(C(CC(O1)OC2C(OC(CC2O)OC3C(OC(CC3O)OC4CCC5(C(C4)CCC6C5CCC7(C6(CCC7C8=CC(=O)OC8)O)C)C)C)C)O)O
Albendazole,Digitoxin,Albendazole may decrease the cardiotoxic activities of Digitoxin.,CCCSC1=CC2=C(C=C1)N=C(N2)NC(=O)OC,CC1C(C(CC(O1)OC2C(OC(CC2O)OC3C(OC(CC3O)OC4CCC5(C(C4)CCC6C5CCC7(C6(CCC7C8=CC(=O)OC8)O)C)C)C)C)O)O
Podofilox,Digitoxin,Podofilox may decrease the cardiotoxic activities of Digitoxin.,COC1=CC(=CC(=C1OC)OC)C2C3C(COC3=O)C(C4=CC5=C(C=C24)OCO5)O,CC1C(C(CC(O1)OC2C(OC(CC2O)OC3C(OC(CC3O)OC4CCC5(C(C4)CCC6C5CCC7(C6(CCC7C8=CC(=O)OC8)O)C)C)C)C)O)O
Gefitinib,Digitoxin,Gefitinib may decrease the cardiotoxic activities of Digitoxin.,COC1=C(C=C2C(=C1)N=CN=C2NC3=CC(=C(C=C3)F)Cl)OCCCN4CCOCC4,CC1C(C(CC(O1)OC2C(OC(CC2O)OC3C(OC(CC3O)OC4CCC5(C(C4)CCC6C5CCC7(C6(CCC7C8=CC(=O)OC8)O)C)C)C)C)O)O
Lapatinib,Digitoxin,Lapatinib may decrease the cardiotoxic activities of Digitoxin.,CS(=O)(=O)CCNCC1=CC=C(O1)C2=CC3=C(C=C2)N=CN=C3NC4=CC(=C(C=C4)OCC5=CC(=CC=C5)F)Cl,CC1C(C(CC(O1)OC2C(OC(CC2O)OC3C(OC(CC3O)OC4CCC5(C(C4)CCC6C5CCC7(C6(CCC7C8=CC(=O)OC8)O)C)C)C)C)O)O
Regorafenib,Digitoxin,Regorafenib may decrease the cardiotoxic activities of Digitoxin.,CNC(=O)C1=NC=CC(=C1)OC2=CC(=C(C=C2)NC(=O)NC3=CC(=C(C=C3)Cl)C(F)(F)F)F,CC1C(C(CC(O1)OC2C(OC(CC2O)OC3C(OC(CC3O)OC4CCC5(C(C4)CCC6C5CCC7(C6(CCC7C8=CC(=O)OC8)O)C)C)C)C)O)O
Ponatinib,Digitoxin,Ponatinib may decrease the cardiotoxic activities of Digitoxin.,CC1=C(C=C(C=C1)C(=O)NC2=CC(=C(C=C2)CN3CCN(CC3)C)C(F)(F)F)C#CC4=CN=C5N4N=CC=C5,CC1C(C(CC(O1)OC2C(OC(CC2O)OC3C(OC(CC3O)OC4CCC5(C(C4)CCC6C5CCC7(C6(CCC7C8=CC(=O)OC8)O)C)C)C)C)O)O
Bendamustine,Digitoxin,Bendamustine may decrease the cardiotoxic activities of Digitoxin.,CN1C2=C(C=C(C=C2)N(CCCl)CCCl)N=C1CCCC(=O)O,CC1C(C(CC(O1)OC2C(OC(CC2O)OC3C(OC(CC3O)OC4CCC5(C(C4)CCC6C5CCC7(C6(CCC7C8=CC(=O)OC8)O)C)C)C)C)O)O
Axitinib,Digitoxin,Axitinib may decrease the cardiotoxic activities of Digitoxin.,CNC(=O)C1=CC=CC=C1SC2=CC3=C(C=C2)C(=NN3)C=CC4=CC=CC=N4,CC1C(C(CC(O1)OC2C(OC(CC2O)OC3C(OC(CC3O)OC4CCC5(C(C4)CCC6C5CCC7(C6(CCC7C8=CC(=O)OC8)O)C)C)C)C)O)O
Flutamide,Digitoxin,Flutamide may decrease the cardiotoxic activities of Digitoxin.,CC(C)C(=O)NC1=CC(=C(C=C1)[N+](=O)[O-])C(F)(F)F,CC1C(C(CC(O1)OC2C(OC(CC2O)OC3C(OC(CC3O)OC4CCC5(C(C4)CCC6C5CCC7(C6(CCC7C8=CC(=O)OC8)O)C)C)C)C)O)O
Nilutamide,Digitoxin,Nilutamide may decrease the cardiotoxic activities of Digitoxin.,CC1(C(=O)N(C(=O)N1)C2=CC(=C(C=C2)[N+](=O)[O-])C(F)(F)F)C,CC1C(C(CC(O1)OC2C(OC(CC2O)OC3C(OC(CC3O)OC4CCC5(C(C4)CCC6C5CCC7(C6(CCC7C8=CC(=O)OC8)O)C)C)C)C)O)O
Vismodegib,Digitoxin,Vismodegib may decrease the cardiotoxic activities of Digitoxin.,CS(=O)(=O)C1=CC(=C(C=C1)C(=O)NC2=CC(=C(C=C2)Cl)C3=CC=CC=N3)Cl,CC1C(C(CC(O1)OC2C(OC(CC2O)OC3C(OC(CC3O)OC4CCC5(C(C4)CCC6C5CCC7(C6(CCC7C8=CC(=O)OC8)O)C)C)C)C)O)O
Exemestane,Digitoxin,Exemestane may decrease the cardiotoxic activities of Digitoxin.,CC12CCC3C(C1CCC2=O)CC(=C)C4=CC(=O)C=CC34C,CC1C(C(CC(O1)OC2C(OC(CC2O)OC3C(OC(CC3O)OC4CCC5(C(C4)CCC6C5CCC7(C6(CCC7C8=CC(=O)OC8)O)C)C)C)C)O)O
Methyltestosterone,Digitoxin,Methyltestosterone may decrease the cardiotoxic activities of Digitoxin.,CC12CCC(=O)C=C1CCC3C2CCC4(C3CCC4(C)O)C,CC1C(C(CC(O1)OC2C(OC(CC2O)OC3C(OC(CC3O)OC4CCC5(C(C4)CCC6C5CCC7(C6(CCC7C8=CC(=O)OC8)O)C)C)C)C)O)O
Bexarotene,Digitoxin,Bexarotene may decrease the cardiotoxic activities of Digitoxin.,CC1=CC2=C(C=C1C(=C)C3=CC=C(C=C3)C(=O)O)C(CCC2(C)C)(C)C,CC1C(C(CC(O1)OC2C(OC(CC2O)OC3C(OC(CC3O)OC4CCC5(C(C4)CCC6C5CCC7(C6(CCC7C8=CC(=O)OC8)O)C)C)C)C)O)O
Venetoclax,Digitoxin,Venetoclax may decrease the cardiotoxic activities of Digitoxin.,CC1(CCC(=C(C1)C2=CC=C(C=C2)Cl)CN3CCN(CC3)C4=CC(=C(C=C4)C(=O)NS(=O)(=O)C5=CC(=C(C=C5)NCC6CCOCC6)[N+](=O)[O-])OC7=CN=C8C(=C7)C=CN8)C,CC1C(C(CC(O1)OC2C(OC(CC2O)OC3C(OC(CC3O)OC4CCC5(C(C4)CCC6C5CCC7(C6(CCC7C8=CC(=O)OC8)O)C)C)C)C)O)O
Tamoxifen,Digitoxin,Tamoxifen may decrease the cardiotoxic activities of Digitoxin.,CCC(=C(C1=CC=CC=C1)C2=CC=C(C=C2)OCCN(C)C)C3=CC=CC=C3,CC1C(C(CC(O1)OC2C(OC(CC2O)OC3C(OC(CC3O)OC4CCC5(C(C4)CCC6C5CCC7(C6(CCC7C8=CC(=O)OC8)O)C)C)C)C)O)O
Cabozantinib,Digitoxin,Cabozantinib may decrease the cardiotoxic activities of Digitoxin.,COC1=CC2=C(C=CN=C2C=C1OC)OC3=CC=C(C=C3)NC(=O)C4(CC4)C(=O)NC5=CC=C(C=C5)F,CC1C(C(CC(O1)OC2C(OC(CC2O)OC3C(OC(CC3O)OC4CCC5(C(C4)CCC6C5CCC7(C6(CCC7C8=CC(=O)OC8)O)C)C)C)C)O)O
Romidepsin,Digitoxin,Romidepsin may decrease the cardiotoxic activities of Digitoxin.,CC=C1C(=O)NC(C(=O)OC2CC(=O)NC(C(=O)NC(CSSCCC=C2)C(=O)N1)C(C)C)C(C)C,CC1C(C(CC(O1)OC2C(OC(CC2O)OC3C(OC(CC3O)OC4CCC5(C(C4)CCC6C5CCC7(C6(CCC7C8=CC(=O)OC8)O)C)C)C)C)O)O
Fulvestrant,Digitoxin,Fulvestrant may decrease the cardiotoxic activities of Digitoxin.,CC12CCC3C(C1CCC2O)C(CC4=C3C=CC(=C4)O)CCCCCCCCCS(=O)CCCC(C(F)(F)F)(F)F,CC1C(C(CC(O1)OC2C(OC(CC2O)OC3C(OC(CC3O)OC4CCC5(C(C4)CCC6C5CCC7(C6(CCC7C8=CC(=O)OC8)O)C)C)C)C)O)O
Erlotinib,Digitoxin,Erlotinib may decrease the cardiotoxic activities of Digitoxin.,COCCOC1=C(C=C2C(=C1)C(=NC=N2)NC3=CC=CC(=C3)C#C)OCCOC,CC1C(C(CC(O1)OC2C(OC(CC2O)OC3C(OC(CC3O)OC4CCC5(C(C4)CCC6C5CCC7(C6(CCC7C8=CC(=O)OC8)O)C)C)C)C)O)O
Hydroxyprogesterone caproate,Digitoxin,Hydroxyprogesterone caproate may decrease the cardiotoxic activities of Digitoxin.,CCCCCC(=O)OC1(CCC2C1(CCC3C2CCC4=CC(=O)CCC34C)C)C(=O)C,CC1C(C(CC(O1)OC2C(OC(CC2O)OC3C(OC(CC3O)OC4CCC5(C(C4)CCC6C5CCC7(C6(CCC7C8=CC(=O)OC8)O)C)C)C)C)O)O
Dabrafenib,Digitoxin,The serum concentration of Digitoxin can be decreased when it is combined with Dabrafenib.,CC(C)(C)C1=NC(=C(S1)C2=NC(=NC=C2)N)C3=C(C(=CC=C3)NS(=O)(=O)C4=C(C=CC=C4F)F)F,CC1C(C(CC(O1)OC2C(OC(CC2O)OC3C(OC(CC3O)OC4CCC5(C(C4)CCC6C5CCC7(C6(CCC7C8=CC(=O)OC8)O)C)C)C)C)O)O
Mebendazole,Digitoxin,Mebendazole may decrease the cardiotoxic activities of Digitoxin.,COC(=O)NC1=NC2=C(N1)C=C(C=C2)C(=O)C3=CC=CC=C3,CC1C(C(CC(O1)OC2C(OC(CC2O)OC3C(OC(CC3O)OC4CCC5(C(C4)CCC6C5CCC7(C6(CCC7C8=CC(=O)OC8)O)C)C)C)C)O)O
Bicalutamide,Digitoxin,Bicalutamide may decrease the cardiotoxic activities of Digitoxin.,CC(CS(=O)(=O)C1=CC=C(C=C1)F)(C(=O)NC2=CC(=C(C=C2)C#N)C(F)(F)F)O,CC1C(C(CC(O1)OC2C(OC(CC2O)OC3C(OC(CC3O)OC4CCC5(C(C4)CCC6C5CCC7(C6(CCC7C8=CC(=O)OC8)O)C)C)C)C)O)O
Ixabepilone,Digitoxin,Ixabepilone may decrease the cardiotoxic activities of Digitoxin.,CC1CCCC2(C(O2)CC(NC(=O)CC(C(C(=O)C(C1O)C)(C)C)O)C(=CC3=CSC(=N3)C)C)C,CC1C(C(CC(O1)OC2C(OC(CC2O)OC3C(OC(CC3O)OC4CCC5(C(C4)CCC6C5CCC7(C6(CCC7C8=CC(=O)OC8)O)C)C)C)C)O)O
Lomefloxacin,Digitoxin,Lomefloxacin may decrease the cardiotoxic activities of Digitoxin.,CCN1C=C(C(=O)C2=CC(=C(C(=C21)F)N3CCNC(C3)C)F)C(=O)O,CC1C(C(CC(O1)OC2C(OC(CC2O)OC3C(OC(CC3O)OC4CCC5(C(C4)CCC6C5CCC7(C6(CCC7C8=CC(=O)OC8)O)C)C)C)C)O)O
Colchicine,Digitoxin,Colchicine may decrease the cardiotoxic activities of Digitoxin.,CC(=O)NC1CCC2=CC(=C(C(=C2C3=CC=C(C(=O)C=C13)OC)OC)OC)OC,CC1C(C(CC(O1)OC2C(OC(CC2O)OC3C(OC(CC3O)OC4CCC5(C(C4)CCC6C5CCC7(C6(CCC7C8=CC(=O)OC8)O)C)C)C)C)O)O
Quinethazone,Digitoxin,The risk or severity of adverse effects can be increased when Quinethazone is combined with Digitoxin.,CCC1NC2=CC(=C(C=C2C(=O)N1)S(=O)(=O)N)Cl,CC1C(C(CC(O1)OC2C(OC(CC2O)OC3C(OC(CC3O)OC4CCC5(C(C4)CCC6C5CCC7(C6(CCC7C8=CC(=O)OC8)O)C)C)C)C)O)O
Decitabine,Digitoxin,Decitabine may decrease the cardiotoxic activities of Digitoxin.,C1C(C(OC1N2C=NC(=NC2=O)N)CO)O,CC1C(C(CC(O1)OC2C(OC(CC2O)OC3C(OC(CC3O)OC4CCC5(C(C4)CCC6C5CCC7(C6(CCC7C8=CC(=O)OC8)O)C)C)C)C)O)O
Carfilzomib,Digitoxin,Carfilzomib may decrease the cardiotoxic activities of Digitoxin.,CC(C)CC(C(=O)C1(CO1)C)NC(=O)C(CC2=CC=CC=C2)NC(=O)C(CC(C)C)NC(=O)C(CCC3=CC=CC=C3)NC(=O)CN4CCOCC4,CC1C(C(CC(O1)OC2C(OC(CC2O)OC3C(OC(CC3O)OC4CCC5(C(C4)CCC6C5CCC7(C6(CCC7C8=CC(=O)OC8)O)C)C)C)C)O)O
Dexrazoxane,Digitoxin,Dexrazoxane may decrease the cardiotoxic activities of Digitoxin.,CC(CN1CC(=O)NC(=O)C1)N2CC(=O)NC(=O)C2,CC1C(C(CC(O1)OC2C(OC(CC2O)OC3C(OC(CC3O)OC4CCC5(C(C4)CCC6C5CCC7(C6(CCC7C8=CC(=O)OC8)O)C)C)C)C)O)O
Vitamin A,Digitoxin,Vitamin A may decrease the cardiotoxic activities of Digitoxin.,CC1=C(C(CCC1)(C)C)C=CC(=CC=CC(=CCO)C)C,CC1C(C(CC(O1)OC2C(OC(CC2O)OC3C(OC(CC3O)OC4CCC5(C(C4)CCC6C5CCC7(C6(CCC7C8=CC(=O)OC8)O)C)C)C)C)O)O
Nedaplatin,Digitoxin,Nedaplatin may decrease the cardiotoxic activities of Digitoxin.,C(C(=O)[O-])[O-].N.N.[Pt+2],CC1C(C(CC(O1)OC2C(OC(CC2O)OC3C(OC(CC3O)OC4CCC5(C(C4)CCC6C5CCC7(C6(CCC7C8=CC(=O)OC8)O)C)C)C)C)O)O
Vinflunine,Digitoxin,Vinflunine may decrease the cardiotoxic activities of Digitoxin.,CCC12C=CCN3C1C4(CC3)C(C(C2OC(=O)C)(C(=O)OC)O)N(C5=CC(=C(C=C45)C6(CC7CC(CN(C7)CC8=C6NC9=CC=CC=C89)C(C)(F)F)C(=O)OC)OC)C,CC1C(C(CC(O1)OC2C(OC(CC2O)OC3C(OC(CC3O)OC4CCC5(C(C4)CCC6C5CCC7(C6(CCC7C8=CC(=O)OC8)O)C)C)C)C)O)O
Nalidixic acid,Digitoxin,Nalidixic acid may decrease the cardiotoxic activities of Digitoxin.,CCN1C=C(C(=O)C2=C1N=C(C=C2)C)C(=O)O,CC1C(C(CC(O1)OC2C(OC(CC2O)OC3C(OC(CC3O)OC4CCC5(C(C4)CCC6C5CCC7(C6(CCC7C8=CC(=O)OC8)O)C)C)C)C)O)O
Belinostat,Digitoxin,Belinostat may decrease the cardiotoxic activities of Digitoxin.,C1=CC=C(C=C1)NS(=O)(=O)C2=CC=CC(=C2)C=CC(=O)NO,CC1C(C(CC(O1)OC2C(OC(CC2O)OC3C(OC(CC3O)OC4CCC5(C(C4)CCC6C5CCC7(C6(CCC7C8=CC(=O)OC8)O)C)C)C)C)O)O
Trametinib,Digitoxin,Trametinib may decrease the cardiotoxic activities of Digitoxin.,CC1=C2C(=C(N(C1=O)C)NC3=C(C=C(C=C3)I)F)C(=O)N(C(=O)N2C4=CC=CC(=C4)NC(=O)C)C5CC5,CC1C(C(CC(O1)OC2C(OC(CC2O)OC3C(OC(CC3O)OC4CCC5(C(C4)CCC6C5CCC7(C6(CCC7C8=CC(=O)OC8)O)C)C)C)C)O)O
Anastrozole,Digitoxin,Anastrozole may decrease the cardiotoxic activities of Digitoxin.,CC(C)(C#N)C1=CC(=CC(=C1)CN2C=NC=N2)C(C)(C)C#N,CC1C(C(CC(O1)OC2C(OC(CC2O)OC3C(OC(CC3O)OC4CCC5(C(C4)CCC6C5CCC7(C6(CCC7C8=CC(=O)OC8)O)C)C)C)C)O)O
Raltitrexed,Digitoxin,Raltitrexed may decrease the cardiotoxic activities of Digitoxin.,CC1=NC2=C(C=C(C=C2)CN(C)C3=CC=C(S3)C(=O)NC(CCC(=O)O)C(=O)O)C(=O)N1,CC1C(C(CC(O1)OC2C(OC(CC2O)OC3C(OC(CC3O)OC4CCC5(C(C4)CCC6C5CCC7(C6(CCC7C8=CC(=O)OC8)O)C)C)C)C)O)O
Bosutinib,Digitoxin,Bosutinib may decrease the cardiotoxic activities of Digitoxin.,CN1CCN(CC1)CCCOC2=C(C=C3C(=C2)N=CC(=C3NC4=CC(=C(C=C4Cl)Cl)OC)C#N)OC,CC1C(C(CC(O1)OC2C(OC(CC2O)OC3C(OC(CC3O)OC4CCC5(C(C4)CCC6C5CCC7(C6(CCC7C8=CC(=O)OC8)O)C)C)C)C)O)O
Calcipotriol,Digitoxin,Calcipotriol may decrease the cardiotoxic activities of Digitoxin.,CC(C=CC(C1CC1)O)C2CCC3C2(CCCC3=CC=C4CC(CC(C4=C)O)O)C,CC1C(C(CC(O1)OC2C(OC(CC2O)OC3C(OC(CC3O)OC4CCC5(C(C4)CCC6C5CCC7(C6(CCC7C8=CC(=O)OC8)O)C)C)C)C)O)O
Cobimetinib,Digitoxin,Cobimetinib may decrease the cardiotoxic activities of Digitoxin.,C1CCNC(C1)C2(CN(C2)C(=O)C3=C(C(=C(C=C3)F)F)NC4=C(C=C(C=C4)I)F)O,CC1C(C(CC(O1)OC2C(OC(CC2O)OC3C(OC(CC3O)OC4CCC5(C(C4)CCC6C5CCC7(C6(CCC7C8=CC(=O)OC8)O)C)C)C)C)O)O
Besifloxacin,Digitoxin,Besifloxacin may decrease the cardiotoxic activities of Digitoxin.,C1CCN(CC(C1)N)C2=C(C=C3C(=C2Cl)N(C=C(C3=O)C(=O)O)C4CC4)F,CC1C(C(CC(O1)OC2C(OC(CC2O)OC3C(OC(CC3O)OC4CCC5(C(C4)CCC6C5CCC7(C6(CCC7C8=CC(=O)OC8)O)C)C)C)C)O)O
Tegafur,Digitoxin,Tegafur may decrease the cardiotoxic activities of Digitoxin.,C1CC(OC1)N2C=C(C(=O)NC2=O)F,CC1C(C(CC(O1)OC2C(OC(CC2O)OC3C(OC(CC3O)OC4CCC5(C(C4)CCC6C5CCC7(C6(CCC7C8=CC(=O)OC8)O)C)C)C)C)O)O
Alitretinoin,Digitoxin,Alitretinoin may decrease the cardiotoxic activities of Digitoxin.,CC1=C(C(CCC1)(C)C)C=CC(=CC=CC(=CC(=O)O)C)C,CC1C(C(CC(O1)OC2C(OC(CC2O)OC3C(OC(CC3O)OC4CCC5(C(C4)CCC6C5CCC7(C6(CCC7C8=CC(=O)OC8)O)C)C)C)C)O)O
Pipobroman,Digitoxin,Pipobroman may decrease the cardiotoxic activities of Digitoxin.,C1CN(CCN1C(=O)CCBr)C(=O)CCBr,CC1C(C(CC(O1)OC2C(OC(CC2O)OC3C(OC(CC3O)OC4CCC5(C(C4)CCC6C5CCC7(C6(CCC7C8=CC(=O)OC8)O)C)C)C)C)O)O
Uracil mustard,Digitoxin,Uracil mustard may decrease the cardiotoxic activities of Digitoxin.,C1=C(C(=O)NC(=O)N1)N(CCCl)CCCl,CC1C(C(CC(O1)OC2C(OC(CC2O)OC3C(OC(CC3O)OC4CCC5(C(C4)CCC6C5CCC7(C6(CCC7C8=CC(=O)OC8)O)C)C)C)C)O)O
Alectinib,Digitoxin,Alectinib may decrease the cardiotoxic activities of Digitoxin.,CCC1=CC2=C(C=C1N3CCC(CC3)N4CCOCC4)C(C5=C(C2=O)C6=C(N5)C=C(C=C6)C#N)(C)C,CC1C(C(CC(O1)OC2C(OC(CC2O)OC3C(OC(CC3O)OC4CCC5(C(C4)CCC6C5CCC7(C6(CCC7C8=CC(=O)OC8)O)C)C)C)C)O)O
Testolactone,Digitoxin,Testolactone may decrease the cardiotoxic activities of Digitoxin.,CC12CCC3C(C1CCC(=O)O2)CCC4=CC(=O)C=CC34C,CC1C(C(CC(O1)OC2C(OC(CC2O)OC3C(OC(CC3O)OC4CCC5(C(C4)CCC6C5CCC7(C6(CCC7C8=CC(=O)OC8)O)C)C)C)C)O)O
Eflornithine,Digitoxin,Eflornithine may decrease the cardiotoxic activities of Digitoxin.,C(CC(C(F)F)(C(=O)O)N)CN,CC1C(C(CC(O1)OC2C(OC(CC2O)OC3C(OC(CC3O)OC4CCC5(C(C4)CCC6C5CCC7(C6(CCC7C8=CC(=O)OC8)O)C)C)C)C)O)O
Trovafloxacin,Digitoxin,Trovafloxacin may decrease the cardiotoxic activities of Digitoxin.,C1C2C(C2N)CN1C3=C(C=C4C(=O)C(=CN(C4=N3)C5=C(C=C(C=C5)F)F)C(=O)O)F,CC1C(C(CC(O1)OC2C(OC(CC2O)OC3C(OC(CC3O)OC4CCC5(C(C4)CCC6C5CCC7(C6(CCC7C8=CC(=O)OC8)O)C)C)C)C)O)O
Nintedanib,Digitoxin,Nintedanib may decrease the cardiotoxic activities of Digitoxin.,CN1CCN(CC1)CC(=O)N(C)C2=CC=C(C=C2)N=C(C3=CC=CC=C3)C4=C(NC5=C4C=CC(=C5)C(=O)OC)O,CC1C(C(CC(O1)OC2C(OC(CC2O)OC3C(OC(CC3O)OC4CCC5(C(C4)CCC6C5CCC7(C6(CCC7C8=CC(=O)OC8)O)C)C)C)C)O)O
Methyl aminolevulinate,Digitoxin,Methyl aminolevulinate may decrease the cardiotoxic activities of Digitoxin.,COC(=O)CCC(=O)CN,CC1C(C(CC(O1)OC2C(OC(CC2O)OC3C(OC(CC3O)OC4CCC5(C(C4)CCC6C5CCC7(C6(CCC7C8=CC(=O)OC8)O)C)C)C)C)O)O
Enoxacin,Digitoxin,Enoxacin may decrease the cardiotoxic activities of Digitoxin.,CCN1C=C(C(=O)C2=CC(=C(N=C21)N3CCNCC3)F)C(=O)O,CC1C(C(CC(O1)OC2C(OC(CC2O)OC3C(OC(CC3O)OC4CCC5(C(C4)CCC6C5CCC7(C6(CCC7C8=CC(=O)OC8)O)C)C)C)C)O)O
Pefloxacin,Digitoxin,Pefloxacin may decrease the cardiotoxic activities of Digitoxin.,CCN1C=C(C(=O)C2=CC(=C(C=C21)N3CCN(CC3)C)F)C(=O)O,CC1C(C(CC(O1)OC2C(OC(CC2O)OC3C(OC(CC3O)OC4CCC5(C(C4)CCC6C5CCC7(C6(CCC7C8=CC(=O)OC8)O)C)C)C)C)O)O
Azelaic acid,Digitoxin,Azelaic acid may decrease the cardiotoxic activities of Digitoxin.,C(CCCC(=O)O)CCCC(=O)O,CC1C(C(CC(O1)OC2C(OC(CC2O)OC3C(OC(CC3O)OC4CCC5(C(C4)CCC6C5CCC7(C6(CCC7C8=CC(=O)OC8)O)C)C)C)C)O)O
Cinoxacin,Digitoxin,Cinoxacin may decrease the cardiotoxic activities of Digitoxin.,CCN1C2=CC3=C(C=C2C(=O)C(=N1)C(=O)O)OCO3,CC1C(C(CC(O1)OC2C(OC(CC2O)OC3C(OC(CC3O)OC4CCC5(C(C4)CCC6C5CCC7(C6(CCC7C8=CC(=O)OC8)O)C)C)C)C)O)O
Phenylacetic acid,Digitoxin,Phenylacetic acid may decrease the cardiotoxic activities of Digitoxin.,C1=CC=C(C=C1)CC(=O)O,CC1C(C(CC(O1)OC2C(OC(CC2O)OC3C(OC(CC3O)OC4CCC5(C(C4)CCC6C5CCC7(C6(CCC7C8=CC(=O)OC8)O)C)C)C)C)O)O
Sparfloxacin,Digitoxin,Sparfloxacin may decrease the cardiotoxic activities of Digitoxin.,CC1CN(CC(N1)C)C2=C(C(=C3C(=C2F)N(C=C(C3=O)C(=O)O)C4CC4)N)F,CC1C(C(CC(O1)OC2C(OC(CC2O)OC3C(OC(CC3O)OC4CCC5(C(C4)CCC6C5CCC7(C6(CCC7C8=CC(=O)OC8)O)C)C)C)C)O)O
Niraparib,Digitoxin,Niraparib may decrease the cardiotoxic activities of Digitoxin.,C1CC(CNC1)C2=CC=C(C=C2)N3C=C4C=CC=C(C4=N3)C(=O)N,CC1C(C(CC(O1)OC2C(OC(CC2O)OC3C(OC(CC3O)OC4CCC5(C(C4)CCC6C5CCC7(C6(CCC7C8=CC(=O)OC8)O)C)C)C)C)O)O
Vapreotide,Digitoxin,Vapreotide may decrease the cardiotoxic activities of Digitoxin.,CC(C)C1C(=O)NC(CSSCC(C(=O)NC(C(=O)NC(C(=O)NC(C(=O)N1)CCCCN)CC2=CNC3=CC=CC=C32)CC4=CC=C(C=C4)O)NC(=O)C(CC5=CC=CC=C5)N)C(=O)NC(CC6=CNC7=CC=CC=C76)C(=O)N,CC1C(C(CC(O1)OC2C(OC(CC2O)OC3C(OC(CC3O)OC4CCC5(C(C4)CCC6C5CCC7(C6(CCC7C8=CC(=O)OC8)O)C)C)C)C)O)O
Trilostane,Digitoxin,Trilostane may decrease the cardiotoxic activities of Digitoxin.,CC12CCC3C(C1CCC2O)CCC45C3(CC(=C(C4O5)O)C#N)C,CC1C(C(CC(O1)OC2C(OC(CC2O)OC3C(OC(CC3O)OC4CCC5(C(C4)CCC6C5CCC7(C6(CCC7C8=CC(=O)OC8)O)C)C)C)C)O)O
Sonidegib,Digitoxin,Sonidegib may decrease the cardiotoxic activities of Digitoxin.,CC1CN(CC(O1)C)C2=NC=C(C=C2)NC(=O)C3=CC=CC(=C3C)C4=CC=C(C=C4)OC(F)(F)F,CC1C(C(CC(O1)OC2C(OC(CC2O)OC3C(OC(CC3O)OC4CCC5(C(C4)CCC6C5CCC7(C6(CCC7C8=CC(=O)OC8)O)C)C)C)C)O)O
Cyproterone acetate,Digitoxin,Cyproterone acetate may decrease the cardiotoxic activities of Digitoxin.,CC(=O)C1(CCC2C1(CCC3C2C=C(C4=CC(=O)C5CC5C34C)Cl)C)OC(=O)C,CC1C(C(CC(O1)OC2C(OC(CC2O)OC3C(OC(CC3O)OC4CCC5(C(C4)CCC6C5CCC7(C6(CCC7C8=CC(=O)OC8)O)C)C)C)C)O)O
Suramin,Digitoxin,Suramin may decrease the cardiotoxic activities of Digitoxin.,CC1=C(C=C(C=C1)C(=O)NC2=C3C(=CC(=CC3=C(C=C2)S(=O)(=O)O)S(=O)(=O)O)S(=O)(=O)O)NC(=O)C4=CC(=CC=C4)NC(=O)NC5=CC=CC(=C5)C(=O)NC6=C(C=CC(=C6)C(=O)NC7=C8C(=CC(=CC8=C(C=C7)S(=O)(=O)O)S(=O)(=O)O)S(=O)(=O)O)C,CC1C(C(CC(O1)OC2C(OC(CC2O)OC3C(OC(CC3O)OC4CCC5(C(C4)CCC6C5CCC7(C6(CCC7C8=CC(=O)OC8)O)C)C)C)C)O)O
Iobenguane,Digitoxin,Iobenguane may decrease the cardiotoxic activities of Digitoxin.,C1=CC(=CC(=C1)I)CN=C(N)N,CC1C(C(CC(O1)OC2C(OC(CC2O)OC3C(OC(CC3O)OC4CCC5(C(C4)CCC6C5CCC7(C6(CCC7C8=CC(=O)OC8)O)C)C)C)C)O)O
Omacetaxine mepesuccinate,Digitoxin,Omacetaxine mepesuccinate may decrease the cardiotoxic activities of Digitoxin.,CC(C)(CCCC(CC(=O)OC)(C(=O)OC1C2C3=CC4=C(C=C3CCN5C2(CCC5)C=C1OC)OCO4)O)O,CC1C(C(CC(O1)OC2C(OC(CC2O)OC3C(OC(CC3O)OC4CCC5(C(C4)CCC6C5CCC7(C6(CCC7C8=CC(=O)OC8)O)C)C)C)C)O)O
Aminoglutethimide,Digitoxin,Aminoglutethimide may decrease the cardiotoxic activities of Digitoxin.,CCC1(CCC(=O)NC1=O)C2=CC=C(C=C2)N,CC1C(C(CC(O1)OC2C(OC(CC2O)OC3C(OC(CC3O)OC4CCC5(C(C4)CCC6C5CCC7(C6(CCC7C8=CC(=O)OC8)O)C)C)C)C)O)O
Gatifloxacin,Digitoxin,Gatifloxacin may decrease the cardiotoxic activities of Digitoxin.,CC1CN(CCN1)C2=C(C=C3C(=C2OC)N(C=C(C3=O)C(=O)O)C4CC4)F,CC1C(C(CC(O1)OC2C(OC(CC2O)OC3C(OC(CC3O)OC4CCC5(C(C4)CCC6C5CCC7(C6(CCC7C8=CC(=O)OC8)O)C)C)C)C)O)O
Mequinol,Digitoxin,Mequinol may decrease the cardiotoxic activities of Digitoxin.,COC1=CC=C(C=C1)O,CC1C(C(CC(O1)OC2C(OC(CC2O)OC3C(OC(CC3O)OC4CCC5(C(C4)CCC6C5CCC7(C6(CCC7C8=CC(=O)OC8)O)C)C)C)C)O)O
Podophyllin,Digitoxin,Podophyllin may decrease the cardiotoxic activities of Digitoxin.,COC1=CC(=CC(=C1OC)OC)C2C3C(COC3=O)C(C4=CC5=C(C=C24)OCO5)O.COC1=CC(=CC(=C1OC)OC)C2C3C(COC3=O)C(C4=CC5=C(C=C24)OCO5)O.COC1=CC(=CC(=C1OC)OC)C2C(C(C(C3=CC4=C(C=C23)OCO4)O)CO)C(=O)O.COC1=CC(=CC(=C1OC)OC)C2C(C(C(C3=CC4=C(C=C23)OCO4)O)CO)C(=O)O,CC1C(C(CC(O1)OC2C(OC(CC2O)OC3C(OC(CC3O)OC4CCC5(C(C4)CCC6C5CCC7(C6(CCC7C8=CC(=O)OC8)O)C)C)C)C)O)O
Megestrol acetate,Digitoxin,Megestrol acetate may decrease the cardiotoxic activities of Digitoxin.,CC1=CC2C(CCC3(C2CCC3(C(=O)C)OC(=O)C)C)C4(C1=CC(=O)CC4)C,CC1C(C(CC(O1)OC2C(OC(CC2O)OC3C(OC(CC3O)OC4CCC5(C(C4)CCC6C5CCC7(C6(CCC7C8=CC(=O)OC8)O)C)C)C)C)O)O
Fleroxacin,Digitoxin,Fleroxacin may decrease the cardiotoxic activities of Digitoxin.,CN1CCN(CC1)C2=C(C=C3C(=C2F)N(C=C(C3=O)C(=O)O)CCF)F,CC1C(C(CC(O1)OC2C(OC(CC2O)OC3C(OC(CC3O)OC4CCC5(C(C4)CCC6C5CCC7(C6(CCC7C8=CC(=O)OC8)O)C)C)C)C)O)O
Phenylbutyric acid,Digitoxin,Phenylbutyric acid may decrease the cardiotoxic activities of Digitoxin.,C1=CC=C(C=C1)CCCC(=O)O,CC1C(C(CC(O1)OC2C(OC(CC2O)OC3C(OC(CC3O)OC4CCC5(C(C4)CCC6C5CCC7(C6(CCC7C8=CC(=O)OC8)O)C)C)C)C)O)O
Pixantrone,Digitoxin,Pixantrone may decrease the cardiotoxic activities of Digitoxin.,C1=CC(=C2C(=C1NCCN)C(=O)C3=C(C2=O)C=NC=C3)NCCN,CC1C(C(CC(O1)OC2C(OC(CC2O)OC3C(OC(CC3O)OC4CCC5(C(C4)CCC6C5CCC7(C6(CCC7C8=CC(=O)OC8)O)C)C)C)C)O)O
Trifluridine,Digitoxin,Trifluridine may decrease the cardiotoxic activities of Digitoxin.,C1C(C(OC1N2C=C(C(=O)NC2=O)C(F)(F)F)CO)O,CC1C(C(CC(O1)OC2C(OC(CC2O)OC3C(OC(CC3O)OC4CCC5(C(C4)CCC6C5CCC7(C6(CCC7C8=CC(=O)OC8)O)C)C)C)C)O)O
Medrogestone,Digitoxin,Medrogestone may decrease the cardiotoxic activities of Digitoxin.,CC1=CC2C(CCC3(C2CCC3(C)C(=O)C)C)C4(C1=CC(=O)CC4)C,CC1C(C(CC(O1)OC2C(OC(CC2O)OC3C(OC(CC3O)OC4CCC5(C(C4)CCC6C5CCC7(C6(CCC7C8=CC(=O)OC8)O)C)C)C)C)O)O
Lycopene,Digitoxin,Lycopene may decrease the cardiotoxic activities of Digitoxin.,CC(=CCCC(=CC=CC(=CC=CC(=CC=CC=C(C)C=CC=C(C)C=CC=C(C)CCC=C(C)C)C)C)C)C,CC1C(C(CC(O1)OC2C(OC(CC2O)OC3C(OC(CC3O)OC4CCC5(C(C4)CCC6C5CCC7(C6(CCC7C8=CC(=O)OC8)O)C)C)C)C)O)O
Deferasirox,Digitoxin,The serum concentration of Digitoxin can be decreased when it is combined with Deferasirox.,C1=CC=C(C(=C1)C2=NN(C(=N2)C3=CC=CC=C3O)C4=CC=C(C=C4)C(=O)O)O,CC1C(C(CC(O1)OC2C(OC(CC2O)OC3C(OC(CC3O)OC4CCC5(C(C4)CCC6C5CCC7(C6(CCC7C8=CC(=O)OC8)O)C)C)C)C)O)O
Spironolactone,Digitoxin,The therapeutic efficacy of Digitoxin can be decreased when used in combination with Spironolactone.,CC(=O)SC1CC2=CC(=O)CCC2(C3C1C4CCC5(C4(CC3)C)CCC(=O)O5)C,CC1C(C(CC(O1)OC2C(OC(CC2O)OC3C(OC(CC3O)OC4CCC5(C(C4)CCC6C5CCC7(C6(CCC7C8=CC(=O)OC8)O)C)C)C)C)O)O
Labetalol,Digitoxin,Labetalol may increase the bradycardic activities of Digitoxin.,CC(CCC1=CC=CC=C1)NCC(C2=CC(=C(C=C2)O)C(=O)N)O,CC1C(C(CC(O1)OC2C(OC(CC2O)OC3C(OC(CC3O)OC4CCC5(C(C4)CCC6C5CCC7(C6(CCC7C8=CC(=O)OC8)O)C)C)C)C)O)O
Carvedilol,Digitoxin,Carvedilol may increase the bradycardic activities of Digitoxin.,COC1=CC=CC=C1OCCNCC(COC2=CC=CC3=C2C4=CC=CC=C4N3)O,CC1C(C(CC(O1)OC2C(OC(CC2O)OC3C(OC(CC3O)OC4CCC5(C(C4)CCC6C5CCC7(C6(CCC7C8=CC(=O)OC8)O)C)C)C)C)O)O
Mesalazine,Digitoxin,The serum concentration of Digitoxin can be decreased when it is combined with Mesalazine.,C1=CC(=C(C=C1N)C(=O)O)O,CC1C(C(CC(O1)OC2C(OC(CC2O)OC3C(OC(CC3O)OC4CCC5(C(C4)CCC6C5CCC7(C6(CCC7C8=CC(=O)OC8)O)C)C)C)C)O)O
Balsalazide,Digitoxin,The serum concentration of Digitoxin can be decreased when it is combined with Balsalazide.,C1=CC(=CC=C1C(=O)NCCC(=O)O)N=NC2=CC(=C(C=C2)O)C(=O)O,CC1C(C(CC(O1)OC2C(OC(CC2O)OC3C(OC(CC3O)OC4CCC5(C(C4)CCC6C5CCC7(C6(CCC7C8=CC(=O)OC8)O)C)C)C)C)O)O
Olsalazine,Digitoxin,The serum concentration of Digitoxin can be decreased when it is combined with Olsalazine.,C1=CC(=C(C=C1N=NC2=CC(=C(C=C2)O)C(=O)O)C(=O)O)O,CC1C(C(CC(O1)OC2C(OC(CC2O)OC3C(OC(CC3O)OC4CCC5(C(C4)CCC6C5CCC7(C6(CCC7C8=CC(=O)OC8)O)C)C)C)C)O)O
Resveratrol,Digitoxin,Resveratrol may decrease the cardiotoxic activities of Digitoxin.,C1=CC(=CC=C1C=CC2=CC(=CC(=C2)O)O)O,CC1C(C(CC(O1)OC2C(OC(CC2O)OC3C(OC(CC3O)OC4CCC5(C(C4)CCC6C5CCC7(C6(CCC7C8=CC(=O)OC8)O)C)C)C)C)O)O
Conivaptan,Digitoxin,The serum concentration of Digitoxin can be increased when it is combined with Conivaptan.,CC1=NC2=C(N1)CCN(C3=CC=CC=C32)C(=O)C4=CC=C(C=C4)NC(=O)C5=CC=CC=C5C6=CC=CC=C6,CC1C(C(CC(O1)OC2C(OC(CC2O)OC3C(OC(CC3O)OC4CCC5(C(C4)CCC6C5CCC7(C6(CCC7C8=CC(=O)OC8)O)C)C)C)C)O)O
Bisoprolol,Digitoxin,Bisoprolol may increase the bradycardic activities of Digitoxin.,CC(C)NCC(COC1=CC=C(C=C1)COCCOC(C)C)O,CC1C(C(CC(O1)OC2C(OC(CC2O)OC3C(OC(CC3O)OC4CCC5(C(C4)CCC6C5CCC7(C6(CCC7C8=CC(=O)OC8)O)C)C)C)C)O)O
Penbutolol,Digitoxin,Penbutolol may increase the bradycardic activities of Digitoxin.,CC(C)(C)NCC(COC1=CC=CC=C1C2CCCC2)O,CC1C(C(CC(O1)OC2C(OC(CC2O)OC3C(OC(CC3O)OC4CCC5(C(C4)CCC6C5CCC7(C6(CCC7C8=CC(=O)OC8)O)C)C)C)C)O)O
Nebivolol,Digitoxin,Nebivolol may increase the bradycardic activities of Digitoxin.,C1CC2=C(C=CC(=C2)F)OC1C(CNCC(C3CCC4=C(O3)C=CC(=C4)F)O)O,CC1C(C(CC(O1)OC2C(OC(CC2O)OC3C(OC(CC3O)OC4CCC5(C(C4)CCC6C5CCC7(C6(CCC7C8=CC(=O)OC8)O)C)C)C)C)O)O
Acebutolol,Digitoxin,Acebutolol may increase the bradycardic activities of Digitoxin.,CCCC(=O)NC1=CC(=C(C=C1)OCC(CNC(C)C)O)C(=O)C,CC1C(C(CC(O1)OC2C(OC(CC2O)OC3C(OC(CC3O)OC4CCC5(C(C4)CCC6C5CCC7(C6(CCC7C8=CC(=O)OC8)O)C)C)C)C)O)O
Carteolol,Digitoxin,Carteolol may increase the bradycardic activities of Digitoxin.,CC(C)(C)NCC(COC1=CC=CC2=C1CCC(=O)N2)O,CC1C(C(CC(O1)OC2C(OC(CC2O)OC3C(OC(CC3O)OC4CCC5(C(C4)CCC6C5CCC7(C6(CCC7C8=CC(=O)OC8)O)C)C)C)C)O)O
Vandetanib,Digitoxin,Vandetanib may decrease the cardiotoxic activities of Digitoxin.,CN1CCC(CC1)COC2=C(C=C3C(=C2)N=CN=C3NC4=C(C=C(C=C4)Br)F)OC,CC1C(C(CC(O1)OC2C(OC(CC2O)OC3C(OC(CC3O)OC4CCC5(C(C4)CCC6C5CCC7(C6(CCC7C8=CC(=O)OC8)O)C)C)C)C)O)O
Sotalol,Digitoxin,Sotalol may increase the bradycardic activities of Digitoxin.,CC(C)NCC(C1=CC=C(C=C1)NS(=O)(=O)C)O,CC1C(C(CC(O1)OC2C(OC(CC2O)OC3C(OC(CC3O)OC4CCC5(C(C4)CCC6C5CCC7(C6(CCC7C8=CC(=O)OC8)O)C)C)C)C)O)O
Levobunolol,Digitoxin,Levobunolol may increase the bradycardic activities of Digitoxin.,CC(C)(C)NCC(COC1=CC=CC2=C1CCCC2=O)O,CC1C(C(CC(O1)OC2C(OC(CC2O)OC3C(OC(CC3O)OC4CCC5(C(C4)CCC6C5CCC7(C6(CCC7C8=CC(=O)OC8)O)C)C)C)C)O)O
Pindolol,Digitoxin,Pindolol may increase the bradycardic activities of Digitoxin.,CC(C)NCC(COC1=CC=CC2=C1C=CN2)O,CC1C(C(CC(O1)OC2C(OC(CC2O)OC3C(OC(CC3O)OC4CCC5(C(C4)CCC6C5CCC7(C6(CCC7C8=CC(=O)OC8)O)C)C)C)C)O)O
Metipranolol,Digitoxin,Metipranolol may increase the bradycardic activities of Digitoxin.,CC1=CC(=C(C(=C1OC(=O)C)C)C)OCC(CNC(C)C)O,CC1C(C(CC(O1)OC2C(OC(CC2O)OC3C(OC(CC3O)OC4CCC5(C(C4)CCC6C5CCC7(C6(CCC7C8=CC(=O)OC8)O)C)C)C)C)O)O
Nadolol,Digitoxin,Nadolol may increase the bradycardic activities of Digitoxin.,CC(C)(C)NCC(COC1=CC=CC2=C1CC(C(C2)O)O)O,CC1C(C(CC(O1)OC2C(OC(CC2O)OC3C(OC(CC3O)OC4CCC5(C(C4)CCC6C5CCC7(C6(CCC7C8=CC(=O)OC8)O)C)C)C)C)O)O
Propranolol,Digitoxin,Propranolol may increase the bradycardic activities of Digitoxin.,CC(C)NCC(COC1=CC=CC2=CC=CC=C21)O,CC1C(C(CC(O1)OC2C(OC(CC2O)OC3C(OC(CC3O)OC4CCC5(C(C4)CCC6C5CCC7(C6(CCC7C8=CC(=O)OC8)O)C)C)C)C)O)O
Masoprocol,Digitoxin,Masoprocol may decrease the cardiotoxic activities of Digitoxin.,CC(CC1=CC(=C(C=C1)O)O)C(C)CC2=CC(=C(C=C2)O)O,CC1C(C(CC(O1)OC2C(OC(CC2O)OC3C(OC(CC3O)OC4CCC5(C(C4)CCC6C5CCC7(C6(CCC7C8=CC(=O)OC8)O)C)C)C)C)O)O
Sulindac,Digitoxin,Sulindac may decrease the cardiotoxic activities of Digitoxin.,CC1=C(C2=C(C1=CC3=CC=C(C=C3)S(=O)C)C=CC(=C2)F)CC(=O)O,CC1C(C(CC(O1)OC2C(OC(CC2O)OC3C(OC(CC3O)OC4CCC5(C(C4)CCC6C5CCC7(C6(CCC7C8=CC(=O)OC8)O)C)C)C)C)O)O
Pirfenidone,Digitoxin,Pirfenidone may decrease the cardiotoxic activities of Digitoxin.,CC1=CN(C(=O)C=C1)C2=CC=CC=C2,CC1C(C(CC(O1)OC2C(OC(CC2O)OC3C(OC(CC3O)OC4CCC5(C(C4)CCC6C5CCC7(C6(CCC7C8=CC(=O)OC8)O)C)C)C)C)O)O
Mycophenolate mofetil,Digitoxin,Mycophenolate mofetil may decrease the cardiotoxic activities of Digitoxin.,CC1=C2COC(=O)C2=C(C(=C1OC)CC=C(C)CCC(=O)OCCN3CCOCC3)O,CC1C(C(CC(O1)OC2C(OC(CC2O)OC3C(OC(CC3O)OC4CCC5(C(C4)CCC6C5CCC7(C6(CCC7C8=CC(=O)OC8)O)C)C)C)C)O)O
Leflunomide,Digitoxin,Leflunomide may decrease the cardiotoxic activities of Digitoxin.,CC1=C(C=NO1)C(=O)NC2=CC=C(C=C2)C(F)(F)F,CC1C(C(CC(O1)OC2C(OC(CC2O)OC3C(OC(CC3O)OC4CCC5(C(C4)CCC6C5CCC7(C6(CCC7C8=CC(=O)OC8)O)C)C)C)C)O)O
Mycophenolic acid,Digitoxin,Mycophenolic acid may decrease the cardiotoxic activities of Digitoxin.,CC1=C2COC(=O)C2=C(C(=C1OC)CC=C(C)CCC(=O)O)O,CC1C(C(CC(O1)OC2C(OC(CC2O)OC3C(OC(CC3O)OC4CCC5(C(C4)CCC6C5CCC7(C6(CCC7C8=CC(=O)OC8)O)C)C)C)C)O)O
Lenalidomide,Digitoxin,Lenalidomide may decrease the cardiotoxic activities of Digitoxin.,C1CC(=O)NC(=O)C1N2CC3=C(C2=O)C=CC=C3N,CC1C(C(CC(O1)OC2C(OC(CC2O)OC3C(OC(CC3O)OC4CCC5(C(C4)CCC6C5CCC7(C6(CCC7C8=CC(=O)OC8)O)C)C)C)C)O)O
Ixazomib,Digitoxin,Ixazomib may decrease the cardiotoxic activities of Digitoxin.,B(C(CC(C)C)NC(=O)CNC(=O)C1=C(C=CC(=C1)Cl)Cl)(O)O,CC1C(C(CC(O1)OC2C(OC(CC2O)OC3C(OC(CC3O)OC4CCC5(C(C4)CCC6C5CCC7(C6(CCC7C8=CC(=O)OC8)O)C)C)C)C)O)O
Ecabet,Digitoxin,Ecabet may decrease the cardiotoxic activities of Digitoxin.,CC(C)C1=C(C=C2C(=C1)CCC3C2(CCCC3(C)C(=O)O)C)S(=O)(=O)O,CC1C(C(CC(O1)OC2C(OC(CC2O)OC3C(OC(CC3O)OC4CCC5(C(C4)CCC6C5CCC7(C6(CCC7C8=CC(=O)OC8)O)C)C)C)C)O)O
Afatinib,Digitoxin,Afatinib may decrease the cardiotoxic activities of Digitoxin.,CN(C)CC=CC(=O)NC1=C(C=C2C(=C1)C(=NC=N2)NC3=CC(=C(C=C3)F)Cl)OC4CCOC4,CC1C(C(CC(O1)OC2C(OC(CC2O)OC3C(OC(CC3O)OC4CCC5(C(C4)CCC6C5CCC7(C6(CCC7C8=CC(=O)OC8)O)C)C)C)C)O)O
Aminolevulinic acid,Deslanoside,Aminolevulinic acid may decrease the cardiotoxic activities of Deslanoside.,C(CC(=O)O)C(=O)CN,CC1C(C(CC(O1)OC2CCC3(C(C2)CCC4C3CC(C5(C4(CCC5C6=CC(=O)OC6)O)C)O)C)O)OC7CC(C(C(O7)C)OC8CC(C(C(O8)C)OC9C(C(C(C(O9)CO)O)O)O)O)O
Temoporfin,Deslanoside,Temoporfin may decrease the cardiotoxic activities of Deslanoside.,C1CC2=NC1=C(C3=CC=C(N3)C(=C4C=CC(=N4)C(=C5C=CC(=C2C6=CC(=CC=C6)O)N5)C7=CC(=CC=C7)O)C8=CC(=CC=C8)O)C9=CC(=CC=C9)O,CC1C(C(CC(O1)OC2CCC3(C(C2)CCC4C3CC(C5(C4(CCC5C6=CC(=O)OC6)O)C)O)C)O)OC7CC(C(C(O7)C)OC8CC(C(C(O8)C)OC9C(C(C(C(O9)CO)O)O)O)O)O
Cyclophosphamide,Deslanoside,Cyclophosphamide may decrease the cardiotoxic activities of Deslanoside.,C1CNP(=O)(OC1)N(CCCl)CCCl,CC1C(C(CC(O1)OC2CCC3(C(C2)CCC4C3CC(C5(C4(CCC5C6=CC(=O)OC6)O)C)O)C)O)OC7CC(C(C(O7)C)OC8CC(C(C(O8)C)OC9C(C(C(C(O9)CO)O)O)O)O)O
Paclitaxel,Deslanoside,Paclitaxel may decrease the cardiotoxic activities of Deslanoside.,CC1=C2C(C(=O)C3(C(CC4C(C3C(C(C2(C)C)(CC1OC(=O)C(C(C5=CC=CC=C5)NC(=O)C6=CC=CC=C6)O)O)OC(=O)C7=CC=CC=C7)(CO4)OC(=O)C)O)C)OC(=O)C,CC1C(C(CC(O1)OC2CCC3(C(C2)CCC4C3CC(C5(C4(CCC5C6=CC(=O)OC6)O)C)O)C)O)OC7CC(C(C(O7)C)OC8CC(C(C(O8)C)OC9C(C(C(C(O9)CO)O)O)O)O)O
Docetaxel,Deslanoside,Docetaxel may decrease the cardiotoxic activities of Deslanoside.,CC1=C2C(C(=O)C3(C(CC4C(C3C(C(C2(C)C)(CC1OC(=O)C(C(C5=CC=CC=C5)NC(=O)OC(C)(C)C)O)O)OC(=O)C6=CC=CC=C6)(CO4)OC(=O)C)O)C)O,CC1C(C(CC(O1)OC2CCC3(C(C2)CCC4C3CC(C5(C4(CCC5C6=CC(=O)OC6)O)C)O)C)O)OC7CC(C(C(O7)C)OC8CC(C(C(O8)C)OC9C(C(C(C(O9)CO)O)O)O)O)O
Cabazitaxel,Deslanoside,Cabazitaxel may decrease the cardiotoxic activities of Deslanoside.,CC1=C2C(C(=O)C3(C(CC4C(C3C(C(C2(C)C)(CC1OC(=O)C(C(C5=CC=CC=C5)NC(=O)OC(C)(C)C)O)O)OC(=O)C6=CC=CC=C6)(CO4)OC(=O)C)OC)C)OC,CC1C(C(CC(O1)OC2CCC3(C(C2)CCC4C3CC(C5(C4(CCC5C6=CC(=O)OC6)O)C)O)C)O)OC7CC(C(C(O7)C)OC8CC(C(C(O8)C)OC9C(C(C(C(O9)CO)O)O)O)O)O
Sulpiride,Deslanoside,The risk or severity of adverse effects can be increased when Sulpiride is combined with Deslanoside.,CCN1CCCC1CNC(=O)C2=C(C=CC(=C2)S(=O)(=O)N)OC,CC1C(C(CC(O1)OC2CCC3(C(C2)CCC4C3CC(C5(C4(CCC5C6=CC(=O)OC6)O)C)O)C)O)OC7CC(C(C(O7)C)OC8CC(C(C(O8)C)OC9C(C(C(C(O9)CO)O)O)O)O)O
Anagrelide,Deslanoside,Anagrelide may decrease the cardiotoxic activities of Deslanoside.,C1C2=C(C=CC(=C2Cl)Cl)N=C3N1CC(=O)N3,CC1C(C(CC(O1)OC2CCC3(C(C2)CCC4C3CC(C5(C4(CCC5C6=CC(=O)OC6)O)C)O)C)O)OC7CC(C(C(O7)C)OC8CC(C(C(O8)C)OC9C(C(C(C(O9)CO)O)O)O)O)O
Carboplatin,Deslanoside,Carboplatin may decrease the cardiotoxic activities of Deslanoside.,C1CC(C1)(C(=O)[O-])C(=O)[O-].N.N.[Pt+2],CC1C(C(CC(O1)OC2CCC3(C(C2)CCC4C3CC(C5(C4(CCC5C6=CC(=O)OC6)O)C)O)C)O)OC7CC(C(C(O7)C)OC8CC(C(C(O8)C)OC9C(C(C(C(O9)CO)O)O)O)O)O
Etacrynic acid,Deslanoside,The risk or severity of adverse effects can be increased when Etacrynic acid is combined with Deslanoside.,CCC(=C)C(=O)C1=C(C(=C(C=C1)OCC(=O)O)Cl)Cl,CC1C(C(CC(O1)OC2CCC3(C(C2)CCC4C3CC(C5(C4(CCC5C6=CC(=O)OC6)O)C)O)C)O)OC7CC(C(C(O7)C)OC8CC(C(C(O8)C)OC9C(C(C(C(O9)CO)O)O)O)O)O
Pirlindole,Deslanoside,Pirlindole may decrease the cardiotoxic activities of Deslanoside.,CC1=CC2=C(C=C1)N3CCNC4C3=C2CCC4,CC1C(C(CC(O1)OC2CCC3(C(C2)CCC4C3CC(C5(C4(CCC5C6=CC(=O)OC6)O)C)O)C)O)OC7CC(C(C(O7)C)OC8CC(C(C(O8)C)OC9C(C(C(C(O9)CO)O)O)O)O)O
Procarbazine,Deslanoside,Procarbazine may decrease the cardiotoxic activities of Deslanoside.,CC(C)NC(=O)C1=CC=C(C=C1)CNNC,CC1C(C(CC(O1)OC2CCC3(C(C2)CCC4C3CC(C5(C4(CCC5C6=CC(=O)OC6)O)C)O)C)O)OC7CC(C(C(O7)C)OC8CC(C(C(O8)C)OC9C(C(C(C(O9)CO)O)O)O)O)O
Sunitinib,Deslanoside,Sunitinib may decrease the cardiotoxic activities of Deslanoside.,CCN(CC)CCNC(=O)C1=C(NC(=C1C)C=C2C3=C(C=CC(=C3)F)NC2=O)C,CC1C(C(CC(O1)OC2CCC3(C(C2)CCC4C3CC(C5(C4(CCC5C6=CC(=O)OC6)O)C)O)C)O)OC7CC(C(C(O7)C)OC8CC(C(C(O8)C)OC9C(C(C(C(O9)CO)O)O)O)O)O
Lanreotide,Deslanoside,Lanreotide may decrease the cardiotoxic activities of Deslanoside.,CC(C)C1C(=O)NC(CSSCC(C(=O)NC(C(=O)NC(C(=O)NC(C(=O)N1)CCCCN)CC2=CNC3=CC=CC=C32)CC4=CC=C(C=C4)O)NC(=O)C(CC5=CC6=CC=CC=C6C=C5)N)C(=O)NC(C(C)O)C(=O)N,CC1C(C(CC(O1)OC2CCC3(C(C2)CCC4C3CC(C5(C4(CCC5C6=CC(=O)OC6)O)C)O)C)O)OC7CC(C(C(O7)C)OC8CC(C(C(O8)C)OC9C(C(C(C(O9)CO)O)O)O)O)O
Imatinib,Deslanoside,Imatinib may decrease the cardiotoxic activities of Deslanoside.,CC1=C(C=C(C=C1)NC(=O)C2=CC=C(C=C2)CN3CCN(CC3)C)NC4=NC=CC(=N4)C5=CN=CC=C5,CC1C(C(CC(O1)OC2CCC3(C(C2)CCC4C3CC(C5(C4(CCC5C6=CC(=O)OC6)O)C)O)C)O)OC7CC(C(C(O7)C)OC8CC(C(C(O8)C)OC9C(C(C(C(O9)CO)O)O)O)O)O
Crizotinib,Deslanoside,Crizotinib may decrease the cardiotoxic activities of Deslanoside.,CC(C1=C(C=CC(=C1Cl)F)Cl)OC2=C(N=CC(=C2)C3=CN(N=C3)C4CCNCC4)N,CC1C(C(CC(O1)OC2CCC3(C(C2)CCC4C3CC(C5(C4(CCC5C6=CC(=O)OC6)O)C)O)C)O)OC7CC(C(C(O7)C)OC8CC(C(C(O8)C)OC9C(C(C(C(O9)CO)O)O)O)O)O
Mitotane,Deslanoside,Mitotane may decrease the cardiotoxic activities of Deslanoside.,C1=CC=C(C(=C1)C(C2=CC=C(C=C2)Cl)C(Cl)Cl)Cl,CC1C(C(CC(O1)OC2CCC3(C(C2)CCC4C3CC(C5(C4(CCC5C6=CC(=O)OC6)O)C)O)C)O)OC7CC(C(C(O7)C)OC8CC(C(C(O8)C)OC9C(C(C(C(O9)CO)O)O)O)O)O
Dienogest,Deslanoside,Dienogest may decrease the cardiotoxic activities of Deslanoside.,CC12CCC3=C4CCC(=O)C=C4CCC3C1CCC2(CC#N)O,CC1C(C(CC(O1)OC2CCC3(C(C2)CCC4C3CC(C5(C4(CCC5C6=CC(=O)OC6)O)C)O)C)O)OC7CC(C(C(O7)C)OC8CC(C(C(O8)C)OC9C(C(C(C(O9)CO)O)O)O)O)O
Olaparib,Deslanoside,Olaparib may decrease the cardiotoxic activities of Deslanoside.,C1CC1C(=O)N2CCN(CC2)C(=O)C3=C(C=CC(=C3)CC4=NNC(=O)C5=CC=CC=C54)F,CC1C(C(CC(O1)OC2CCC3(C(C2)CCC4C3CC(C5(C4(CCC5C6=CC(=O)OC6)O)C)O)C)O)OC7CC(C(C(O7)C)OC8CC(C(C(O8)C)OC9C(C(C(C(O9)CO)O)O)O)O)O
Rucaparib,Deslanoside,Rucaparib may decrease the cardiotoxic activities of Deslanoside.,CNCC1=CC=C(C=C1)C2=C3CCNC(=O)C4=C3C(=CC(=C4)F)N2,CC1C(C(CC(O1)OC2CCC3(C(C2)CCC4C3CC(C5(C4(CCC5C6=CC(=O)OC6)O)C)O)C)O)OC7CC(C(C(O7)C)OC8CC(C(C(O8)C)OC9C(C(C(C(O9)CO)O)O)O)O)O
Prednisolone,Deslanoside,Prednisolone may decrease the cardiotoxic activities of Deslanoside.,CC12CC(C3C(C1CCC2(C(=O)CO)O)CCC4=CC(=O)C=CC34C)O,CC1C(C(CC(O1)OC2CCC3(C(C2)CCC4C3CC(C5(C4(CCC5C6=CC(=O)OC6)O)C)O)C)O)OC7CC(C(C(O7)C)OC8CC(C(C(O8)C)OC9C(C(C(C(O9)CO)O)O)O)O)O
Midostaurin,Deslanoside,Midostaurin may decrease the cardiotoxic activities of Deslanoside.,CC12C(C(CC(O1)N3C4=CC=CC=C4C5=C6C(=C7C8=CC=CC=C8N2C7=C53)CNC6=O)N(C)C(=O)C9=CC=CC=C9)OC,CC1C(C(CC(O1)OC2CCC3(C(C2)CCC4C3CC(C5(C4(CCC5C6=CC(=O)OC6)O)C)O)C)O)OC7CC(C(C(O7)C)OC8CC(C(C(O8)C)OC9C(C(C(C(O9)CO)O)O)O)O)O
Medroxyprogesterone acetate,Deslanoside,Medroxyprogesterone acetate may decrease the cardiotoxic activities of Deslanoside.,CC1CC2C(CCC3(C2CCC3(C(=O)C)OC(=O)C)C)C4(C1=CC(=O)CC4)C,CC1C(C(CC(O1)OC2CCC3(C(C2)CCC4C3CC(C5(C4(CCC5C6=CC(=O)OC6)O)C)O)C)O)OC7CC(C(C(O7)C)OC8CC(C(C(O8)C)OC9C(C(C(C(O9)CO)O)O)O)O)O
Bortezomib,Deslanoside,Bortezomib may decrease the cardiotoxic activities of Deslanoside.,B(C(CC(C)C)NC(=O)C(CC1=CC=CC=C1)NC(=O)C2=NC=CN=C2)(O)O,CC1C(C(CC(O1)OC2CCC3(C(C2)CCC4C3CC(C5(C4(CCC5C6=CC(=O)OC6)O)C)O)C)O)OC7CC(C(C(O7)C)OC8CC(C(C(O8)C)OC9C(C(C(C(O9)CO)O)O)O)O)O
Panobinostat,Deslanoside,Panobinostat may decrease the cardiotoxic activities of Deslanoside.,CC1=C(C2=CC=CC=C2N1)CCNCC3=CC=C(C=C3)C=CC(=O)NO,CC1C(C(CC(O1)OC2CCC3(C(C2)CCC4C3CC(C5(C4(CCC5C6=CC(=O)OC6)O)C)O)C)O)OC7CC(C(C(O7)C)OC8CC(C(C(O8)C)OC9C(C(C(C(O9)CO)O)O)O)O)O
Betaxolol,Deslanoside,Betaxolol may increase the bradycardic activities of Deslanoside.,CC(C)NCC(COC1=CC=C(C=C1)CCOCC2CC2)O,CC1C(C(CC(O1)OC2CCC3(C(C2)CCC4C3CC(C5(C4(CCC5C6=CC(=O)OC6)O)C)O)C)O)OC7CC(C(C(O7)C)OC8CC(C(C(O8)C)OC9C(C(C(C(O9)CO)O)O)O)O)O
Enzalutamide,Deslanoside,Enzalutamide may decrease the cardiotoxic activities of Deslanoside.,CC1(C(=O)N(C(=S)N1C2=CC(=C(C=C2)C(=O)NC)F)C3=CC(=C(C=C3)C#N)C(F)(F)F)C,CC1C(C(CC(O1)OC2CCC3(C(C2)CCC4C3CC(C5(C4(CCC5C6=CC(=O)OC6)O)C)O)C)O)OC7CC(C(C(O7)C)OC8CC(C(C(O8)C)OC9C(C(C(C(O9)CO)O)O)O)O)O
Abiraterone,Deslanoside,Abiraterone may decrease the cardiotoxic activities of Deslanoside.,CC12CCC(CC1=CCC3C2CCC4(C3CC=C4C5=CN=CC=C5)C)O,CC1C(C(CC(O1)OC2CCC3(C(C2)CCC4C3CC(C5(C4(CCC5C6=CC(=O)OC6)O)C)O)C)O)OC7CC(C(C(O7)C)OC8CC(C(C(O8)C)OC9C(C(C(C(O9)CO)O)O)O)O)O
Diethylstilbestrol,Deslanoside,Diethylstilbestrol may decrease the cardiotoxic activities of Deslanoside.,CCC(=C(CC)C1=CC=C(C=C1)O)C2=CC=C(C=C2)O,CC1C(C(CC(O1)OC2CCC3(C(C2)CCC4C3CC(C5(C4(CCC5C6=CC(=O)OC6)O)C)O)C)O)OC7CC(C(C(O7)C)OC8CC(C(C(O8)C)OC9C(C(C(C(O9)CO)O)O)O)O)O
Nilotinib,Deslanoside,Nilotinib may decrease the cardiotoxic activities of Deslanoside.,CC1=C(C=C(C=C1)C(=O)NC2=CC(=CC(=C2)C(F)(F)F)N3C=C(N=C3)C)NC4=NC=CC(=N4)C5=CN=CC=C5,CC1C(C(CC(O1)OC2CCC3(C(C2)CCC4C3CC(C5(C4(CCC5C6=CC(=O)OC6)O)C)O)C)O)OC7CC(C(C(O7)C)OC8CC(C(C(O8)C)OC9C(C(C(C(O9)CO)O)O)O)O)O
Dexamethasone,Deslanoside,Dexamethasone may decrease the cardiotoxic activities of Deslanoside.,CC1CC2C3CCC4=CC(=O)C=CC4(C3(C(CC2(C1(C(=O)CO)O)C)O)F)C,CC1C(C(CC(O1)OC2CCC3(C(C2)CCC4C3CC(C5(C4(CCC5C6=CC(=O)OC6)O)C)O)C)O)OC7CC(C(C(O7)C)OC8CC(C(C(O8)C)OC9C(C(C(C(O9)CO)O)O)O)O)O
Letrozole,Deslanoside,Letrozole may decrease the cardiotoxic activities of Deslanoside.,C1=CC(=CC=C1C#N)C(C2=CC=C(C=C2)C#N)N3C=NC=N3,CC1C(C(CC(O1)OC2CCC3(C(C2)CCC4C3CC(C5(C4(CCC5C6=CC(=O)OC6)O)C)O)C)O)OC7CC(C(C(O7)C)OC8CC(C(C(O8)C)OC9C(C(C(C(O9)CO)O)O)O)O)O
Norfloxacin,Deslanoside,Norfloxacin may decrease the cardiotoxic activities of Deslanoside.,CCN1C=C(C(=O)C2=CC(=C(C=C21)N3CCNCC3)F)C(=O)O,CC1C(C(CC(O1)OC2CCC3(C(C2)CCC4C3CC(C5(C4(CCC5C6=CC(=O)OC6)O)C)O)C)O)OC7CC(C(C(O7)C)OC8CC(C(C(O8)C)OC9C(C(C(C(O9)CO)O)O)O)O)O
Miltefosine,Deslanoside,Miltefosine may decrease the cardiotoxic activities of Deslanoside.,CCCCCCCCCCCCCCCCOP(=O)([O-])OCC[N+](C)(C)C,CC1C(C(CC(O1)OC2CCC3(C(C2)CCC4C3CC(C5(C4(CCC5C6=CC(=O)OC6)O)C)O)C)O)OC7CC(C(C(O7)C)OC8CC(C(C(O8)C)OC9C(C(C(C(O9)CO)O)O)O)O)O
Trimetrexate,Deslanoside,Trimetrexate may decrease the cardiotoxic activities of Deslanoside.,CC1=C(C=CC2=C1C(=NC(=N2)N)N)CNC3=CC(=C(C(=C3)OC)OC)OC,CC1C(C(CC(O1)OC2CCC3(C(C2)CCC4C3CC(C5(C4(CCC5C6=CC(=O)OC6)O)C)O)C)O)OC7CC(C(C(O7)C)OC8CC(C(C(O8)C)OC9C(C(C(C(O9)CO)O)O)O)O)O
Amphotericin B,Deslanoside,The risk or severity of adverse effects can be increased when Amphotericin B is combined with Deslanoside.,CC1C=CC=CC=CC=CC=CC=CC=CC(CC2C(C(CC(O2)(CC(CC(C(CCC(CC(CC(=O)OC(C(C1O)C)C)O)O)O)O)O)O)O)C(=O)O)OC3C(C(C(C(O3)C)O)N)O,CC1C(C(CC(O1)OC2CCC3(C(C2)CCC4C3CC(C5(C4(CCC5C6=CC(=O)OC6)O)C)O)C)O)OC7CC(C(C(O7)C)OC8CC(C(C(O8)C)OC9C(C(C(C(O9)CO)O)O)O)O)O
Sirolimus,Deslanoside,Sirolimus may decrease the cardiotoxic activities of Deslanoside.,CC1CCC2CC(C(=CC=CC=CC(CC(C(=O)C(C(C(=CC(C(=O)CC(OC(=O)C3CCCCN3C(=O)C(=O)C1(O2)O)C(C)CC4CCC(C(C4)OC)O)C)C)O)OC)C)C)C)OC,CC1C(C(CC(O1)OC2CCC3(C(C2)CCC4C3CC(C5(C4(CCC5C6=CC(=O)OC6)O)C)O)C)O)OC7CC(C(C(O7)C)OC8CC(C(C(O8)C)OC9C(C(C(C(O9)CO)O)O)O)O)O
Alprenolol,Deslanoside,Alprenolol may increase the bradycardic activities of Deslanoside.,CC(C)NCC(COC1=CC=CC=C1CC=C)O,CC1C(C(CC(O1)OC2CCC3(C(C2)CCC4C3CC(C5(C4(CCC5C6=CC(=O)OC6)O)C)O)C)O)OC7CC(C(C(O7)C)OC8CC(C(C(O8)C)OC9C(C(C(C(O9)CO)O)O)O)O)O
Timolol,Deslanoside,Timolol may increase the bradycardic activities of Deslanoside.,CC(C)(C)NCC(COC1=NSN=C1N2CCOCC2)O,CC1C(C(CC(O1)OC2CCC3(C(C2)CCC4C3CC(C5(C4(CCC5C6=CC(=O)OC6)O)C)O)C)O)OC7CC(C(C(O7)C)OC8CC(C(C(O8)C)OC9C(C(C(C(O9)CO)O)O)O)O)O
Atenolol,Deslanoside,Atenolol may increase the bradycardic activities of Deslanoside.,CC(C)NCC(COC1=CC=C(C=C1)CC(=O)N)O,CC1C(C(CC(O1)OC2CCC3(C(C2)CCC4C3CC(C5(C4(CCC5C6=CC(=O)OC6)O)C)O)C)O)OC7CC(C(C(O7)C)OC8CC(C(C(O8)C)OC9C(C(C(C(O9)CO)O)O)O)O)O
Bupranolol,Deslanoside,Bupranolol may increase the bradycardic activities of Deslanoside.,CC1=CC(=C(C=C1)Cl)OCC(CNC(C)(C)C)O,CC1C(C(CC(O1)OC2CCC3(C(C2)CCC4C3CC(C5(C4(CCC5C6=CC(=O)OC6)O)C)O)C)O)OC7CC(C(C(O7)C)OC8CC(C(C(O8)C)OC9C(C(C(C(O9)CO)O)O)O)O)O
Celiprolol,Deslanoside,Celiprolol may increase the bradycardic activities of Deslanoside.,CCN(CC)C(=O)NC1=CC(=C(C=C1)OCC(CNC(C)(C)C)O)C(=O)C,CC1C(C(CC(O1)OC2CCC3(C(C2)CCC4C3CC(C5(C4(CCC5C6=CC(=O)OC6)O)C)O)C)O)OC7CC(C(C(O7)C)OC8CC(C(C(O8)C)OC9C(C(C(C(O9)CO)O)O)O)O)O
Oxprenolol,Deslanoside,Oxprenolol may increase the bradycardic activities of Deslanoside.,CC(C)NCC(COC1=CC=CC=C1OCC=C)O,CC1C(C(CC(O1)OC2CCC3(C(C2)CCC4C3CC(C5(C4(CCC5C6=CC(=O)OC6)O)C)O)C)O)OC7CC(C(C(O7)C)OC8CC(C(C(O8)C)OC9C(C(C(C(O9)CO)O)O)O)O)O
Metoprolol,Deslanoside,Metoprolol may increase the bradycardic activities of Deslanoside.,CC(C)NCC(COC1=CC=C(C=C1)CCOC)O,CC1C(C(CC(O1)OC2CCC3(C(C2)CCC4C3CC(C5(C4(CCC5C6=CC(=O)OC6)O)C)O)C)O)OC7CC(C(C(O7)C)OC8CC(C(C(O8)C)OC9C(C(C(C(O9)CO)O)O)O)O)O
Bopindolol,Deslanoside,Bopindolol may increase the bradycardic activities of Deslanoside.,CC1=CC2=C(N1)C=CC=C2OCC(CNC(C)(C)C)OC(=O)C3=CC=CC=C3,CC1C(C(CC(O1)OC2CCC3(C(C2)CCC4C3CC(C5(C4(CCC5C6=CC(=O)OC6)O)C)O)C)O)OC7CC(C(C(O7)C)OC8CC(C(C(O8)C)OC9C(C(C(C(O9)CO)O)O)O)O)O
Esmolol,Deslanoside,Esmolol may increase the bradycardic activities of Deslanoside.,CC(C)NCC(COC1=CC=C(C=C1)CCC(=O)OC)O,CC1C(C(CC(O1)OC2CCC3(C(C2)CCC4C3CC(C5(C4(CCC5C6=CC(=O)OC6)O)C)O)C)O)OC7CC(C(C(O7)C)OC8CC(C(C(O8)C)OC9C(C(C(C(O9)CO)O)O)O)O)O
Pentostatin,Deslanoside,Pentostatin may decrease the cardiotoxic activities of Deslanoside.,C1C(C(OC1N2C=NC3=C2NC=NCC3O)CO)O,CC1C(C(CC(O1)OC2CCC3(C(C2)CCC4C3CC(C5(C4(CCC5C6=CC(=O)OC6)O)C)O)C)O)OC7CC(C(C(O7)C)OC8CC(C(C(O8)C)OC9C(C(C(C(O9)CO)O)O)O)O)O
Reserpine,Deslanoside,The risk or severity of adverse effects can be increased when Reserpine is combined with Deslanoside.,COC1C(CC2CN3CCC4=C(C3CC2C1C(=O)OC)NC5=C4C=CC(=C5)OC)OC(=O)C6=CC(=C(C(=C6)OC)OC)OC,CC1C(C(CC(O1)OC2CCC3(C(C2)CCC4C3CC(C5(C4(CCC5C6=CC(=O)OC6)O)C)O)C)O)OC7CC(C(C(O7)C)OC8CC(C(C(O8)C)OC9C(C(C(C(O9)CO)O)O)O)O)O
Thalidomide,Deslanoside,Thalidomide may decrease the cardiotoxic activities of Deslanoside.,C1CC(=O)NC(=O)C1N2C(=O)C3=CC=CC=C3C2=O,CC1C(C(CC(O1)OC2CCC3(C(C2)CCC4C3CC(C5(C4(CCC5C6=CC(=O)OC6)O)C)O)C)O)OC7CC(C(C(O7)C)OC8CC(C(C(O8)C)OC9C(C(C(C(O9)CO)O)O)O)O)O
Clonidine,Deslanoside,Clonidine may increase the atrioventricular blocking (AV block) activities of Deslanoside.,C1CN=C(N1)NC2=C(C=CC=C2Cl)Cl,CC1C(C(CC(O1)OC2CCC3(C(C2)CCC4C3CC(C5(C4(CCC5C6=CC(=O)OC6)O)C)O)C)O)OC7CC(C(C(O7)C)OC8CC(C(C(O8)C)OC9C(C(C(C(O9)CO)O)O)O)O)O
Pomalidomide,Deslanoside,Pomalidomide may decrease the cardiotoxic activities of Deslanoside.,C1CC(=O)NC(=O)C1N2C(=O)C3=C(C2=O)C(=CC=C3)N,CC1C(C(CC(O1)OC2CCC3(C(C2)CCC4C3CC(C5(C4(CCC5C6=CC(=O)OC6)O)C)O)C)O)OC7CC(C(C(O7)C)OC8CC(C(C(O8)C)OC9C(C(C(C(O9)CO)O)O)O)O)O
Furosemide,Deslanoside,The risk or severity of adverse effects can be increased when Furosemide is combined with Deslanoside.,C1=COC(=C1)CNC2=CC(=C(C=C2C(=O)O)S(=O)(=O)N)Cl,CC1C(C(CC(O1)OC2CCC3(C(C2)CCC4C3CC(C5(C4(CCC5C6=CC(=O)OC6)O)C)O)C)O)OC7CC(C(C(O7)C)OC8CC(C(C(O8)C)OC9C(C(C(C(O9)CO)O)O)O)O)O
Torasemide,Deslanoside,The risk or severity of adverse effects can be increased when Torasemide is combined with Deslanoside.,CC1=CC(=CC=C1)NC2=C(C=NC=C2)S(=O)(=O)NC(=O)NC(C)C,CC1C(C(CC(O1)OC2CCC3(C(C2)CCC4C3CC(C5(C4(CCC5C6=CC(=O)OC6)O)C)O)C)O)OC7CC(C(C(O7)C)OC8CC(C(C(O8)C)OC9C(C(C(C(O9)CO)O)O)O)O)O
Bumetanide,Deslanoside,The risk or severity of adverse effects can be increased when Bumetanide is combined with Deslanoside.,CCCCNC1=C(C(=CC(=C1)C(=O)O)S(=O)(=O)N)OC2=CC=CC=C2,CC1C(C(CC(O1)OC2CCC3(C(C2)CCC4C3CC(C5(C4(CCC5C6=CC(=O)OC6)O)C)O)C)O)OC7CC(C(C(O7)C)OC8CC(C(C(O8)C)OC9C(C(C(C(O9)CO)O)O)O)O)O
Edrophonium,Deslanoside,Edrophonium may increase the atrioventricular blocking (AV block) activities of Deslanoside.,CC[N+](C)(C)C1=CC(=CC=C1)O,CC1C(C(CC(O1)OC2CCC3(C(C2)CCC4C3CC(C5(C4(CCC5C6=CC(=O)OC6)O)C)O)C)O)OC7CC(C(C(O7)C)OC8CC(C(C(O8)C)OC9C(C(C(C(O9)CO)O)O)O)O)O
Cabergoline,Deslanoside,Cabergoline may decrease the cardiotoxic activities of Deslanoside.,CCNC(=O)N(CCCN(C)C)C(=O)C1CC2C(CC3=CNC4=CC=CC2=C34)N(C1)CC=C,CC1C(C(CC(O1)OC2CCC3(C(C2)CCC4C3CC(C5(C4(CCC5C6=CC(=O)OC6)O)C)O)C)O)OC7CC(C(C(O7)C)OC8CC(C(C(O8)C)OC9C(C(C(C(O9)CO)O)O)O)O)O
Moxifloxacin,Deslanoside,Moxifloxacin may decrease the cardiotoxic activities of Deslanoside.,COC1=C2C(=CC(=C1N3CC4CCCNC4C3)F)C(=O)C(=CN2C5CC5)C(=O)O,CC1C(C(CC(O1)OC2CCC3(C(C2)CCC4C3CC(C5(C4(CCC5C6=CC(=O)OC6)O)C)O)C)O)OC7CC(C(C(O7)C)OC8CC(C(C(O8)C)OC9C(C(C(C(O9)CO)O)O)O)O)O
Pazopanib,Deslanoside,Pazopanib may decrease the cardiotoxic activities of Deslanoside.,CC1=C(C=C(C=C1)NC2=NC=CC(=N2)N(C)C3=CC4=NN(C(=C4C=C3)C)C)S(=O)(=O)N,CC1C(C(CC(O1)OC2CCC3(C(C2)CCC4C3CC(C5(C4(CCC5C6=CC(=O)OC6)O)C)O)C)O)OC7CC(C(C(O7)C)OC8CC(C(C(O8)C)OC9C(C(C(C(O9)CO)O)O)O)O)O
Gemifloxacin,Deslanoside,Gemifloxacin may decrease the cardiotoxic activities of Deslanoside.,CON=C1CN(CC1CN)C2=C(C=C3C(=O)C(=CN(C3=N2)C4CC4)C(=O)O)F,CC1C(C(CC(O1)OC2CCC3(C(C2)CCC4C3CC(C5(C4(CCC5C6=CC(=O)OC6)O)C)O)C)O)OC7CC(C(C(O7)C)OC8CC(C(C(O8)C)OC9C(C(C(C(O9)CO)O)O)O)O)O
Ciprofloxacin,Deslanoside,Ciprofloxacin may decrease the cardiotoxic activities of Deslanoside.,C1CC1N2C=C(C(=O)C3=CC(=C(C=C32)N4CCNCC4)F)C(=O)O,CC1C(C(CC(O1)OC2CCC3(C(C2)CCC4C3CC(C5(C4(CCC5C6=CC(=O)OC6)O)C)O)C)O)OC7CC(C(C(O7)C)OC8CC(C(C(O8)C)OC9C(C(C(C(O9)CO)O)O)O)O)O
Lenvatinib,Deslanoside,Lenvatinib may decrease the cardiotoxic activities of Deslanoside.,COC1=CC2=NC=CC(=C2C=C1C(=O)N)OC3=CC(=C(C=C3)NC(=O)NC4CC4)Cl,CC1C(C(CC(O1)OC2CCC3(C(C2)CCC4C3CC(C5(C4(CCC5C6=CC(=O)OC6)O)C)O)C)O)OC7CC(C(C(O7)C)OC8CC(C(C(O8)C)OC9C(C(C(C(O9)CO)O)O)O)O)O
Ofloxacin,Deslanoside,Ofloxacin may decrease the cardiotoxic activities of Deslanoside.,CC1COC2=C3N1C=C(C(=O)C3=CC(=C2N4CCN(CC4)C)F)C(=O)O,CC1C(C(CC(O1)OC2CCC3(C(C2)CCC4C3CC(C5(C4(CCC5C6=CC(=O)OC6)O)C)O)C)O)OC7CC(C(C(O7)C)OC8CC(C(C(O8)C)OC9C(C(C(C(O9)CO)O)O)O)O)O
Toremifene,Deslanoside,Toremifene may decrease the cardiotoxic activities of Deslanoside.,CN(C)CCOC1=CC=C(C=C1)C(=C(CCCl)C2=CC=CC=C2)C3=CC=CC=C3,CC1C(C(CC(O1)OC2CCC3(C(C2)CCC4C3CC(C5(C4(CCC5C6=CC(=O)OC6)O)C)O)C)O)OC7CC(C(C(O7)C)OC8CC(C(C(O8)C)OC9C(C(C(C(O9)CO)O)O)O)O)O
Arsenic trioxide,Deslanoside,Arsenic trioxide may decrease the cardiotoxic activities of Deslanoside.,[O-2].[O-2].[O-2].[As+3].[As+3],CC1C(C(CC(O1)OC2CCC3(C(C2)CCC4C3CC(C5(C4(CCC5C6=CC(=O)OC6)O)C)O)C)O)OC7CC(C(C(O7)C)OC8CC(C(C(O8)C)OC9C(C(C(C(O9)CO)O)O)O)O)O
Levofloxacin,Deslanoside,Levofloxacin may decrease the cardiotoxic activities of Deslanoside.,CC1COC2=C3N1C=C(C(=O)C3=CC(=C2N4CCN(CC4)C)F)C(=O)O,CC1C(C(CC(O1)OC2CCC3(C(C2)CCC4C3CC(C5(C4(CCC5C6=CC(=O)OC6)O)C)O)C)O)OC7CC(C(C(O7)C)OC8CC(C(C(O8)C)OC9C(C(C(C(O9)CO)O)O)O)O)O
Goserelin,Deslanoside,Goserelin may decrease the cardiotoxic activities of Deslanoside.,CC(C)CC(C(=O)NC(CCCN=C(N)N)C(=O)N1CCCC1C(=O)NNC(=O)N)NC(=O)C(COC(C)(C)C)NC(=O)C(CC2=CC=C(C=C2)O)NC(=O)C(CO)NC(=O)C(CC3=CNC4=CC=CC=C43)NC(=O)C(CC5=CN=CN5)NC(=O)C6CCC(=O)N6,CC1C(C(CC(O1)OC2CCC3(C(C2)CCC4C3CC(C5(C4(CCC5C6=CC(=O)OC6)O)C)O)C)O)OC7CC(C(C(O7)C)OC8CC(C(C(O8)C)OC9C(C(C(C(O9)CO)O)O)O)O)O
Vorinostat,Deslanoside,Vorinostat may decrease the cardiotoxic activities of Deslanoside.,C1=CC=C(C=C1)NC(=O)CCCCCCC(=O)NO,CC1C(C(CC(O1)OC2CCC3(C(C2)CCC4C3CC(C5(C4(CCC5C6=CC(=O)OC6)O)C)O)C)O)OC7CC(C(C(O7)C)OC8CC(C(C(O8)C)OC9C(C(C(C(O9)CO)O)O)O)O)O
Octreotide,Deslanoside,Octreotide may decrease the cardiotoxic activities of Deslanoside.,CC(C1C(=O)NC(CSSCC(C(=O)NC(C(=O)NC(C(=O)NC(C(=O)N1)CCCCN)CC2=CNC3=CC=CC=C32)CC4=CC=CC=C4)NC(=O)C(CC5=CC=CC=C5)N)C(=O)NC(CO)C(C)O)O,CC1C(C(CC(O1)OC2CCC3(C(C2)CCC4C3CC(C5(C4(CCC5C6=CC(=O)OC6)O)C)O)C)O)OC7CC(C(C(O7)C)OC8CC(C(C(O8)C)OC9C(C(C(C(O9)CO)O)O)O)O)O
Triptorelin,Deslanoside,Triptorelin may decrease the cardiotoxic activities of Deslanoside.,CC(C)CC(C(=O)NC(CCCN=C(N)N)C(=O)N1CCCC1C(=O)NCC(=O)N)NC(=O)C(CC2=CNC3=CC=CC=C32)NC(=O)C(CC4=CC=C(C=C4)O)NC(=O)C(CO)NC(=O)C(CC5=CNC6=CC=CC=C65)NC(=O)C(CC7=CN=CN7)NC(=O)C8CCC(=O)N8,CC1C(C(CC(O1)OC2CCC3(C(C2)CCC4C3CC(C5(C4(CCC5C6=CC(=O)OC6)O)C)O)C)O)OC7CC(C(C(O7)C)OC8CC(C(C(O8)C)OC9C(C(C(C(O9)CO)O)O)O)O)O
Degarelix,Deslanoside,Degarelix may decrease the cardiotoxic activities of Deslanoside.,CC(C)CC(C(=O)NC(CCCCNC(C)C)C(=O)N1CCCC1C(=O)NC(C)C(=O)N)NC(=O)C(CC2=CC=C(C=C2)NC(=O)N)NC(=O)C(CC3=CC=C(C=C3)NC(=O)C4CC(=O)NC(=O)N4)NC(=O)C(CO)NC(=O)C(CC5=CN=CC=C5)NC(=O)C(CC6=CC=C(C=C6)Cl)NC(=O)C(CC7=CC8=CC=CC=C8C=C7)NC(=O)C,CC1C(C(CC(O1)OC2CCC3(C(C2)CCC4C3CC(C5(C4(CCC5C6=CC(=O)OC6)O)C)O)C)O)OC7CC(C(C(O7)C)OC8CC(C(C(O8)C)OC9C(C(C(C(O9)CO)O)O)O)O)O
Indapamide,Deslanoside,The risk or severity of adverse effects can be increased when Indapamide is combined with Deslanoside.,CC1CC2=CC=CC=C2N1NC(=O)C3=CC(=C(C=C3)Cl)S(=O)(=O)N,CC1C(C(CC(O1)OC2CCC3(C(C2)CCC4C3CC(C5(C4(CCC5C6=CC(=O)OC6)O)C)O)C)O)OC7CC(C(C(O7)C)OC8CC(C(C(O8)C)OC9C(C(C(C(O9)CO)O)O)O)O)O
Eribulin,Deslanoside,Eribulin may decrease the cardiotoxic activities of Deslanoside.,CC1CC2CCC3C(=C)CC(O3)CCC45CC6C(O4)C7C(O6)C(O5)C8C(O7)CCC(O8)CC(=O)CC9C(CC(C1=C)O2)OC(C9OC)CC(CN)O,CC1C(C(CC(O1)OC2CCC3(C(C2)CCC4C3CC(C5(C4(CCC5C6=CC(=O)OC6)O)C)O)C)O)OC7CC(C(C(O7)C)OC8CC(C(C(O8)C)OC9C(C(C(C(O9)CO)O)O)O)O)O
Epirubicin,Deslanoside,Epirubicin may decrease the cardiotoxic activities of Deslanoside.,CC1C(C(CC(O1)OC2CC(CC3=C2C(=C4C(=C3O)C(=O)C5=C(C4=O)C(=CC=C5)OC)O)(C(=O)CO)O)N)O,CC1C(C(CC(O1)OC2CCC3(C(C2)CCC4C3CC(C5(C4(CCC5C6=CC(=O)OC6)O)C)O)C)O)OC7CC(C(C(O7)C)OC8CC(C(C(O8)C)OC9C(C(C(C(O9)CO)O)O)O)O)O
Streptomycin,Deslanoside,The serum concentration of Deslanoside can be decreased when it is combined with Streptomycin.,CC1C(C(C(O1)OC2C(C(C(C(C2O)O)N=C(N)N)O)N=C(N)N)OC3C(C(C(C(O3)CO)O)O)NC)(C=O)O,CC1C(C(CC(O1)OC2CCC3(C(C2)CCC4C3CC(C5(C4(CCC5C6=CC(=O)OC6)O)C)O)C)O)OC7CC(C(C(O7)C)OC8CC(C(C(O8)C)OC9C(C(C(C(O9)CO)O)O)O)O)O
Metrizamide,Deslanoside,The serum concentration of Deslanoside can be decreased when it is combined with Metrizamide.,CC(=O)NC1=C(C(=C(C(=C1I)C(=O)NC2C(C(C(OC2O)CO)O)O)I)N(C)C(=O)C)I,CC1C(C(CC(O1)OC2CCC3(C(C2)CCC4C3CC(C5(C4(CCC5C6=CC(=O)OC6)O)C)O)C)O)OC7CC(C(C(O7)C)OC8CC(C(C(O8)C)OC9C(C(C(C(O9)CO)O)O)O)O)O
Kanamycin,Deslanoside,The serum concentration of Deslanoside can be decreased when it is combined with Kanamycin.,C1C(C(C(C(C1N)OC2C(C(C(C(O2)CN)O)O)O)O)OC3C(C(C(C(O3)CO)O)N)O)N,CC1C(C(CC(O1)OC2CCC3(C(C2)CCC4C3CC(C5(C4(CCC5C6=CC(=O)OC6)O)C)O)C)O)OC7CC(C(C(O7)C)OC8CC(C(C(O8)C)OC9C(C(C(C(O9)CO)O)O)O)O)O
Idarubicin,Deslanoside,Idarubicin may decrease the cardiotoxic activities of Deslanoside.,CC1C(C(CC(O1)OC2CC(CC3=C2C(=C4C(=C3O)C(=O)C5=CC=CC=C5C4=O)O)(C(=O)C)O)N)O,CC1C(C(CC(O1)OC2CCC3(C(C2)CCC4C3CC(C5(C4(CCC5C6=CC(=O)OC6)O)C)O)C)O)OC7CC(C(C(O7)C)OC8CC(C(C(O8)C)OC9C(C(C(C(O9)CO)O)O)O)O)O
Plicamycin,Deslanoside,Plicamycin may decrease the cardiotoxic activities of Deslanoside.,CC1C(C(CC(O1)OC2CC(OC(C2O)C)OC3=CC4=CC5=C(C(=O)C(C(C5)C(C(=O)C(C(C)O)O)OC)OC6CC(C(C(O6)C)O)OC7CC(C(C(O7)C)O)OC8CC(C(C(O8)C)O)(C)O)C(=C4C(=C3C)O)O)O)O,CC1C(C(CC(O1)OC2CCC3(C(C2)CCC4C3CC(C5(C4(CCC5C6=CC(=O)OC6)O)C)O)C)O)OC7CC(C(C(O7)C)OC8CC(C(C(O8)C)OC9C(C(C(C(O9)CO)O)O)O)O)O
Streptozocin,Deslanoside,Streptozocin may decrease the cardiotoxic activities of Deslanoside.,CN(C(=O)NC1C(C(C(OC1O)CO)O)O)N=O,CC1C(C(CC(O1)OC2CCC3(C(C2)CCC4C3CC(C5(C4(CCC5C6=CC(=O)OC6)O)C)O)C)O)OC7CC(C(C(O7)C)OC8CC(C(C(O8)C)OC9C(C(C(C(O9)CO)O)O)O)O)O
Tobramycin,Deslanoside,The serum concentration of Deslanoside can be decreased when it is combined with Tobramycin.,C1C(C(C(C(C1N)OC2C(C(C(C(O2)CO)O)N)O)O)OC3C(CC(C(O3)CN)O)N)N,CC1C(C(CC(O1)OC2CCC3(C(C2)CCC4C3CC(C5(C4(CCC5C6=CC(=O)OC6)O)C)O)C)O)OC7CC(C(C(O7)C)OC8CC(C(C(O8)C)OC9C(C(C(C(O9)CO)O)O)O)O)O
Amrubicin,Deslanoside,Amrubicin may decrease the cardiotoxic activities of Deslanoside.,CC(=O)C1(CC(C2=C(C1)C(=C3C(=C2O)C(=O)C4=CC=CC=C4C3=O)O)OC5CC(C(CO5)O)O)N,CC1C(C(CC(O1)OC2CCC3(C(C2)CCC4C3CC(C5(C4(CCC5C6=CC(=O)OC6)O)C)O)C)O)OC7CC(C(C(O7)C)OC8CC(C(C(O8)C)OC9C(C(C(C(O9)CO)O)O)O)O)O
Framycetin,Deslanoside,The serum concentration of Deslanoside can be decreased when it is combined with Framycetin.,C1C(C(C(C(C1N)OC2C(C(C(C(O2)CN)O)O)N)OC3C(C(C(O3)CO)OC4C(C(C(C(O4)CN)O)O)N)O)O)N,CC1C(C(CC(O1)OC2CCC3(C(C2)CCC4C3CC(C5(C4(CCC5C6=CC(=O)OC6)O)C)O)C)O)OC7CC(C(C(O7)C)OC8CC(C(C(O8)C)OC9C(C(C(C(O9)CO)O)O)O)O)O
Netilmicin,Deslanoside,The serum concentration of Deslanoside can be decreased when it is combined with Netilmicin.,CCNC1CC(C(C(C1OC2C(C(C(CO2)(C)O)NC)O)O)OC3C(CC=C(O3)CN)N)N,CC1C(C(CC(O1)OC2CCC3(C(C2)CCC4C3CC(C5(C4(CCC5C6=CC(=O)OC6)O)C)O)C)O)OC7CC(C(C(O7)C)OC8CC(C(C(O8)C)OC9C(C(C(C(O9)CO)O)O)O)O)O
Amikacin,Deslanoside,The serum concentration of Deslanoside can be decreased when it is combined with Amikacin.,C1C(C(C(C(C1NC(=O)C(CCN)O)OC2C(C(C(C(O2)CO)O)N)O)O)OC3C(C(C(C(O3)CN)O)O)O)N,CC1C(C(CC(O1)OC2CCC3(C(C2)CCC4C3CC(C5(C4(CCC5C6=CC(=O)OC6)O)C)O)C)O)OC7CC(C(C(O7)C)OC8CC(C(C(O8)C)OC9C(C(C(C(O9)CO)O)O)O)O)O
Valrubicin,Deslanoside,Valrubicin may decrease the cardiotoxic activities of Deslanoside.,CCCCC(=O)OCC(=O)C1(CC(C2=C(C1)C(=C3C(=C2O)C(=O)C4=C(C3=O)C=CC=C4OC)O)OC5CC(C(C(O5)C)O)NC(=O)C(F)(F)F)O,CC1C(C(CC(O1)OC2CCC3(C(C2)CCC4C3CC(C5(C4(CCC5C6=CC(=O)OC6)O)C)O)C)O)OC7CC(C(C(O7)C)OC8CC(C(C(O8)C)OC9C(C(C(C(O9)CO)O)O)O)O)O
Daunorubicin,Deslanoside,Daunorubicin may decrease the cardiotoxic activities of Deslanoside.,CC1C(C(CC(O1)OC2CC(CC3=C2C(=C4C(=C3O)C(=O)C5=C(C4=O)C(=CC=C5)OC)O)(C(=O)C)O)N)O,CC1C(C(CC(O1)OC2CCC3(C(C2)CCC4C3CC(C5(C4(CCC5C6=CC(=O)OC6)O)C)O)C)O)OC7CC(C(C(O7)C)OC8CC(C(C(O8)C)OC9C(C(C(C(O9)CO)O)O)O)O)O
Ribostamycin,Deslanoside,The serum concentration of Deslanoside can be decreased when it is combined with Ribostamycin.,C1C(C(C(C(C1N)OC2C(C(C(C(O2)CN)O)O)N)OC3C(C(C(O3)CO)O)O)O)N,CC1C(C(CC(O1)OC2CCC3(C(C2)CCC4C3CC(C5(C4(CCC5C6=CC(=O)OC6)O)C)O)C)O)OC7CC(C(C(O7)C)OC8CC(C(C(O8)C)OC9C(C(C(C(O9)CO)O)O)O)O)O
Doxorubicin,Deslanoside,Doxorubicin may decrease the cardiotoxic activities of Deslanoside.,CC1C(C(CC(O1)OC2CC(CC3=C2C(=C4C(=C3O)C(=O)C5=C(C4=O)C(=CC=C5)OC)O)(C(=O)CO)O)N)O,CC1C(C(CC(O1)OC2CCC3(C(C2)CCC4C3CC(C5(C4(CCC5C6=CC(=O)OC6)O)C)O)C)O)OC7CC(C(C(O7)C)OC8CC(C(C(O8)C)OC9C(C(C(C(O9)CO)O)O)O)O)O
Arbekacin,Deslanoside,The serum concentration of Deslanoside can be decreased when it is combined with Arbekacin.,C1CC(C(OC1CN)OC2C(CC(C(C2O)OC3C(C(C(C(O3)CO)O)N)O)NC(=O)C(CCN)O)N)N,CC1C(C(CC(O1)OC2CCC3(C(C2)CCC4C3CC(C5(C4(CCC5C6=CC(=O)OC6)O)C)O)C)O)OC7CC(C(C(O7)C)OC8CC(C(C(O8)C)OC9C(C(C(C(O9)CO)O)O)O)O)O
Gentamicin,Deslanoside,The serum concentration of Deslanoside can be decreased when it is combined with Gentamicin.,CC(C1CCC(C(O1)OC2C(CC(C(C2O)OC3C(C(C(CO3)(C)O)NC)O)N)N)N)NC,CC1C(C(CC(O1)OC2CCC3(C(C2)CCC4C3CC(C5(C4(CCC5C6=CC(=O)OC6)O)C)O)C)O)OC7CC(C(C(O7)C)OC8CC(C(C(O8)C)OC9C(C(C(C(O9)CO)O)O)O)O)O
Paromomycin,Deslanoside,The serum concentration of Deslanoside can be decreased when it is combined with Paromomycin.,C1C(C(C(C(C1N)OC2C(C(C(C(O2)CO)O)O)N)OC3C(C(C(O3)CO)OC4C(C(C(C(O4)CN)O)O)N)O)O)N,CC1C(C(CC(O1)OC2CCC3(C(C2)CCC4C3CC(C5(C4(CCC5C6=CC(=O)OC6)O)C)O)C)O)OC7CC(C(C(O7)C)OC8CC(C(C(O8)C)OC9C(C(C(C(O9)CO)O)O)O)O)O
Spectinomycin,Deslanoside,The serum concentration of Deslanoside can be decreased when it is combined with Spectinomycin.,CC1CC(=O)C2(C(O1)OC3C(C(C(C(C3O2)NC)O)NC)O)O,CC1C(C(CC(O1)OC2CCC3(C(C2)CCC4C3CC(C5(C4(CCC5C6=CC(=O)OC6)O)C)O)C)O)OC7CC(C(C(O7)C)OC8CC(C(C(O8)C)OC9C(C(C(C(O9)CO)O)O)O)O)O
Prednisone,Deslanoside,Prednisone may decrease the cardiotoxic activities of Deslanoside.,CC12CC(=O)C3C(C1CCC2(C(=O)CO)O)CCC4=CC(=O)C=CC34C,CC1C(C(CC(O1)OC2CCC3(C(C2)CCC4C3CC(C5(C4(CCC5C6=CC(=O)OC6)O)C)O)C)O)OC7CC(C(C(O7)C)OC8CC(C(C(O8)C)OC9C(C(C(C(O9)CO)O)O)O)O)O
Methylprednisolone,Deslanoside,Methylprednisolone may decrease the cardiotoxic activities of Deslanoside.,CC1CC2C3CCC(C3(CC(C2C4(C1=CC(=O)C=C4)C)O)C)(C(=O)CO)O,CC1C(C(CC(O1)OC2CCC3(C(C2)CCC4C3CC(C5(C4(CCC5C6=CC(=O)OC6)O)C)O)C)O)OC7CC(C(C(O7)C)OC8CC(C(C(O8)C)OC9C(C(C(C(O9)CO)O)O)O)O)O
Formestane,Deslanoside,Formestane may decrease the cardiotoxic activities of Deslanoside.,CC12CCC(=O)C(=C1CCC3C2CCC4(C3CCC4=O)C)O,CC1C(C(CC(O1)OC2CCC3(C(C2)CCC4C3CC(C5(C4(CCC5C6=CC(=O)OC6)O)C)O)C)O)OC7CC(C(C(O7)C)OC8CC(C(C(O8)C)OC9C(C(C(C(O9)CO)O)O)O)O)O
Pamidronic acid,Deslanoside,Pamidronic acid may decrease the cardiotoxic activities of Deslanoside.,C(CN)C(O)(P(=O)(O)O)P(=O)(O)O,CC1C(C(CC(O1)OC2CCC3(C(C2)CCC4C3CC(C5(C4(CCC5C6=CC(=O)OC6)O)C)O)C)O)OC7CC(C(C(O7)C)OC8CC(C(C(O8)C)OC9C(C(C(C(O9)CO)O)O)O)O)O
Bendroflumethiazide,Deslanoside,The risk or severity of adverse effects can be increased when Bendroflumethiazide is combined with Deslanoside.,C1=CC=C(C=C1)CC2NC3=C(C=C(C(=C3)C(F)(F)F)S(=O)(=O)N)S(=O)(=O)N2,CC1C(C(CC(O1)OC2CCC3(C(C2)CCC4C3CC(C5(C4(CCC5C6=CC(=O)OC6)O)C)O)C)O)OC7CC(C(C(O7)C)OC8CC(C(C(O8)C)OC9C(C(C(C(O9)CO)O)O)O)O)O
Practolol,Deslanoside,Practolol may increase the bradycardic activities of Deslanoside.,CC(C)NCC(COC1=CC=C(C=C1)NC(=O)C)O,CC1C(C(CC(O1)OC2CCC3(C(C2)CCC4C3CC(C5(C4(CCC5C6=CC(=O)OC6)O)C)O)C)O)OC7CC(C(C(O7)C)OC8CC(C(C(O8)C)OC9C(C(C(C(O9)CO)O)O)O)O)O
Altretamine,Deslanoside,Altretamine may decrease the cardiotoxic activities of Deslanoside.,CN(C)C1=NC(=NC(=N1)N(C)C)N(C)C,CC1C(C(CC(O1)OC2CCC3(C(C2)CCC4C3CC(C5(C4(CCC5C6=CC(=O)OC6)O)C)O)C)O)OC7CC(C(C(O7)C)OC8CC(C(C(O8)C)OC9C(C(C(C(O9)CO)O)O)O)O)O
Arotinolol,Deslanoside,Arotinolol may increase the bradycardic activities of Deslanoside.,CC(C)(C)NCC(CSC1=NC(=CS1)C2=CC=C(S2)C(=O)N)O,CC1C(C(CC(O1)OC2CCC3(C(C2)CCC4C3CC(C5(C4(CCC5C6=CC(=O)OC6)O)C)O)C)O)OC7CC(C(C(O7)C)OC8CC(C(C(O8)C)OC9C(C(C(C(O9)CO)O)O)O)O)O
Bevantolol,Deslanoside,Bevantolol may increase the bradycardic activities of Deslanoside.,CC1=CC(=CC=C1)OCC(CNCCC2=CC(=C(C=C2)OC)OC)O,CC1C(C(CC(O1)OC2CCC3(C(C2)CCC4C3CC(C5(C4(CCC5C6=CC(=O)OC6)O)C)O)C)O)OC7CC(C(C(O7)C)OC8CC(C(C(O8)C)OC9C(C(C(C(O9)CO)O)O)O)O)O
Chlorthalidone,Deslanoside,The risk or severity of adverse effects can be increased when Chlorthalidone is combined with Deslanoside.,C1=CC=C2C(=C1)C(=O)NC2(C3=CC(=C(C=C3)Cl)S(=O)(=O)N)O,CC1C(C(CC(O1)OC2CCC3(C(C2)CCC4C3CC(C5(C4(CCC5C6=CC(=O)OC6)O)C)O)C)O)OC7CC(C(C(O7)C)OC8CC(C(C(O8)C)OC9C(C(C(C(O9)CO)O)O)O)O)O
Tretinoin,Deslanoside,Tretinoin may decrease the cardiotoxic activities of Deslanoside.,CC1=C(C(CCC1)(C)C)C=CC(=CC=CC(=CC(=O)O)C)C,CC1C(C(CC(O1)OC2CCC3(C(C2)CCC4C3CC(C5(C4(CCC5C6=CC(=O)OC6)O)C)O)C)O)OC7CC(C(C(O7)C)OC8CC(C(C(O8)C)OC9C(C(C(C(O9)CO)O)O)O)O)O
Methyclothiazide,Deslanoside,The risk or severity of adverse effects can be increased when Methyclothiazide is combined with Deslanoside.,CN1C(NC2=CC(=C(C=C2S1(=O)=O)S(=O)(=O)N)Cl)CCl,CC1C(C(CC(O1)OC2CCC3(C(C2)CCC4C3CC(C5(C4(CCC5C6=CC(=O)OC6)O)C)O)C)O)OC7CC(C(C(O7)C)OC8CC(C(C(O8)C)OC9C(C(C(C(O9)CO)O)O)O)O)O
Clofarabine,Deslanoside,Clofarabine may decrease the cardiotoxic activities of Deslanoside.,C1=NC2=C(N=C(N=C2N1C3C(C(C(O3)CO)O)F)Cl)N,CC1C(C(CC(O1)OC2CCC3(C(C2)CCC4C3CC(C5(C4(CCC5C6=CC(=O)OC6)O)C)O)C)O)OC7CC(C(C(O7)C)OC8CC(C(C(O8)C)OC9C(C(C(C(O9)CO)O)O)O)O)O
Amiloride,Deslanoside,The therapeutic efficacy of Deslanoside can be decreased when used in combination with Amiloride.,C1(=C(N=C(C(=N1)Cl)N)N)C(=O)N=C(N)N,CC1C(C(CC(O1)OC2CCC3(C(C2)CCC4C3CC(C5(C4(CCC5C6=CC(=O)OC6)O)C)O)C)O)OC7CC(C(C(O7)C)OC8CC(C(C(O8)C)OC9C(C(C(C(O9)CO)O)O)O)O)O
Triamterene,Deslanoside,The therapeutic efficacy of Deslanoside can be decreased when used in combination with Triamterene.,C1=CC=C(C=C1)C2=NC3=C(N=C(N=C3N=C2N)N)N,CC1C(C(CC(O1)OC2CCC3(C(C2)CCC4C3CC(C5(C4(CCC5C6=CC(=O)OC6)O)C)O)C)O)OC7CC(C(C(O7)C)OC8CC(C(C(O8)C)OC9C(C(C(C(O9)CO)O)O)O)O)O
Hydrochlorothiazide,Deslanoside,The risk or severity of adverse effects can be increased when Hydrochlorothiazide is combined with Deslanoside.,C1NC2=CC(=C(C=C2S(=O)(=O)N1)S(=O)(=O)N)Cl,CC1C(C(CC(O1)OC2CCC3(C(C2)CCC4C3CC(C5(C4(CCC5C6=CC(=O)OC6)O)C)O)C)O)OC7CC(C(C(O7)C)OC8CC(C(C(O8)C)OC9C(C(C(C(O9)CO)O)O)O)O)O
Eplerenone,Deslanoside,The therapeutic efficacy of Deslanoside can be decreased when used in combination with Eplerenone.,CC12CCC(=O)C=C1CC(C3C24C(O4)CC5(C3CCC56CCC(=O)O6)C)C(=O)OC,CC1C(C(CC(O1)OC2CCC3(C(C2)CCC4C3CC(C5(C4(CCC5C6=CC(=O)OC6)O)C)O)C)O)OC7CC(C(C(O7)C)OC8CC(C(C(O8)C)OC9C(C(C(C(O9)CO)O)O)O)O)O
Hydroflumethiazide,Deslanoside,The risk or severity of adverse effects can be increased when Hydroflumethiazide is combined with Deslanoside.,C1NC2=C(C=C(C(=C2)C(F)(F)F)S(=O)(=O)N)S(=O)(=O)N1,CC1C(C(CC(O1)OC2CCC3(C(C2)CCC4C3CC(C5(C4(CCC5C6=CC(=O)OC6)O)C)O)C)O)OC7CC(C(C(O7)C)OC8CC(C(C(O8)C)OC9C(C(C(C(O9)CO)O)O)O)O)O
Metolazone,Deslanoside,The risk or severity of adverse effects can be increased when Metolazone is combined with Deslanoside.,CC1NC2=CC(=C(C=C2C(=O)N1C3=CC=CC=C3C)S(=O)(=O)N)Cl,CC1C(C(CC(O1)OC2CCC3(C(C2)CCC4C3CC(C5(C4(CCC5C6=CC(=O)OC6)O)C)O)C)O)OC7CC(C(C(O7)C)OC8CC(C(C(O8)C)OC9C(C(C(C(O9)CO)O)O)O)O)O
Chlorothiazide,Deslanoside,The risk or severity of adverse effects can be increased when Chlorothiazide is combined with Deslanoside.,C1=C2C(=CC(=C1Cl)S(=O)(=O)N)S(=O)(=O)N=CN2,CC1C(C(CC(O1)OC2CCC3(C(C2)CCC4C3CC(C5(C4(CCC5C6=CC(=O)OC6)O)C)O)C)O)OC7CC(C(C(O7)C)OC8CC(C(C(O8)C)OC9C(C(C(C(O9)CO)O)O)O)O)O
Quinacrine,Deslanoside,Quinacrine may decrease the cardiotoxic activities of Deslanoside.,CCN(CC)CCCC(C)NC1=C2C=C(C=CC2=NC3=C1C=CC(=C3)Cl)OC,CC1C(C(CC(O1)OC2CCC3(C(C2)CCC4C3CC(C5(C4(CCC5C6=CC(=O)OC6)O)C)O)C)O)OC7CC(C(C(O7)C)OC8CC(C(C(O8)C)OC9C(C(C(C(O9)CO)O)O)O)O)O
Nelarabine,Deslanoside,Nelarabine may decrease the cardiotoxic activities of Deslanoside.,COC1=NC(=NC2=C1N=CN2C3C(C(C(O3)CO)O)O)N,CC1C(C(CC(O1)OC2CCC3(C(C2)CCC4C3CC(C5(C4(CCC5C6=CC(=O)OC6)O)C)O)C)O)OC7CC(C(C(O7)C)OC8CC(C(C(O8)C)OC9C(C(C(C(O9)CO)O)O)O)O)O
Azacitidine,Deslanoside,Azacitidine may decrease the cardiotoxic activities of Deslanoside.,C1=NC(=NC(=O)N1C2C(C(C(O2)CO)O)O)N,CC1C(C(CC(O1)OC2CCC3(C(C2)CCC4C3CC(C5(C4(CCC5C6=CC(=O)OC6)O)C)O)C)O)OC7CC(C(C(O7)C)OC8CC(C(C(O8)C)OC9C(C(C(C(O9)CO)O)O)O)O)O
Ifosfamide,Deslanoside,Ifosfamide may decrease the cardiotoxic activities of Deslanoside.,C1CN(P(=O)(OC1)NCCCl)CCCl,CC1C(C(CC(O1)OC2CCC3(C(C2)CCC4C3CC(C5(C4(CCC5C6=CC(=O)OC6)O)C)O)C)O)OC7CC(C(C(O7)C)OC8CC(C(C(O8)C)OC9C(C(C(C(O9)CO)O)O)O)O)O
Cytarabine,Deslanoside,Cytarabine may decrease the cardiotoxic activities of Deslanoside.,C1=CN(C(=O)N=C1N)C2C(C(C(O2)CO)O)O,CC1C(C(CC(O1)OC2CCC3(C(C2)CCC4C3CC(C5(C4(CCC5C6=CC(=O)OC6)O)C)O)C)O)OC7CC(C(C(O7)C)OC8CC(C(C(O8)C)OC9C(C(C(C(O9)CO)O)O)O)O)O
Lomustine,Deslanoside,Lomustine may decrease the cardiotoxic activities of Deslanoside.,C1CCC(CC1)NC(=O)N(CCCl)N=O,CC1C(C(CC(O1)OC2CCC3(C(C2)CCC4C3CC(C5(C4(CCC5C6=CC(=O)OC6)O)C)O)C)O)OC7CC(C(C(O7)C)OC8CC(C(C(O8)C)OC9C(C(C(C(O9)CO)O)O)O)O)O
Mechlorethamine,Deslanoside,Mechlorethamine may decrease the cardiotoxic activities of Deslanoside.,CN(CCCl)CCCl,CC1C(C(CC(O1)OC2CCC3(C(C2)CCC4C3CC(C5(C4(CCC5C6=CC(=O)OC6)O)C)O)C)O)OC7CC(C(C(O7)C)OC8CC(C(C(O8)C)OC9C(C(C(C(O9)CO)O)O)O)O)O
Vincristine,Deslanoside,Vincristine may decrease the cardiotoxic activities of Deslanoside.,CCC1(CC2CC(C3=C(CCN(C2)C1)C4=CC=CC=C4N3)(C5=C(C=C6C(=C5)C78CCN9C7C(C=CC9)(C(C(C8N6C=O)(C(=O)OC)O)OC(=O)C)CC)OC)C(=O)OC)O,CC1C(C(CC(O1)OC2CCC3(C(C2)CCC4C3CC(C5(C4(CCC5C6=CC(=O)OC6)O)C)O)C)O)OC7CC(C(C(O7)C)OC8CC(C(C(O8)C)OC9C(C(C(C(O9)CO)O)O)O)O)O
Temozolomide,Deslanoside,Temozolomide may decrease the cardiotoxic activities of Deslanoside.,CN1C(=O)N2C=NC(=C2N=N1)C(=O)N,CC1C(C(CC(O1)OC2CCC3(C(C2)CCC4C3CC(C5(C4(CCC5C6=CC(=O)OC6)O)C)O)C)O)OC7CC(C(C(O7)C)OC8CC(C(C(O8)C)OC9C(C(C(C(O9)CO)O)O)O)O)O
Busulfan,Deslanoside,Busulfan may decrease the cardiotoxic activities of Deslanoside.,CS(=O)(=O)OCCCCOS(=O)(=O)C,CC1C(C(CC(O1)OC2CCC3(C(C2)CCC4C3CC(C5(C4(CCC5C6=CC(=O)OC6)O)C)O)C)O)OC7CC(C(C(O7)C)OC8CC(C(C(O8)C)OC9C(C(C(C(O9)CO)O)O)O)O)O
Vinorelbine,Deslanoside,Vinorelbine may decrease the cardiotoxic activities of Deslanoside.,CCC1=CC2CC(C3=C(CN(C2)C1)C4=CC=CC=C4N3)(C5=C(C=C6C(=C5)C78CCN9C7C(C=CC9)(C(C(C8N6C)(C(=O)OC)O)OC(=O)C)CC)OC)C(=O)OC,CC1C(C(CC(O1)OC2CCC3(C(C2)CCC4C3CC(C5(C4(CCC5C6=CC(=O)OC6)O)C)O)C)O)OC7CC(C(C(O7)C)OC8CC(C(C(O8)C)OC9C(C(C(C(O9)CO)O)O)O)O)O
Tioguanine,Deslanoside,Tioguanine may decrease the cardiotoxic activities of Deslanoside.,C1=NC2=C(N1)C(=S)N=C(N2)N,CC1C(C(CC(O1)OC2CCC3(C(C2)CCC4C3CC(C5(C4(CCC5C6=CC(=O)OC6)O)C)O)C)O)OC7CC(C(C(O7)C)OC8CC(C(C(O8)C)OC9C(C(C(C(O9)CO)O)O)O)O)O
Mitoxantrone,Deslanoside,Mitoxantrone may decrease the cardiotoxic activities of Deslanoside.,C1=CC(=C2C(=C1NCCNCCO)C(=O)C3=C(C=CC(=C3C2=O)O)O)NCCNCCO,CC1C(C(CC(O1)OC2CCC3(C(C2)CCC4C3CC(C5(C4(CCC5C6=CC(=O)OC6)O)C)O)C)O)OC7CC(C(C(O7)C)OC8CC(C(C(O8)C)OC9C(C(C(C(O9)CO)O)O)O)O)O
Fluorouracil,Deslanoside,Fluorouracil may decrease the cardiotoxic activities of Deslanoside.,C1=C(C(=O)NC(=O)N1)F,CC1C(C(CC(O1)OC2CCC3(C(C2)CCC4C3CC(C5(C4(CCC5C6=CC(=O)OC6)O)C)O)C)O)OC7CC(C(C(O7)C)OC8CC(C(C(O8)C)OC9C(C(C(C(O9)CO)O)O)O)O)O
Imiquimod,Deslanoside,Imiquimod may decrease the cardiotoxic activities of Deslanoside.,CC(C)CN1C=NC2=C1C3=CC=CC=C3N=C2N,CC1C(C(CC(O1)OC2CCC3(C(C2)CCC4C3CC(C5(C4(CCC5C6=CC(=O)OC6)O)C)O)C)O)OC7CC(C(C(O7)C)OC8CC(C(C(O8)C)OC9C(C(C(C(O9)CO)O)O)O)O)O
Oxaliplatin,Deslanoside,Oxaliplatin may decrease the cardiotoxic activities of Deslanoside.,C1CCC(C(C1)[NH-])[NH-].C(=O)(C(=O)O)O.[Pt+2],CC1C(C(CC(O1)OC2CCC3(C(C2)CCC4C3CC(C5(C4(CCC5C6=CC(=O)OC6)O)C)O)C)O)OC7CC(C(C(O7)C)OC8CC(C(C(O8)C)OC9C(C(C(C(O9)CO)O)O)O)O)O
Pemetrexed,Deslanoside,Pemetrexed may decrease the cardiotoxic activities of Deslanoside.,C1=CC(=CC=C1CCC2=CNC3=C2C(=O)NC(=N3)N)C(=O)NC(CCC(=O)O)C(=O)O,CC1C(C(CC(O1)OC2CCC3(C(C2)CCC4C3CC(C5(C4(CCC5C6=CC(=O)OC6)O)C)O)C)O)OC7CC(C(C(O7)C)OC8CC(C(C(O8)C)OC9C(C(C(C(O9)CO)O)O)O)O)O
Capecitabine,Deslanoside,Capecitabine may decrease the cardiotoxic activities of Deslanoside.,CCCCCOC(=O)NC1=NC(=O)N(C=C1F)C2C(C(C(O2)C)O)O,CC1C(C(CC(O1)OC2CCC3(C(C2)CCC4C3CC(C5(C4(CCC5C6=CC(=O)OC6)O)C)O)C)O)OC7CC(C(C(O7)C)OC8CC(C(C(O8)C)OC9C(C(C(C(O9)CO)O)O)O)O)O
Fludarabine,Deslanoside,Fludarabine may decrease the cardiotoxic activities of Deslanoside.,C1=NC2=C(N=C(N=C2N1C3C(C(C(O3)CO)O)O)F)N,CC1C(C(CC(O1)OC2CCC3(C(C2)CCC4C3CC(C5(C4(CCC5C6=CC(=O)OC6)O)C)O)C)O)OC7CC(C(C(O7)C)OC8CC(C(C(O8)C)OC9C(C(C(C(O9)CO)O)O)O)O)O
Pralatrexate,Deslanoside,Pralatrexate may decrease the cardiotoxic activities of Deslanoside.,C#CCC(CC1=CN=C2C(=N1)C(=NC(=N2)N)N)C3=CC=C(C=C3)C(=O)NC(CCC(=O)O)C(=O)O,CC1C(C(CC(O1)OC2CCC3(C(C2)CCC4C3CC(C5(C4(CCC5C6=CC(=O)OC6)O)C)O)C)O)OC7CC(C(C(O7)C)OC8CC(C(C(O8)C)OC9C(C(C(C(O9)CO)O)O)O)O)O
Etoposide,Deslanoside,Etoposide may decrease the cardiotoxic activities of Deslanoside.,CC1OCC2C(O1)C(C(C(O2)OC3C4COC(=O)C4C(C5=CC6=C(C=C35)OCO6)C7=CC(=C(C(=C7)OC)O)OC)O)O,CC1C(C(CC(O1)OC2CCC3(C(C2)CCC4C3CC(C5(C4(CCC5C6=CC(=O)OC6)O)C)O)C)O)OC7CC(C(C(O7)C)OC8CC(C(C(O8)C)OC9C(C(C(C(O9)CO)O)O)O)O)O
Ruxolitinib,Deslanoside,Ruxolitinib may decrease the cardiotoxic activities of Deslanoside.,C1CCC(C1)C(CC#N)N2C=C(C=N2)C3=C4C=CNC4=NC=N3,CC1C(C(CC(O1)OC2CCC3(C(C2)CCC4C3CC(C5(C4(CCC5C6=CC(=O)OC6)O)C)O)C)O)OC7CC(C(C(O7)C)OC8CC(C(C(O8)C)OC9C(C(C(C(O9)CO)O)O)O)O)O
Melphalan,Deslanoside,Melphalan may decrease the cardiotoxic activities of Deslanoside.,C1=CC(=CC=C1CC(C(=O)O)N)N(CCCl)CCCl,CC1C(C(CC(O1)OC2CCC3(C(C2)CCC4C3CC(C5(C4(CCC5C6=CC(=O)OC6)O)C)O)C)O)OC7CC(C(C(O7)C)OC8CC(C(C(O8)C)OC9C(C(C(C(O9)CO)O)O)O)O)O
Sorafenib,Deslanoside,Sorafenib may decrease the cardiotoxic activities of Deslanoside.,CNC(=O)C1=NC=CC(=C1)OC2=CC=C(C=C2)NC(=O)NC3=CC(=C(C=C3)Cl)C(F)(F)F,CC1C(C(CC(O1)OC2CCC3(C(C2)CCC4C3CC(C5(C4(CCC5C6=CC(=O)OC6)O)C)O)C)O)OC7CC(C(C(O7)C)OC8CC(C(C(O8)C)OC9C(C(C(C(O9)CO)O)O)O)O)O
Teniposide,Deslanoside,Teniposide may decrease the cardiotoxic activities of Deslanoside.,COC1=CC(=CC(=C1O)OC)C2C3C(COC3=O)C(C4=CC5=C(C=C24)OCO5)OC6C(C(C7C(O6)COC(O7)C8=CC=CS8)O)O,CC1C(C(CC(O1)OC2CCC3(C(C2)CCC4C3CC(C5(C4(CCC5C6=CC(=O)OC6)O)C)O)C)O)OC7CC(C(C(O7)C)OC8CC(C(C(O8)C)OC9C(C(C(C(O9)CO)O)O)O)O)O
Everolimus,Deslanoside,Everolimus may decrease the cardiotoxic activities of Deslanoside.,CC1CCC2CC(C(=CC=CC=CC(CC(C(=O)C(C(C(=CC(C(=O)CC(OC(=O)C3CCCCN3C(=O)C(=O)C1(O2)O)C(C)CC4CCC(C(C4)OC)OCCO)C)C)O)OC)C)C)C)OC,CC1C(C(CC(O1)OC2CCC3(C(C2)CCC4C3CC(C5(C4(CCC5C6=CC(=O)OC6)O)C)O)C)O)OC7CC(C(C(O7)C)OC8CC(C(C(O8)C)OC9C(C(C(C(O9)CO)O)O)O)O)O
Azathioprine,Deslanoside,Azathioprine may decrease the cardiotoxic activities of Deslanoside.,CN1C=NC(=C1SC2=NC=NC3=C2NC=N3)[N+](=O)[O-],CC1C(C(CC(O1)OC2CCC3(C(C2)CCC4C3CC(C5(C4(CCC5C6=CC(=O)OC6)O)C)O)C)O)OC7CC(C(C(O7)C)OC8CC(C(C(O8)C)OC9C(C(C(C(O9)CO)O)O)O)O)O
Dactinomycin,Deslanoside,Dactinomycin may decrease the cardiotoxic activities of Deslanoside.,CC1C(C(=O)NC(C(=O)N2CCCC2C(=O)N(CC(=O)N(C(C(=O)O1)C(C)C)C)C)C(C)C)NC(=O)C3=C4C(=C(C=C3)C)OC5=C(C(=O)C(=C(C5=N4)C(=O)NC6C(OC(=O)C(N(C(=O)CN(C(=O)C7CCCN7C(=O)C(NC6=O)C(C)C)C)C)C(C)C)C)N)C,CC1C(C(CC(O1)OC2CCC3(C(C2)CCC4C3CC(C5(C4(CCC5C6=CC(=O)OC6)O)C)O)C)O)OC7CC(C(C(O7)C)OC8CC(C(C(O8)C)OC9C(C(C(C(O9)CO)O)O)O)O)O
Mitomycin,Deslanoside,Mitomycin may decrease the cardiotoxic activities of Deslanoside.,CC1=C(C(=O)C2=C(C1=O)N3CC4C(C3(C2COC(=O)N)OC)N4)N,CC1C(C(CC(O1)OC2CCC3(C(C2)CCC4C3CC(C5(C4(CCC5C6=CC(=O)OC6)O)C)O)C)O)OC7CC(C(C(O7)C)OC8CC(C(C(O8)C)OC9C(C(C(C(O9)CO)O)O)O)O)O
Cisplatin,Deslanoside,Cisplatin may decrease the cardiotoxic activities of Deslanoside.,N.N.Cl[Pt]Cl,CC1C(C(CC(O1)OC2CCC3(C(C2)CCC4C3CC(C5(C4(CCC5C6=CC(=O)OC6)O)C)O)C)O)OC7CC(C(C(O7)C)OC8CC(C(C(O8)C)OC9C(C(C(C(O9)CO)O)O)O)O)O
Carmustine,Deslanoside,Carmustine may decrease the cardiotoxic activities of Deslanoside.,C(CCl)NC(=O)N(CCCl)N=O,CC1C(C(CC(O1)OC2CCC3(C(C2)CCC4C3CC(C5(C4(CCC5C6=CC(=O)OC6)O)C)O)C)O)OC7CC(C(C(O7)C)OC8CC(C(C(O8)C)OC9C(C(C(C(O9)CO)O)O)O)O)O
Hydroxyurea,Deslanoside,Hydroxyurea may decrease the cardiotoxic activities of Deslanoside.,C(=O)(N)NO,CC1C(C(CC(O1)OC2CCC3(C(C2)CCC4C3CC(C5(C4(CCC5C6=CC(=O)OC6)O)C)O)C)O)OC7CC(C(C(O7)C)OC8CC(C(C(O8)C)OC9C(C(C(C(O9)CO)O)O)O)O)O
Cladribine,Deslanoside,Cladribine may decrease the cardiotoxic activities of Deslanoside.,C1C(C(OC1N2C=NC3=C(N=C(N=C32)Cl)N)CO)O,CC1C(C(CC(O1)OC2CCC3(C(C2)CCC4C3CC(C5(C4(CCC5C6=CC(=O)OC6)O)C)O)C)O)OC7CC(C(C(O7)C)OC8CC(C(C(O8)C)OC9C(C(C(C(O9)CO)O)O)O)O)O
Ibrutinib,Deslanoside,Ibrutinib may decrease the cardiotoxic activities of Deslanoside.,C=CC(=O)N1CCCC(C1)N2C3=NC=NC(=C3C(=N2)C4=CC=C(C=C4)OC5=CC=CC=C5)N,CC1C(C(CC(O1)OC2CCC3(C(C2)CCC4C3CC(C5(C4(CCC5C6=CC(=O)OC6)O)C)O)C)O)OC7CC(C(C(O7)C)OC8CC(C(C(O8)C)OC9C(C(C(C(O9)CO)O)O)O)O)O
Amsacrine,Deslanoside,Amsacrine may decrease the cardiotoxic activities of Deslanoside.,COC1=C(C=CC(=C1)NS(=O)(=O)C)NC2=C3C=CC=CC3=NC4=CC=CC=C42,CC1C(C(CC(O1)OC2CCC3(C(C2)CCC4C3CC(C5(C4(CCC5C6=CC(=O)OC6)O)C)O)C)O)OC7CC(C(C(O7)C)OC8CC(C(C(O8)C)OC9C(C(C(C(O9)CO)O)O)O)O)O
Vinblastine,Deslanoside,Vinblastine may decrease the cardiotoxic activities of Deslanoside.,CCC1(CC2CC(C3=C(CCN(C2)C1)C4=CC=CC=C4N3)(C5=C(C=C6C(=C5)C78CCN9C7C(C=CC9)(C(C(C8N6C)(C(=O)OC)O)OC(=O)C)CC)OC)C(=O)OC)O,CC1C(C(CC(O1)OC2CCC3(C(C2)CCC4C3CC(C5(C4(CCC5C6=CC(=O)OC6)O)C)O)C)O)OC7CC(C(C(O7)C)OC8CC(C(C(O8)C)OC9C(C(C(C(O9)CO)O)O)O)O)O
Temsirolimus,Deslanoside,Temsirolimus may decrease the cardiotoxic activities of Deslanoside.,CC1CCC2CC(C(=CC=CC=CC(CC(C(=O)C(C(C(=CC(C(=O)CC(OC(=O)C3CCCCN3C(=O)C(=O)C1(O2)O)C(C)CC4CCC(C(C4)OC)OC(=O)C(C)(CO)CO)C)C)O)OC)C)C)C)OC,CC1C(C(CC(O1)OC2CCC3(C(C2)CCC4C3CC(C5(C4(CCC5C6=CC(=O)OC6)O)C)O)C)O)OC7CC(C(C(O7)C)OC8CC(C(C(O8)C)OC9C(C(C(C(O9)CO)O)O)O)O)O
Thiotepa,Deslanoside,Thiotepa may decrease the cardiotoxic activities of Deslanoside.,C1CN1P(=S)(N2CC2)N3CC3,CC1C(C(CC(O1)OC2CCC3(C(C2)CCC4C3CC(C5(C4(CCC5C6=CC(=O)OC6)O)C)O)C)O)OC7CC(C(C(O7)C)OC8CC(C(C(O8)C)OC9C(C(C(C(O9)CO)O)O)O)O)O
Gemcitabine,Deslanoside,Gemcitabine may decrease the cardiotoxic activities of Deslanoside.,C1=CN(C(=O)N=C1N)C2C(C(C(O2)CO)O)(F)F,CC1C(C(CC(O1)OC2CCC3(C(C2)CCC4C3CC(C5(C4(CCC5C6=CC(=O)OC6)O)C)O)C)O)OC7CC(C(C(O7)C)OC8CC(C(C(O8)C)OC9C(C(C(C(O9)CO)O)O)O)O)O
Chlorambucil,Deslanoside,Chlorambucil may decrease the cardiotoxic activities of Deslanoside.,C1=CC(=CC=C1CCCC(=O)O)N(CCCl)CCCl,CC1C(C(CC(O1)OC2CCC3(C(C2)CCC4C3CC(C5(C4(CCC5C6=CC(=O)OC6)O)C)O)C)O)OC7CC(C(C(O7)C)OC8CC(C(C(O8)C)OC9C(C(C(C(O9)CO)O)O)O)O)O
Mercaptopurine,Deslanoside,Mercaptopurine may decrease the cardiotoxic activities of Deslanoside.,C1=NC2=C(N1)C(=S)N=CN2,CC1C(C(CC(O1)OC2CCC3(C(C2)CCC4C3CC(C5(C4(CCC5C6=CC(=O)OC6)O)C)O)C)O)OC7CC(C(C(O7)C)OC8CC(C(C(O8)C)OC9C(C(C(C(O9)CO)O)O)O)O)O
Methotrexate,Deslanoside,Methotrexate may decrease the cardiotoxic activities of Deslanoside.,CN(CC1=CN=C2C(=N1)C(=NC(=N2)N)N)C3=CC=C(C=C3)C(=O)NC(CCC(=O)O)C(=O)O,CC1C(C(CC(O1)OC2CCC3(C(C2)CCC4C3CC(C5(C4(CCC5C6=CC(=O)OC6)O)C)O)C)O)OC7CC(C(C(O7)C)OC8CC(C(C(O8)C)OC9C(C(C(C(O9)CO)O)O)O)O)O
Bleomycin,Deslanoside,Bleomycin may decrease the cardiotoxic activities of Deslanoside.,CC1=C(N=C(N=C1N)C(CC(=O)N)NCC(C(=O)N)N)C(=O)NC(C(C2=CN=CN2)OC3C(C(C(C(O3)CO)O)O)OC4C(C(C(C(O4)CO)O)OC(=O)N)O)C(=O)NC(C)C(C(C)C(=O)NC(C(C)O)C(=O)NCCC5=NC(=CS5)C6=NC(=CS6)C(=O)NCCC[S+](C)C)O,CC1C(C(CC(O1)OC2CCC3(C(C2)CCC4C3CC(C5(C4(CCC5C6=CC(=O)OC6)O)C)O)C)O)OC7CC(C(C(O7)C)OC8CC(C(C(O8)C)OC9C(C(C(C(O9)CO)O)O)O)O)O
Estramustine,Deslanoside,Estramustine may decrease the cardiotoxic activities of Deslanoside.,CC12CCC3C(C1CCC2O)CCC4=C3C=CC(=C4)OC(=O)N(CCCl)CCCl,CC1C(C(CC(O1)OC2CCC3(C(C2)CCC4C3CC(C5(C4(CCC5C6=CC(=O)OC6)O)C)O)C)O)OC7CC(C(C(O7)C)OC8CC(C(C(O8)C)OC9C(C(C(C(O9)CO)O)O)O)O)O
Vindesine,Deslanoside,Vindesine may decrease the cardiotoxic activities of Deslanoside.,CCC1(CC2CC(C3=C(CCN(C2)C1)C4=CC=CC=C4N3)(C5=C(C=C6C(=C5)C78CCN9C7C(C=CC9)(C(C(C8N6C)(C(=O)N)O)O)CC)OC)C(=O)OC)O,CC1C(C(CC(O1)OC2CCC3(C(C2)CCC4C3CC(C5(C4(CCC5C6=CC(=O)OC6)O)C)O)C)O)OC7CC(C(C(O7)C)OC8CC(C(C(O8)C)OC9C(C(C(C(O9)CO)O)O)O)O)O
Floxuridine,Deslanoside,Floxuridine may decrease the cardiotoxic activities of Deslanoside.,C1C(C(OC1N2C=C(C(=O)NC2=O)F)CO)O,CC1C(C(CC(O1)OC2CCC3(C(C2)CCC4C3CC(C5(C4(CCC5C6=CC(=O)OC6)O)C)O)C)O)OC7CC(C(C(O7)C)OC8CC(C(C(O8)C)OC9C(C(C(C(O9)CO)O)O)O)O)O
Dacarbazine,Deslanoside,Dacarbazine may decrease the cardiotoxic activities of Deslanoside.,CN(C)N=NC1=C(NC=N1)C(=O)N,CC1C(C(CC(O1)OC2CCC3(C(C2)CCC4C3CC(C5(C4(CCC5C6=CC(=O)OC6)O)C)O)C)O)OC7CC(C(C(O7)C)OC8CC(C(C(O8)C)OC9C(C(C(C(O9)CO)O)O)O)O)O
Trabectedin,Deslanoside,Trabectedin may decrease the cardiotoxic activities of Deslanoside.,CC1=CC2=C(C3C4C5C6=C(C(=C7C(=C6C(N4C(C(C2)N3C)O)COC(=O)C8(CS5)C9=CC(=C(C=C9CCN8)O)OC)OCO7)C)OC(=O)C)C(=C1OC)O,CC1C(C(CC(O1)OC2CCC3(C(C2)CCC4C3CC(C5(C4(CCC5C6=CC(=O)OC6)O)C)O)C)O)OC7CC(C(C(O7)C)OC8CC(C(C(O8)C)OC9C(C(C(C(O9)CO)O)O)O)O)O
Irinotecan,Deslanoside,Irinotecan may decrease the cardiotoxic activities of Deslanoside.,CCC1=C2CN3C(=CC4=C(C3=O)COC(=O)C4(CC)O)C2=NC5=C1C=C(C=C5)OC(=O)N6CCC(CC6)N7CCCCC7,CC1C(C(CC(O1)OC2CCC3(C(C2)CCC4C3CC(C5(C4(CCC5C6=CC(=O)OC6)O)C)O)C)O)OC7CC(C(C(O7)C)OC8CC(C(C(O8)C)OC9C(C(C(C(O9)CO)O)O)O)O)O
Gallium nitrate,Deslanoside,Gallium nitrate may decrease the cardiotoxic activities of Deslanoside.,[N+](=O)([O-])[O-].[N+](=O)([O-])[O-].[N+](=O)([O-])[O-].[Ga+3],CC1C(C(CC(O1)OC2CCC3(C(C2)CCC4C3CC(C5(C4(CCC5C6=CC(=O)OC6)O)C)O)C)O)OC7CC(C(C(O7)C)OC8CC(C(C(O8)C)OC9C(C(C(C(O9)CO)O)O)O)O)O
Topotecan,Deslanoside,Topotecan may decrease the cardiotoxic activities of Deslanoside.,CCC1(C2=C(COC1=O)C(=O)N3CC4=CC5=C(C=CC(=C5CN(C)C)O)N=C4C3=C2)O,CC1C(C(CC(O1)OC2CCC3(C(C2)CCC4C3CC(C5(C4(CCC5C6=CC(=O)OC6)O)C)O)C)O)OC7CC(C(C(O7)C)OC8CC(C(C(O8)C)OC9C(C(C(C(O9)CO)O)O)O)O)O
Tibolone,Deslanoside,Tibolone may decrease the cardiotoxic activities of Deslanoside.,CC1CC2=C(CCC(=O)C2)C3C1C4CCC(C4(CC3)C)(C#C)O,CC1C(C(CC(O1)OC2CCC3(C(C2)CCC4C3CC(C5(C4(CCC5C6=CC(=O)OC6)O)C)O)C)O)OC7CC(C(C(O7)C)OC8CC(C(C(O8)C)OC9C(C(C(C(O9)CO)O)O)O)O)O
Trichlormethiazide,Deslanoside,The risk or severity of adverse effects can be increased when Trichlormethiazide is combined with Deslanoside.,C1=C2C(=CC(=C1Cl)S(=O)(=O)N)S(=O)(=O)NC(N2)C(Cl)Cl,CC1C(C(CC(O1)OC2CCC3(C(C2)CCC4C3CC(C5(C4(CCC5C6=CC(=O)OC6)O)C)O)C)O)OC7CC(C(C(O7)C)OC8CC(C(C(O8)C)OC9C(C(C(C(O9)CO)O)O)O)O)O
Albendazole,Deslanoside,Albendazole may decrease the cardiotoxic activities of Deslanoside.,CCCSC1=CC2=C(C=C1)N=C(N2)NC(=O)OC,CC1C(C(CC(O1)OC2CCC3(C(C2)CCC4C3CC(C5(C4(CCC5C6=CC(=O)OC6)O)C)O)C)O)OC7CC(C(C(O7)C)OC8CC(C(C(O8)C)OC9C(C(C(C(O9)CO)O)O)O)O)O
Podofilox,Deslanoside,Podofilox may decrease the cardiotoxic activities of Deslanoside.,COC1=CC(=CC(=C1OC)OC)C2C3C(COC3=O)C(C4=CC5=C(C=C24)OCO5)O,CC1C(C(CC(O1)OC2CCC3(C(C2)CCC4C3CC(C5(C4(CCC5C6=CC(=O)OC6)O)C)O)C)O)OC7CC(C(C(O7)C)OC8CC(C(C(O8)C)OC9C(C(C(C(O9)CO)O)O)O)O)O
Gefitinib,Deslanoside,Gefitinib may decrease the cardiotoxic activities of Deslanoside.,COC1=C(C=C2C(=C1)N=CN=C2NC3=CC(=C(C=C3)F)Cl)OCCCN4CCOCC4,CC1C(C(CC(O1)OC2CCC3(C(C2)CCC4C3CC(C5(C4(CCC5C6=CC(=O)OC6)O)C)O)C)O)OC7CC(C(C(O7)C)OC8CC(C(C(O8)C)OC9C(C(C(C(O9)CO)O)O)O)O)O
Lapatinib,Deslanoside,Lapatinib may decrease the cardiotoxic activities of Deslanoside.,CS(=O)(=O)CCNCC1=CC=C(O1)C2=CC3=C(C=C2)N=CN=C3NC4=CC(=C(C=C4)OCC5=CC(=CC=C5)F)Cl,CC1C(C(CC(O1)OC2CCC3(C(C2)CCC4C3CC(C5(C4(CCC5C6=CC(=O)OC6)O)C)O)C)O)OC7CC(C(C(O7)C)OC8CC(C(C(O8)C)OC9C(C(C(C(O9)CO)O)O)O)O)O
Regorafenib,Deslanoside,Regorafenib may decrease the cardiotoxic activities of Deslanoside.,CNC(=O)C1=NC=CC(=C1)OC2=CC(=C(C=C2)NC(=O)NC3=CC(=C(C=C3)Cl)C(F)(F)F)F,CC1C(C(CC(O1)OC2CCC3(C(C2)CCC4C3CC(C5(C4(CCC5C6=CC(=O)OC6)O)C)O)C)O)OC7CC(C(C(O7)C)OC8CC(C(C(O8)C)OC9C(C(C(C(O9)CO)O)O)O)O)O
Ponatinib,Deslanoside,Ponatinib may decrease the cardiotoxic activities of Deslanoside.,CC1=C(C=C(C=C1)C(=O)NC2=CC(=C(C=C2)CN3CCN(CC3)C)C(F)(F)F)C#CC4=CN=C5N4N=CC=C5,CC1C(C(CC(O1)OC2CCC3(C(C2)CCC4C3CC(C5(C4(CCC5C6=CC(=O)OC6)O)C)O)C)O)OC7CC(C(C(O7)C)OC8CC(C(C(O8)C)OC9C(C(C(C(O9)CO)O)O)O)O)O
Bendamustine,Deslanoside,Bendamustine may decrease the cardiotoxic activities of Deslanoside.,CN1C2=C(C=C(C=C2)N(CCCl)CCCl)N=C1CCCC(=O)O,CC1C(C(CC(O1)OC2CCC3(C(C2)CCC4C3CC(C5(C4(CCC5C6=CC(=O)OC6)O)C)O)C)O)OC7CC(C(C(O7)C)OC8CC(C(C(O8)C)OC9C(C(C(C(O9)CO)O)O)O)O)O
Axitinib,Deslanoside,Axitinib may decrease the cardiotoxic activities of Deslanoside.,CNC(=O)C1=CC=CC=C1SC2=CC3=C(C=C2)C(=NN3)C=CC4=CC=CC=N4,CC1C(C(CC(O1)OC2CCC3(C(C2)CCC4C3CC(C5(C4(CCC5C6=CC(=O)OC6)O)C)O)C)O)OC7CC(C(C(O7)C)OC8CC(C(C(O8)C)OC9C(C(C(C(O9)CO)O)O)O)O)O
Flutamide,Deslanoside,Flutamide may decrease the cardiotoxic activities of Deslanoside.,CC(C)C(=O)NC1=CC(=C(C=C1)[N+](=O)[O-])C(F)(F)F,CC1C(C(CC(O1)OC2CCC3(C(C2)CCC4C3CC(C5(C4(CCC5C6=CC(=O)OC6)O)C)O)C)O)OC7CC(C(C(O7)C)OC8CC(C(C(O8)C)OC9C(C(C(C(O9)CO)O)O)O)O)O
Nilutamide,Deslanoside,Nilutamide may decrease the cardiotoxic activities of Deslanoside.,CC1(C(=O)N(C(=O)N1)C2=CC(=C(C=C2)[N+](=O)[O-])C(F)(F)F)C,CC1C(C(CC(O1)OC2CCC3(C(C2)CCC4C3CC(C5(C4(CCC5C6=CC(=O)OC6)O)C)O)C)O)OC7CC(C(C(O7)C)OC8CC(C(C(O8)C)OC9C(C(C(C(O9)CO)O)O)O)O)O
Vismodegib,Deslanoside,Vismodegib may decrease the cardiotoxic activities of Deslanoside.,CS(=O)(=O)C1=CC(=C(C=C1)C(=O)NC2=CC(=C(C=C2)Cl)C3=CC=CC=N3)Cl,CC1C(C(CC(O1)OC2CCC3(C(C2)CCC4C3CC(C5(C4(CCC5C6=CC(=O)OC6)O)C)O)C)O)OC7CC(C(C(O7)C)OC8CC(C(C(O8)C)OC9C(C(C(C(O9)CO)O)O)O)O)O
Exemestane,Deslanoside,Exemestane may decrease the cardiotoxic activities of Deslanoside.,CC12CCC3C(C1CCC2=O)CC(=C)C4=CC(=O)C=CC34C,CC1C(C(CC(O1)OC2CCC3(C(C2)CCC4C3CC(C5(C4(CCC5C6=CC(=O)OC6)O)C)O)C)O)OC7CC(C(C(O7)C)OC8CC(C(C(O8)C)OC9C(C(C(C(O9)CO)O)O)O)O)O
Methyltestosterone,Deslanoside,Methyltestosterone may decrease the cardiotoxic activities of Deslanoside.,CC12CCC(=O)C=C1CCC3C2CCC4(C3CCC4(C)O)C,CC1C(C(CC(O1)OC2CCC3(C(C2)CCC4C3CC(C5(C4(CCC5C6=CC(=O)OC6)O)C)O)C)O)OC7CC(C(C(O7)C)OC8CC(C(C(O8)C)OC9C(C(C(C(O9)CO)O)O)O)O)O
Bexarotene,Deslanoside,Bexarotene may decrease the cardiotoxic activities of Deslanoside.,CC1=CC2=C(C=C1C(=C)C3=CC=C(C=C3)C(=O)O)C(CCC2(C)C)(C)C,CC1C(C(CC(O1)OC2CCC3(C(C2)CCC4C3CC(C5(C4(CCC5C6=CC(=O)OC6)O)C)O)C)O)OC7CC(C(C(O7)C)OC8CC(C(C(O8)C)OC9C(C(C(C(O9)CO)O)O)O)O)O
Venetoclax,Deslanoside,Venetoclax may decrease the cardiotoxic activities of Deslanoside.,CC1(CCC(=C(C1)C2=CC=C(C=C2)Cl)CN3CCN(CC3)C4=CC(=C(C=C4)C(=O)NS(=O)(=O)C5=CC(=C(C=C5)NCC6CCOCC6)[N+](=O)[O-])OC7=CN=C8C(=C7)C=CN8)C,CC1C(C(CC(O1)OC2CCC3(C(C2)CCC4C3CC(C5(C4(CCC5C6=CC(=O)OC6)O)C)O)C)O)OC7CC(C(C(O7)C)OC8CC(C(C(O8)C)OC9C(C(C(C(O9)CO)O)O)O)O)O
Tamoxifen,Deslanoside,Tamoxifen may decrease the cardiotoxic activities of Deslanoside.,CCC(=C(C1=CC=CC=C1)C2=CC=C(C=C2)OCCN(C)C)C3=CC=CC=C3,CC1C(C(CC(O1)OC2CCC3(C(C2)CCC4C3CC(C5(C4(CCC5C6=CC(=O)OC6)O)C)O)C)O)OC7CC(C(C(O7)C)OC8CC(C(C(O8)C)OC9C(C(C(C(O9)CO)O)O)O)O)O
Cabozantinib,Deslanoside,Cabozantinib may decrease the cardiotoxic activities of Deslanoside.,COC1=CC2=C(C=CN=C2C=C1OC)OC3=CC=C(C=C3)NC(=O)C4(CC4)C(=O)NC5=CC=C(C=C5)F,CC1C(C(CC(O1)OC2CCC3(C(C2)CCC4C3CC(C5(C4(CCC5C6=CC(=O)OC6)O)C)O)C)O)OC7CC(C(C(O7)C)OC8CC(C(C(O8)C)OC9C(C(C(C(O9)CO)O)O)O)O)O
Romidepsin,Deslanoside,Romidepsin may decrease the cardiotoxic activities of Deslanoside.,CC=C1C(=O)NC(C(=O)OC2CC(=O)NC(C(=O)NC(CSSCCC=C2)C(=O)N1)C(C)C)C(C)C,CC1C(C(CC(O1)OC2CCC3(C(C2)CCC4C3CC(C5(C4(CCC5C6=CC(=O)OC6)O)C)O)C)O)OC7CC(C(C(O7)C)OC8CC(C(C(O8)C)OC9C(C(C(C(O9)CO)O)O)O)O)O
Fulvestrant,Deslanoside,Fulvestrant may decrease the cardiotoxic activities of Deslanoside.,CC12CCC3C(C1CCC2O)C(CC4=C3C=CC(=C4)O)CCCCCCCCCS(=O)CCCC(C(F)(F)F)(F)F,CC1C(C(CC(O1)OC2CCC3(C(C2)CCC4C3CC(C5(C4(CCC5C6=CC(=O)OC6)O)C)O)C)O)OC7CC(C(C(O7)C)OC8CC(C(C(O8)C)OC9C(C(C(C(O9)CO)O)O)O)O)O
Erlotinib,Deslanoside,Erlotinib may decrease the cardiotoxic activities of Deslanoside.,COCCOC1=C(C=C2C(=C1)C(=NC=N2)NC3=CC=CC(=C3)C#C)OCCOC,CC1C(C(CC(O1)OC2CCC3(C(C2)CCC4C3CC(C5(C4(CCC5C6=CC(=O)OC6)O)C)O)C)O)OC7CC(C(C(O7)C)OC8CC(C(C(O8)C)OC9C(C(C(C(O9)CO)O)O)O)O)O
Hydroxyprogesterone caproate,Deslanoside,Hydroxyprogesterone caproate may decrease the cardiotoxic activities of Deslanoside.,CCCCCC(=O)OC1(CCC2C1(CCC3C2CCC4=CC(=O)CCC34C)C)C(=O)C,CC1C(C(CC(O1)OC2CCC3(C(C2)CCC4C3CC(C5(C4(CCC5C6=CC(=O)OC6)O)C)O)C)O)OC7CC(C(C(O7)C)OC8CC(C(C(O8)C)OC9C(C(C(C(O9)CO)O)O)O)O)O
Dabrafenib,Deslanoside,Dabrafenib may decrease the cardiotoxic activities of Deslanoside.,CC(C)(C)C1=NC(=C(S1)C2=NC(=NC=C2)N)C3=C(C(=CC=C3)NS(=O)(=O)C4=C(C=CC=C4F)F)F,CC1C(C(CC(O1)OC2CCC3(C(C2)CCC4C3CC(C5(C4(CCC5C6=CC(=O)OC6)O)C)O)C)O)OC7CC(C(C(O7)C)OC8CC(C(C(O8)C)OC9C(C(C(C(O9)CO)O)O)O)O)O
Mebendazole,Deslanoside,Mebendazole may decrease the cardiotoxic activities of Deslanoside.,COC(=O)NC1=NC2=C(N1)C=C(C=C2)C(=O)C3=CC=CC=C3,CC1C(C(CC(O1)OC2CCC3(C(C2)CCC4C3CC(C5(C4(CCC5C6=CC(=O)OC6)O)C)O)C)O)OC7CC(C(C(O7)C)OC8CC(C(C(O8)C)OC9C(C(C(C(O9)CO)O)O)O)O)O
Bicalutamide,Deslanoside,Bicalutamide may decrease the cardiotoxic activities of Deslanoside.,CC(CS(=O)(=O)C1=CC=C(C=C1)F)(C(=O)NC2=CC(=C(C=C2)C#N)C(F)(F)F)O,CC1C(C(CC(O1)OC2CCC3(C(C2)CCC4C3CC(C5(C4(CCC5C6=CC(=O)OC6)O)C)O)C)O)OC7CC(C(C(O7)C)OC8CC(C(C(O8)C)OC9C(C(C(C(O9)CO)O)O)O)O)O
Ixabepilone,Deslanoside,Ixabepilone may decrease the cardiotoxic activities of Deslanoside.,CC1CCCC2(C(O2)CC(NC(=O)CC(C(C(=O)C(C1O)C)(C)C)O)C(=CC3=CSC(=N3)C)C)C,CC1C(C(CC(O1)OC2CCC3(C(C2)CCC4C3CC(C5(C4(CCC5C6=CC(=O)OC6)O)C)O)C)O)OC7CC(C(C(O7)C)OC8CC(C(C(O8)C)OC9C(C(C(C(O9)CO)O)O)O)O)O
Lomefloxacin,Deslanoside,Lomefloxacin may decrease the cardiotoxic activities of Deslanoside.,CCN1C=C(C(=O)C2=CC(=C(C(=C21)F)N3CCNC(C3)C)F)C(=O)O,CC1C(C(CC(O1)OC2CCC3(C(C2)CCC4C3CC(C5(C4(CCC5C6=CC(=O)OC6)O)C)O)C)O)OC7CC(C(C(O7)C)OC8CC(C(C(O8)C)OC9C(C(C(C(O9)CO)O)O)O)O)O
Colchicine,Deslanoside,Colchicine may decrease the cardiotoxic activities of Deslanoside.,CC(=O)NC1CCC2=CC(=C(C(=C2C3=CC=C(C(=O)C=C13)OC)OC)OC)OC,CC1C(C(CC(O1)OC2CCC3(C(C2)CCC4C3CC(C5(C4(CCC5C6=CC(=O)OC6)O)C)O)C)O)OC7CC(C(C(O7)C)OC8CC(C(C(O8)C)OC9C(C(C(C(O9)CO)O)O)O)O)O
Quinethazone,Deslanoside,The risk or severity of adverse effects can be increased when Quinethazone is combined with Deslanoside.,CCC1NC2=CC(=C(C=C2C(=O)N1)S(=O)(=O)N)Cl,CC1C(C(CC(O1)OC2CCC3(C(C2)CCC4C3CC(C5(C4(CCC5C6=CC(=O)OC6)O)C)O)C)O)OC7CC(C(C(O7)C)OC8CC(C(C(O8)C)OC9C(C(C(C(O9)CO)O)O)O)O)O
Decitabine,Deslanoside,Decitabine may decrease the cardiotoxic activities of Deslanoside.,C1C(C(OC1N2C=NC(=NC2=O)N)CO)O,CC1C(C(CC(O1)OC2CCC3(C(C2)CCC4C3CC(C5(C4(CCC5C6=CC(=O)OC6)O)C)O)C)O)OC7CC(C(C(O7)C)OC8CC(C(C(O8)C)OC9C(C(C(C(O9)CO)O)O)O)O)O
Carfilzomib,Deslanoside,Carfilzomib may decrease the cardiotoxic activities of Deslanoside.,CC(C)CC(C(=O)C1(CO1)C)NC(=O)C(CC2=CC=CC=C2)NC(=O)C(CC(C)C)NC(=O)C(CCC3=CC=CC=C3)NC(=O)CN4CCOCC4,CC1C(C(CC(O1)OC2CCC3(C(C2)CCC4C3CC(C5(C4(CCC5C6=CC(=O)OC6)O)C)O)C)O)OC7CC(C(C(O7)C)OC8CC(C(C(O8)C)OC9C(C(C(C(O9)CO)O)O)O)O)O
Dexrazoxane,Deslanoside,Dexrazoxane may decrease the cardiotoxic activities of Deslanoside.,CC(CN1CC(=O)NC(=O)C1)N2CC(=O)NC(=O)C2,CC1C(C(CC(O1)OC2CCC3(C(C2)CCC4C3CC(C5(C4(CCC5C6=CC(=O)OC6)O)C)O)C)O)OC7CC(C(C(O7)C)OC8CC(C(C(O8)C)OC9C(C(C(C(O9)CO)O)O)O)O)O
Vitamin A,Deslanoside,Vitamin A may decrease the cardiotoxic activities of Deslanoside.,CC1=C(C(CCC1)(C)C)C=CC(=CC=CC(=CCO)C)C,CC1C(C(CC(O1)OC2CCC3(C(C2)CCC4C3CC(C5(C4(CCC5C6=CC(=O)OC6)O)C)O)C)O)OC7CC(C(C(O7)C)OC8CC(C(C(O8)C)OC9C(C(C(C(O9)CO)O)O)O)O)O
Nedaplatin,Deslanoside,Nedaplatin may decrease the cardiotoxic activities of Deslanoside.,C(C(=O)[O-])[O-].N.N.[Pt+2],CC1C(C(CC(O1)OC2CCC3(C(C2)CCC4C3CC(C5(C4(CCC5C6=CC(=O)OC6)O)C)O)C)O)OC7CC(C(C(O7)C)OC8CC(C(C(O8)C)OC9C(C(C(C(O9)CO)O)O)O)O)O
Vinflunine,Deslanoside,Vinflunine may decrease the cardiotoxic activities of Deslanoside.,CCC12C=CCN3C1C4(CC3)C(C(C2OC(=O)C)(C(=O)OC)O)N(C5=CC(=C(C=C45)C6(CC7CC(CN(C7)CC8=C6NC9=CC=CC=C89)C(C)(F)F)C(=O)OC)OC)C,CC1C(C(CC(O1)OC2CCC3(C(C2)CCC4C3CC(C5(C4(CCC5C6=CC(=O)OC6)O)C)O)C)O)OC7CC(C(C(O7)C)OC8CC(C(C(O8)C)OC9C(C(C(C(O9)CO)O)O)O)O)O
Nalidixic acid,Deslanoside,Nalidixic acid may decrease the cardiotoxic activities of Deslanoside.,CCN1C=C(C(=O)C2=C1N=C(C=C2)C)C(=O)O,CC1C(C(CC(O1)OC2CCC3(C(C2)CCC4C3CC(C5(C4(CCC5C6=CC(=O)OC6)O)C)O)C)O)OC7CC(C(C(O7)C)OC8CC(C(C(O8)C)OC9C(C(C(C(O9)CO)O)O)O)O)O
Belinostat,Deslanoside,Belinostat may decrease the cardiotoxic activities of Deslanoside.,C1=CC=C(C=C1)NS(=O)(=O)C2=CC=CC(=C2)C=CC(=O)NO,CC1C(C(CC(O1)OC2CCC3(C(C2)CCC4C3CC(C5(C4(CCC5C6=CC(=O)OC6)O)C)O)C)O)OC7CC(C(C(O7)C)OC8CC(C(C(O8)C)OC9C(C(C(C(O9)CO)O)O)O)O)O
Trametinib,Deslanoside,Trametinib may decrease the cardiotoxic activities of Deslanoside.,CC1=C2C(=C(N(C1=O)C)NC3=C(C=C(C=C3)I)F)C(=O)N(C(=O)N2C4=CC=CC(=C4)NC(=O)C)C5CC5,CC1C(C(CC(O1)OC2CCC3(C(C2)CCC4C3CC(C5(C4(CCC5C6=CC(=O)OC6)O)C)O)C)O)OC7CC(C(C(O7)C)OC8CC(C(C(O8)C)OC9C(C(C(C(O9)CO)O)O)O)O)O
Anastrozole,Deslanoside,Anastrozole may decrease the cardiotoxic activities of Deslanoside.,CC(C)(C#N)C1=CC(=CC(=C1)CN2C=NC=N2)C(C)(C)C#N,CC1C(C(CC(O1)OC2CCC3(C(C2)CCC4C3CC(C5(C4(CCC5C6=CC(=O)OC6)O)C)O)C)O)OC7CC(C(C(O7)C)OC8CC(C(C(O8)C)OC9C(C(C(C(O9)CO)O)O)O)O)O
Raltitrexed,Deslanoside,Raltitrexed may decrease the cardiotoxic activities of Deslanoside.,CC1=NC2=C(C=C(C=C2)CN(C)C3=CC=C(S3)C(=O)NC(CCC(=O)O)C(=O)O)C(=O)N1,CC1C(C(CC(O1)OC2CCC3(C(C2)CCC4C3CC(C5(C4(CCC5C6=CC(=O)OC6)O)C)O)C)O)OC7CC(C(C(O7)C)OC8CC(C(C(O8)C)OC9C(C(C(C(O9)CO)O)O)O)O)O
Bosutinib,Deslanoside,Bosutinib may decrease the cardiotoxic activities of Deslanoside.,CN1CCN(CC1)CCCOC2=C(C=C3C(=C2)N=CC(=C3NC4=CC(=C(C=C4Cl)Cl)OC)C#N)OC,CC1C(C(CC(O1)OC2CCC3(C(C2)CCC4C3CC(C5(C4(CCC5C6=CC(=O)OC6)O)C)O)C)O)OC7CC(C(C(O7)C)OC8CC(C(C(O8)C)OC9C(C(C(C(O9)CO)O)O)O)O)O
Calcipotriol,Deslanoside,Calcipotriol may decrease the cardiotoxic activities of Deslanoside.,CC(C=CC(C1CC1)O)C2CCC3C2(CCCC3=CC=C4CC(CC(C4=C)O)O)C,CC1C(C(CC(O1)OC2CCC3(C(C2)CCC4C3CC(C5(C4(CCC5C6=CC(=O)OC6)O)C)O)C)O)OC7CC(C(C(O7)C)OC8CC(C(C(O8)C)OC9C(C(C(C(O9)CO)O)O)O)O)O
Cobimetinib,Deslanoside,Cobimetinib may decrease the cardiotoxic activities of Deslanoside.,C1CCNC(C1)C2(CN(C2)C(=O)C3=C(C(=C(C=C3)F)F)NC4=C(C=C(C=C4)I)F)O,CC1C(C(CC(O1)OC2CCC3(C(C2)CCC4C3CC(C5(C4(CCC5C6=CC(=O)OC6)O)C)O)C)O)OC7CC(C(C(O7)C)OC8CC(C(C(O8)C)OC9C(C(C(C(O9)CO)O)O)O)O)O
Besifloxacin,Deslanoside,Besifloxacin may decrease the cardiotoxic activities of Deslanoside.,C1CCN(CC(C1)N)C2=C(C=C3C(=C2Cl)N(C=C(C3=O)C(=O)O)C4CC4)F,CC1C(C(CC(O1)OC2CCC3(C(C2)CCC4C3CC(C5(C4(CCC5C6=CC(=O)OC6)O)C)O)C)O)OC7CC(C(C(O7)C)OC8CC(C(C(O8)C)OC9C(C(C(C(O9)CO)O)O)O)O)O
Tegafur,Deslanoside,Tegafur may decrease the cardiotoxic activities of Deslanoside.,C1CC(OC1)N2C=C(C(=O)NC2=O)F,CC1C(C(CC(O1)OC2CCC3(C(C2)CCC4C3CC(C5(C4(CCC5C6=CC(=O)OC6)O)C)O)C)O)OC7CC(C(C(O7)C)OC8CC(C(C(O8)C)OC9C(C(C(C(O9)CO)O)O)O)O)O
Alitretinoin,Deslanoside,Alitretinoin may decrease the cardiotoxic activities of Deslanoside.,CC1=C(C(CCC1)(C)C)C=CC(=CC=CC(=CC(=O)O)C)C,CC1C(C(CC(O1)OC2CCC3(C(C2)CCC4C3CC(C5(C4(CCC5C6=CC(=O)OC6)O)C)O)C)O)OC7CC(C(C(O7)C)OC8CC(C(C(O8)C)OC9C(C(C(C(O9)CO)O)O)O)O)O
Pipobroman,Deslanoside,Pipobroman may decrease the cardiotoxic activities of Deslanoside.,C1CN(CCN1C(=O)CCBr)C(=O)CCBr,CC1C(C(CC(O1)OC2CCC3(C(C2)CCC4C3CC(C5(C4(CCC5C6=CC(=O)OC6)O)C)O)C)O)OC7CC(C(C(O7)C)OC8CC(C(C(O8)C)OC9C(C(C(C(O9)CO)O)O)O)O)O
Uracil mustard,Deslanoside,Uracil mustard may decrease the cardiotoxic activities of Deslanoside.,C1=C(C(=O)NC(=O)N1)N(CCCl)CCCl,CC1C(C(CC(O1)OC2CCC3(C(C2)CCC4C3CC(C5(C4(CCC5C6=CC(=O)OC6)O)C)O)C)O)OC7CC(C(C(O7)C)OC8CC(C(C(O8)C)OC9C(C(C(C(O9)CO)O)O)O)O)O
Alectinib,Deslanoside,Alectinib may decrease the cardiotoxic activities of Deslanoside.,CCC1=CC2=C(C=C1N3CCC(CC3)N4CCOCC4)C(C5=C(C2=O)C6=C(N5)C=C(C=C6)C#N)(C)C,CC1C(C(CC(O1)OC2CCC3(C(C2)CCC4C3CC(C5(C4(CCC5C6=CC(=O)OC6)O)C)O)C)O)OC7CC(C(C(O7)C)OC8CC(C(C(O8)C)OC9C(C(C(C(O9)CO)O)O)O)O)O
Testolactone,Deslanoside,Testolactone may decrease the cardiotoxic activities of Deslanoside.,CC12CCC3C(C1CCC(=O)O2)CCC4=CC(=O)C=CC34C,CC1C(C(CC(O1)OC2CCC3(C(C2)CCC4C3CC(C5(C4(CCC5C6=CC(=O)OC6)O)C)O)C)O)OC7CC(C(C(O7)C)OC8CC(C(C(O8)C)OC9C(C(C(C(O9)CO)O)O)O)O)O
Eflornithine,Deslanoside,Eflornithine may decrease the cardiotoxic activities of Deslanoside.,C(CC(C(F)F)(C(=O)O)N)CN,CC1C(C(CC(O1)OC2CCC3(C(C2)CCC4C3CC(C5(C4(CCC5C6=CC(=O)OC6)O)C)O)C)O)OC7CC(C(C(O7)C)OC8CC(C(C(O8)C)OC9C(C(C(C(O9)CO)O)O)O)O)O
Trovafloxacin,Deslanoside,Trovafloxacin may decrease the cardiotoxic activities of Deslanoside.,C1C2C(C2N)CN1C3=C(C=C4C(=O)C(=CN(C4=N3)C5=C(C=C(C=C5)F)F)C(=O)O)F,CC1C(C(CC(O1)OC2CCC3(C(C2)CCC4C3CC(C5(C4(CCC5C6=CC(=O)OC6)O)C)O)C)O)OC7CC(C(C(O7)C)OC8CC(C(C(O8)C)OC9C(C(C(C(O9)CO)O)O)O)O)O
Nintedanib,Deslanoside,Nintedanib may decrease the cardiotoxic activities of Deslanoside.,CN1CCN(CC1)CC(=O)N(C)C2=CC=C(C=C2)N=C(C3=CC=CC=C3)C4=C(NC5=C4C=CC(=C5)C(=O)OC)O,CC1C(C(CC(O1)OC2CCC3(C(C2)CCC4C3CC(C5(C4(CCC5C6=CC(=O)OC6)O)C)O)C)O)OC7CC(C(C(O7)C)OC8CC(C(C(O8)C)OC9C(C(C(C(O9)CO)O)O)O)O)O
Methyl aminolevulinate,Deslanoside,Methyl aminolevulinate may decrease the cardiotoxic activities of Deslanoside.,COC(=O)CCC(=O)CN,CC1C(C(CC(O1)OC2CCC3(C(C2)CCC4C3CC(C5(C4(CCC5C6=CC(=O)OC6)O)C)O)C)O)OC7CC(C(C(O7)C)OC8CC(C(C(O8)C)OC9C(C(C(C(O9)CO)O)O)O)O)O
Enoxacin,Deslanoside,Enoxacin may decrease the cardiotoxic activities of Deslanoside.,CCN1C=C(C(=O)C2=CC(=C(N=C21)N3CCNCC3)F)C(=O)O,CC1C(C(CC(O1)OC2CCC3(C(C2)CCC4C3CC(C5(C4(CCC5C6=CC(=O)OC6)O)C)O)C)O)OC7CC(C(C(O7)C)OC8CC(C(C(O8)C)OC9C(C(C(C(O9)CO)O)O)O)O)O
Pefloxacin,Deslanoside,Pefloxacin may decrease the cardiotoxic activities of Deslanoside.,CCN1C=C(C(=O)C2=CC(=C(C=C21)N3CCN(CC3)C)F)C(=O)O,CC1C(C(CC(O1)OC2CCC3(C(C2)CCC4C3CC(C5(C4(CCC5C6=CC(=O)OC6)O)C)O)C)O)OC7CC(C(C(O7)C)OC8CC(C(C(O8)C)OC9C(C(C(C(O9)CO)O)O)O)O)O
Azelaic acid,Deslanoside,Azelaic acid may decrease the cardiotoxic activities of Deslanoside.,C(CCCC(=O)O)CCCC(=O)O,CC1C(C(CC(O1)OC2CCC3(C(C2)CCC4C3CC(C5(C4(CCC5C6=CC(=O)OC6)O)C)O)C)O)OC7CC(C(C(O7)C)OC8CC(C(C(O8)C)OC9C(C(C(C(O9)CO)O)O)O)O)O
Cinoxacin,Deslanoside,Cinoxacin may decrease the cardiotoxic activities of Deslanoside.,CCN1C2=CC3=C(C=C2C(=O)C(=N1)C(=O)O)OCO3,CC1C(C(CC(O1)OC2CCC3(C(C2)CCC4C3CC(C5(C4(CCC5C6=CC(=O)OC6)O)C)O)C)O)OC7CC(C(C(O7)C)OC8CC(C(C(O8)C)OC9C(C(C(C(O9)CO)O)O)O)O)O
Phenylacetic acid,Deslanoside,Phenylacetic acid may decrease the cardiotoxic activities of Deslanoside.,C1=CC=C(C=C1)CC(=O)O,CC1C(C(CC(O1)OC2CCC3(C(C2)CCC4C3CC(C5(C4(CCC5C6=CC(=O)OC6)O)C)O)C)O)OC7CC(C(C(O7)C)OC8CC(C(C(O8)C)OC9C(C(C(C(O9)CO)O)O)O)O)O
Sparfloxacin,Deslanoside,Sparfloxacin may decrease the cardiotoxic activities of Deslanoside.,CC1CN(CC(N1)C)C2=C(C(=C3C(=C2F)N(C=C(C3=O)C(=O)O)C4CC4)N)F,CC1C(C(CC(O1)OC2CCC3(C(C2)CCC4C3CC(C5(C4(CCC5C6=CC(=O)OC6)O)C)O)C)O)OC7CC(C(C(O7)C)OC8CC(C(C(O8)C)OC9C(C(C(C(O9)CO)O)O)O)O)O
Niraparib,Deslanoside,Niraparib may decrease the cardiotoxic activities of Deslanoside.,C1CC(CNC1)C2=CC=C(C=C2)N3C=C4C=CC=C(C4=N3)C(=O)N,CC1C(C(CC(O1)OC2CCC3(C(C2)CCC4C3CC(C5(C4(CCC5C6=CC(=O)OC6)O)C)O)C)O)OC7CC(C(C(O7)C)OC8CC(C(C(O8)C)OC9C(C(C(C(O9)CO)O)O)O)O)O
Vapreotide,Deslanoside,Vapreotide may decrease the cardiotoxic activities of Deslanoside.,CC(C)C1C(=O)NC(CSSCC(C(=O)NC(C(=O)NC(C(=O)NC(C(=O)N1)CCCCN)CC2=CNC3=CC=CC=C32)CC4=CC=C(C=C4)O)NC(=O)C(CC5=CC=CC=C5)N)C(=O)NC(CC6=CNC7=CC=CC=C76)C(=O)N,CC1C(C(CC(O1)OC2CCC3(C(C2)CCC4C3CC(C5(C4(CCC5C6=CC(=O)OC6)O)C)O)C)O)OC7CC(C(C(O7)C)OC8CC(C(C(O8)C)OC9C(C(C(C(O9)CO)O)O)O)O)O
Trilostane,Deslanoside,Trilostane may decrease the cardiotoxic activities of Deslanoside.,CC12CCC3C(C1CCC2O)CCC45C3(CC(=C(C4O5)O)C#N)C,CC1C(C(CC(O1)OC2CCC3(C(C2)CCC4C3CC(C5(C4(CCC5C6=CC(=O)OC6)O)C)O)C)O)OC7CC(C(C(O7)C)OC8CC(C(C(O8)C)OC9C(C(C(C(O9)CO)O)O)O)O)O
Sonidegib,Deslanoside,Sonidegib may decrease the cardiotoxic activities of Deslanoside.,CC1CN(CC(O1)C)C2=NC=C(C=C2)NC(=O)C3=CC=CC(=C3C)C4=CC=C(C=C4)OC(F)(F)F,CC1C(C(CC(O1)OC2CCC3(C(C2)CCC4C3CC(C5(C4(CCC5C6=CC(=O)OC6)O)C)O)C)O)OC7CC(C(C(O7)C)OC8CC(C(C(O8)C)OC9C(C(C(C(O9)CO)O)O)O)O)O
Cyproterone acetate,Deslanoside,Cyproterone acetate may decrease the cardiotoxic activities of Deslanoside.,CC(=O)C1(CCC2C1(CCC3C2C=C(C4=CC(=O)C5CC5C34C)Cl)C)OC(=O)C,CC1C(C(CC(O1)OC2CCC3(C(C2)CCC4C3CC(C5(C4(CCC5C6=CC(=O)OC6)O)C)O)C)O)OC7CC(C(C(O7)C)OC8CC(C(C(O8)C)OC9C(C(C(C(O9)CO)O)O)O)O)O
Suramin,Deslanoside,Suramin may decrease the cardiotoxic activities of Deslanoside.,CC1=C(C=C(C=C1)C(=O)NC2=C3C(=CC(=CC3=C(C=C2)S(=O)(=O)O)S(=O)(=O)O)S(=O)(=O)O)NC(=O)C4=CC(=CC=C4)NC(=O)NC5=CC=CC(=C5)C(=O)NC6=C(C=CC(=C6)C(=O)NC7=C8C(=CC(=CC8=C(C=C7)S(=O)(=O)O)S(=O)(=O)O)S(=O)(=O)O)C,CC1C(C(CC(O1)OC2CCC3(C(C2)CCC4C3CC(C5(C4(CCC5C6=CC(=O)OC6)O)C)O)C)O)OC7CC(C(C(O7)C)OC8CC(C(C(O8)C)OC9C(C(C(C(O9)CO)O)O)O)O)O
Iobenguane,Deslanoside,Iobenguane may decrease the cardiotoxic activities of Deslanoside.,C1=CC(=CC(=C1)I)CN=C(N)N,CC1C(C(CC(O1)OC2CCC3(C(C2)CCC4C3CC(C5(C4(CCC5C6=CC(=O)OC6)O)C)O)C)O)OC7CC(C(C(O7)C)OC8CC(C(C(O8)C)OC9C(C(C(C(O9)CO)O)O)O)O)O
Omacetaxine mepesuccinate,Deslanoside,Omacetaxine mepesuccinate may decrease the cardiotoxic activities of Deslanoside.,CC(C)(CCCC(CC(=O)OC)(C(=O)OC1C2C3=CC4=C(C=C3CCN5C2(CCC5)C=C1OC)OCO4)O)O,CC1C(C(CC(O1)OC2CCC3(C(C2)CCC4C3CC(C5(C4(CCC5C6=CC(=O)OC6)O)C)O)C)O)OC7CC(C(C(O7)C)OC8CC(C(C(O8)C)OC9C(C(C(C(O9)CO)O)O)O)O)O
Aminoglutethimide,Deslanoside,Aminoglutethimide may decrease the cardiotoxic activities of Deslanoside.,CCC1(CCC(=O)NC1=O)C2=CC=C(C=C2)N,CC1C(C(CC(O1)OC2CCC3(C(C2)CCC4C3CC(C5(C4(CCC5C6=CC(=O)OC6)O)C)O)C)O)OC7CC(C(C(O7)C)OC8CC(C(C(O8)C)OC9C(C(C(C(O9)CO)O)O)O)O)O
Gatifloxacin,Deslanoside,Gatifloxacin may decrease the cardiotoxic activities of Deslanoside.,CC1CN(CCN1)C2=C(C=C3C(=C2OC)N(C=C(C3=O)C(=O)O)C4CC4)F,CC1C(C(CC(O1)OC2CCC3(C(C2)CCC4C3CC(C5(C4(CCC5C6=CC(=O)OC6)O)C)O)C)O)OC7CC(C(C(O7)C)OC8CC(C(C(O8)C)OC9C(C(C(C(O9)CO)O)O)O)O)O
Mequinol,Deslanoside,Mequinol may decrease the cardiotoxic activities of Deslanoside.,COC1=CC=C(C=C1)O,CC1C(C(CC(O1)OC2CCC3(C(C2)CCC4C3CC(C5(C4(CCC5C6=CC(=O)OC6)O)C)O)C)O)OC7CC(C(C(O7)C)OC8CC(C(C(O8)C)OC9C(C(C(C(O9)CO)O)O)O)O)O
Podophyllin,Deslanoside,Podophyllin may decrease the cardiotoxic activities of Deslanoside.,COC1=CC(=CC(=C1OC)OC)C2C3C(COC3=O)C(C4=CC5=C(C=C24)OCO5)O.COC1=CC(=CC(=C1OC)OC)C2C3C(COC3=O)C(C4=CC5=C(C=C24)OCO5)O.COC1=CC(=CC(=C1OC)OC)C2C(C(C(C3=CC4=C(C=C23)OCO4)O)CO)C(=O)O.COC1=CC(=CC(=C1OC)OC)C2C(C(C(C3=CC4=C(C=C23)OCO4)O)CO)C(=O)O,CC1C(C(CC(O1)OC2CCC3(C(C2)CCC4C3CC(C5(C4(CCC5C6=CC(=O)OC6)O)C)O)C)O)OC7CC(C(C(O7)C)OC8CC(C(C(O8)C)OC9C(C(C(C(O9)CO)O)O)O)O)O
Megestrol acetate,Deslanoside,Megestrol acetate may decrease the cardiotoxic activities of Deslanoside.,CC1=CC2C(CCC3(C2CCC3(C(=O)C)OC(=O)C)C)C4(C1=CC(=O)CC4)C,CC1C(C(CC(O1)OC2CCC3(C(C2)CCC4C3CC(C5(C4(CCC5C6=CC(=O)OC6)O)C)O)C)O)OC7CC(C(C(O7)C)OC8CC(C(C(O8)C)OC9C(C(C(C(O9)CO)O)O)O)O)O
Fleroxacin,Deslanoside,Fleroxacin may decrease the cardiotoxic activities of Deslanoside.,CN1CCN(CC1)C2=C(C=C3C(=C2F)N(C=C(C3=O)C(=O)O)CCF)F,CC1C(C(CC(O1)OC2CCC3(C(C2)CCC4C3CC(C5(C4(CCC5C6=CC(=O)OC6)O)C)O)C)O)OC7CC(C(C(O7)C)OC8CC(C(C(O8)C)OC9C(C(C(C(O9)CO)O)O)O)O)O
Phenylbutyric acid,Deslanoside,Phenylbutyric acid may decrease the cardiotoxic activities of Deslanoside.,C1=CC=C(C=C1)CCCC(=O)O,CC1C(C(CC(O1)OC2CCC3(C(C2)CCC4C3CC(C5(C4(CCC5C6=CC(=O)OC6)O)C)O)C)O)OC7CC(C(C(O7)C)OC8CC(C(C(O8)C)OC9C(C(C(C(O9)CO)O)O)O)O)O
Pixantrone,Deslanoside,Pixantrone may decrease the cardiotoxic activities of Deslanoside.,C1=CC(=C2C(=C1NCCN)C(=O)C3=C(C2=O)C=NC=C3)NCCN,CC1C(C(CC(O1)OC2CCC3(C(C2)CCC4C3CC(C5(C4(CCC5C6=CC(=O)OC6)O)C)O)C)O)OC7CC(C(C(O7)C)OC8CC(C(C(O8)C)OC9C(C(C(C(O9)CO)O)O)O)O)O
Trifluridine,Deslanoside,Trifluridine may decrease the cardiotoxic activities of Deslanoside.,C1C(C(OC1N2C=C(C(=O)NC2=O)C(F)(F)F)CO)O,CC1C(C(CC(O1)OC2CCC3(C(C2)CCC4C3CC(C5(C4(CCC5C6=CC(=O)OC6)O)C)O)C)O)OC7CC(C(C(O7)C)OC8CC(C(C(O8)C)OC9C(C(C(C(O9)CO)O)O)O)O)O
Medrogestone,Deslanoside,Medrogestone may decrease the cardiotoxic activities of Deslanoside.,CC1=CC2C(CCC3(C2CCC3(C)C(=O)C)C)C4(C1=CC(=O)CC4)C,CC1C(C(CC(O1)OC2CCC3(C(C2)CCC4C3CC(C5(C4(CCC5C6=CC(=O)OC6)O)C)O)C)O)OC7CC(C(C(O7)C)OC8CC(C(C(O8)C)OC9C(C(C(C(O9)CO)O)O)O)O)O
Lycopene,Deslanoside,Lycopene may decrease the cardiotoxic activities of Deslanoside.,CC(=CCCC(=CC=CC(=CC=CC(=CC=CC=C(C)C=CC=C(C)C=CC=C(C)CCC=C(C)C)C)C)C)C,CC1C(C(CC(O1)OC2CCC3(C(C2)CCC4C3CC(C5(C4(CCC5C6=CC(=O)OC6)O)C)O)C)O)OC7CC(C(C(O7)C)OC8CC(C(C(O8)C)OC9C(C(C(C(O9)CO)O)O)O)O)O
Spironolactone,Deslanoside,The therapeutic efficacy of Deslanoside can be decreased when used in combination with Spironolactone.,CC(=O)SC1CC2=CC(=O)CCC2(C3C1C4CCC5(C4(CC3)C)CCC(=O)O5)C,CC1C(C(CC(O1)OC2CCC3(C(C2)CCC4C3CC(C5(C4(CCC5C6=CC(=O)OC6)O)C)O)C)O)OC7CC(C(C(O7)C)OC8CC(C(C(O8)C)OC9C(C(C(C(O9)CO)O)O)O)O)O
Labetalol,Deslanoside,Labetalol may increase the bradycardic activities of Deslanoside.,CC(CCC1=CC=CC=C1)NCC(C2=CC(=C(C=C2)O)C(=O)N)O,CC1C(C(CC(O1)OC2CCC3(C(C2)CCC4C3CC(C5(C4(CCC5C6=CC(=O)OC6)O)C)O)C)O)OC7CC(C(C(O7)C)OC8CC(C(C(O8)C)OC9C(C(C(C(O9)CO)O)O)O)O)O
Carvedilol,Deslanoside,Carvedilol may increase the bradycardic activities of Deslanoside.,COC1=CC=CC=C1OCCNCC(COC2=CC=CC3=C2C4=CC=CC=C4N3)O,CC1C(C(CC(O1)OC2CCC3(C(C2)CCC4C3CC(C5(C4(CCC5C6=CC(=O)OC6)O)C)O)C)O)OC7CC(C(C(O7)C)OC8CC(C(C(O8)C)OC9C(C(C(C(O9)CO)O)O)O)O)O
Mesalazine,Deslanoside,The serum concentration of Deslanoside can be decreased when it is combined with Mesalazine.,C1=CC(=C(C=C1N)C(=O)O)O,CC1C(C(CC(O1)OC2CCC3(C(C2)CCC4C3CC(C5(C4(CCC5C6=CC(=O)OC6)O)C)O)C)O)OC7CC(C(C(O7)C)OC8CC(C(C(O8)C)OC9C(C(C(C(O9)CO)O)O)O)O)O
Balsalazide,Deslanoside,The serum concentration of Deslanoside can be decreased when it is combined with Balsalazide.,C1=CC(=CC=C1C(=O)NCCC(=O)O)N=NC2=CC(=C(C=C2)O)C(=O)O,CC1C(C(CC(O1)OC2CCC3(C(C2)CCC4C3CC(C5(C4(CCC5C6=CC(=O)OC6)O)C)O)C)O)OC7CC(C(C(O7)C)OC8CC(C(C(O8)C)OC9C(C(C(C(O9)CO)O)O)O)O)O
Olsalazine,Deslanoside,The serum concentration of Deslanoside can be decreased when it is combined with Olsalazine.,C1=CC(=C(C=C1N=NC2=CC(=C(C=C2)O)C(=O)O)C(=O)O)O,CC1C(C(CC(O1)OC2CCC3(C(C2)CCC4C3CC(C5(C4(CCC5C6=CC(=O)OC6)O)C)O)C)O)OC7CC(C(C(O7)C)OC8CC(C(C(O8)C)OC9C(C(C(C(O9)CO)O)O)O)O)O
Resveratrol,Deslanoside,Resveratrol may decrease the cardiotoxic activities of Deslanoside.,C1=CC(=CC=C1C=CC2=CC(=CC(=C2)O)O)O,CC1C(C(CC(O1)OC2CCC3(C(C2)CCC4C3CC(C5(C4(CCC5C6=CC(=O)OC6)O)C)O)C)O)OC7CC(C(C(O7)C)OC8CC(C(C(O8)C)OC9C(C(C(C(O9)CO)O)O)O)O)O
Bisoprolol,Deslanoside,Bisoprolol may increase the bradycardic activities of Deslanoside.,CC(C)NCC(COC1=CC=C(C=C1)COCCOC(C)C)O,CC1C(C(CC(O1)OC2CCC3(C(C2)CCC4C3CC(C5(C4(CCC5C6=CC(=O)OC6)O)C)O)C)O)OC7CC(C(C(O7)C)OC8CC(C(C(O8)C)OC9C(C(C(C(O9)CO)O)O)O)O)O
Penbutolol,Deslanoside,Penbutolol may increase the bradycardic activities of Deslanoside.,CC(C)(C)NCC(COC1=CC=CC=C1C2CCCC2)O,CC1C(C(CC(O1)OC2CCC3(C(C2)CCC4C3CC(C5(C4(CCC5C6=CC(=O)OC6)O)C)O)C)O)OC7CC(C(C(O7)C)OC8CC(C(C(O8)C)OC9C(C(C(C(O9)CO)O)O)O)O)O
Nebivolol,Deslanoside,Nebivolol may increase the bradycardic activities of Deslanoside.,C1CC2=C(C=CC(=C2)F)OC1C(CNCC(C3CCC4=C(O3)C=CC(=C4)F)O)O,CC1C(C(CC(O1)OC2CCC3(C(C2)CCC4C3CC(C5(C4(CCC5C6=CC(=O)OC6)O)C)O)C)O)OC7CC(C(C(O7)C)OC8CC(C(C(O8)C)OC9C(C(C(C(O9)CO)O)O)O)O)O
Acebutolol,Deslanoside,Acebutolol may increase the bradycardic activities of Deslanoside.,CCCC(=O)NC1=CC(=C(C=C1)OCC(CNC(C)C)O)C(=O)C,CC1C(C(CC(O1)OC2CCC3(C(C2)CCC4C3CC(C5(C4(CCC5C6=CC(=O)OC6)O)C)O)C)O)OC7CC(C(C(O7)C)OC8CC(C(C(O8)C)OC9C(C(C(C(O9)CO)O)O)O)O)O
Carteolol,Deslanoside,Carteolol may increase the bradycardic activities of Deslanoside.,CC(C)(C)NCC(COC1=CC=CC2=C1CCC(=O)N2)O,CC1C(C(CC(O1)OC2CCC3(C(C2)CCC4C3CC(C5(C4(CCC5C6=CC(=O)OC6)O)C)O)C)O)OC7CC(C(C(O7)C)OC8CC(C(C(O8)C)OC9C(C(C(C(O9)CO)O)O)O)O)O
Vandetanib,Deslanoside,Vandetanib may decrease the cardiotoxic activities of Deslanoside.,CN1CCC(CC1)COC2=C(C=C3C(=C2)N=CN=C3NC4=C(C=C(C=C4)Br)F)OC,CC1C(C(CC(O1)OC2CCC3(C(C2)CCC4C3CC(C5(C4(CCC5C6=CC(=O)OC6)O)C)O)C)O)OC7CC(C(C(O7)C)OC8CC(C(C(O8)C)OC9C(C(C(C(O9)CO)O)O)O)O)O
Sotalol,Deslanoside,Sotalol may increase the bradycardic activities of Deslanoside.,CC(C)NCC(C1=CC=C(C=C1)NS(=O)(=O)C)O,CC1C(C(CC(O1)OC2CCC3(C(C2)CCC4C3CC(C5(C4(CCC5C6=CC(=O)OC6)O)C)O)C)O)OC7CC(C(C(O7)C)OC8CC(C(C(O8)C)OC9C(C(C(C(O9)CO)O)O)O)O)O
Levobunolol,Deslanoside,Levobunolol may increase the bradycardic activities of Deslanoside.,CC(C)(C)NCC(COC1=CC=CC2=C1CCCC2=O)O,CC1C(C(CC(O1)OC2CCC3(C(C2)CCC4C3CC(C5(C4(CCC5C6=CC(=O)OC6)O)C)O)C)O)OC7CC(C(C(O7)C)OC8CC(C(C(O8)C)OC9C(C(C(C(O9)CO)O)O)O)O)O
Pindolol,Deslanoside,Pindolol may increase the bradycardic activities of Deslanoside.,CC(C)NCC(COC1=CC=CC2=C1C=CN2)O,CC1C(C(CC(O1)OC2CCC3(C(C2)CCC4C3CC(C5(C4(CCC5C6=CC(=O)OC6)O)C)O)C)O)OC7CC(C(C(O7)C)OC8CC(C(C(O8)C)OC9C(C(C(C(O9)CO)O)O)O)O)O
Metipranolol,Deslanoside,Metipranolol may increase the bradycardic activities of Deslanoside.,CC1=CC(=C(C(=C1OC(=O)C)C)C)OCC(CNC(C)C)O,CC1C(C(CC(O1)OC2CCC3(C(C2)CCC4C3CC(C5(C4(CCC5C6=CC(=O)OC6)O)C)O)C)O)OC7CC(C(C(O7)C)OC8CC(C(C(O8)C)OC9C(C(C(C(O9)CO)O)O)O)O)O
Nadolol,Deslanoside,Nadolol may increase the bradycardic activities of Deslanoside.,CC(C)(C)NCC(COC1=CC=CC2=C1CC(C(C2)O)O)O,CC1C(C(CC(O1)OC2CCC3(C(C2)CCC4C3CC(C5(C4(CCC5C6=CC(=O)OC6)O)C)O)C)O)OC7CC(C(C(O7)C)OC8CC(C(C(O8)C)OC9C(C(C(C(O9)CO)O)O)O)O)O
Propranolol,Deslanoside,Propranolol may increase the bradycardic activities of Deslanoside.,CC(C)NCC(COC1=CC=CC2=CC=CC=C21)O,CC1C(C(CC(O1)OC2CCC3(C(C2)CCC4C3CC(C5(C4(CCC5C6=CC(=O)OC6)O)C)O)C)O)OC7CC(C(C(O7)C)OC8CC(C(C(O8)C)OC9C(C(C(C(O9)CO)O)O)O)O)O
Masoprocol,Deslanoside,Masoprocol may decrease the cardiotoxic activities of Deslanoside.,CC(CC1=CC(=C(C=C1)O)O)C(C)CC2=CC(=C(C=C2)O)O,CC1C(C(CC(O1)OC2CCC3(C(C2)CCC4C3CC(C5(C4(CCC5C6=CC(=O)OC6)O)C)O)C)O)OC7CC(C(C(O7)C)OC8CC(C(C(O8)C)OC9C(C(C(C(O9)CO)O)O)O)O)O
Sulindac,Deslanoside,Sulindac may decrease the cardiotoxic activities of Deslanoside.,CC1=C(C2=C(C1=CC3=CC=C(C=C3)S(=O)C)C=CC(=C2)F)CC(=O)O,CC1C(C(CC(O1)OC2CCC3(C(C2)CCC4C3CC(C5(C4(CCC5C6=CC(=O)OC6)O)C)O)C)O)OC7CC(C(C(O7)C)OC8CC(C(C(O8)C)OC9C(C(C(C(O9)CO)O)O)O)O)O
Pirfenidone,Deslanoside,Pirfenidone may decrease the cardiotoxic activities of Deslanoside.,CC1=CN(C(=O)C=C1)C2=CC=CC=C2,CC1C(C(CC(O1)OC2CCC3(C(C2)CCC4C3CC(C5(C4(CCC5C6=CC(=O)OC6)O)C)O)C)O)OC7CC(C(C(O7)C)OC8CC(C(C(O8)C)OC9C(C(C(C(O9)CO)O)O)O)O)O
Mycophenolate mofetil,Deslanoside,Mycophenolate mofetil may decrease the cardiotoxic activities of Deslanoside.,CC1=C2COC(=O)C2=C(C(=C1OC)CC=C(C)CCC(=O)OCCN3CCOCC3)O,CC1C(C(CC(O1)OC2CCC3(C(C2)CCC4C3CC(C5(C4(CCC5C6=CC(=O)OC6)O)C)O)C)O)OC7CC(C(C(O7)C)OC8CC(C(C(O8)C)OC9C(C(C(C(O9)CO)O)O)O)O)O
Leflunomide,Deslanoside,Leflunomide may decrease the cardiotoxic activities of Deslanoside.,CC1=C(C=NO1)C(=O)NC2=CC=C(C=C2)C(F)(F)F,CC1C(C(CC(O1)OC2CCC3(C(C2)CCC4C3CC(C5(C4(CCC5C6=CC(=O)OC6)O)C)O)C)O)OC7CC(C(C(O7)C)OC8CC(C(C(O8)C)OC9C(C(C(C(O9)CO)O)O)O)O)O
Mycophenolic acid,Deslanoside,Mycophenolic acid may decrease the cardiotoxic activities of Deslanoside.,CC1=C2COC(=O)C2=C(C(=C1OC)CC=C(C)CCC(=O)O)O,CC1C(C(CC(O1)OC2CCC3(C(C2)CCC4C3CC(C5(C4(CCC5C6=CC(=O)OC6)O)C)O)C)O)OC7CC(C(C(O7)C)OC8CC(C(C(O8)C)OC9C(C(C(C(O9)CO)O)O)O)O)O
Lenalidomide,Deslanoside,Lenalidomide may decrease the cardiotoxic activities of Deslanoside.,C1CC(=O)NC(=O)C1N2CC3=C(C2=O)C=CC=C3N,CC1C(C(CC(O1)OC2CCC3(C(C2)CCC4C3CC(C5(C4(CCC5C6=CC(=O)OC6)O)C)O)C)O)OC7CC(C(C(O7)C)OC8CC(C(C(O8)C)OC9C(C(C(C(O9)CO)O)O)O)O)O
Ixazomib,Deslanoside,Ixazomib may decrease the cardiotoxic activities of Deslanoside.,B(C(CC(C)C)NC(=O)CNC(=O)C1=C(C=CC(=C1)Cl)Cl)(O)O,CC1C(C(CC(O1)OC2CCC3(C(C2)CCC4C3CC(C5(C4(CCC5C6=CC(=O)OC6)O)C)O)C)O)OC7CC(C(C(O7)C)OC8CC(C(C(O8)C)OC9C(C(C(C(O9)CO)O)O)O)O)O
Ecabet,Deslanoside,Ecabet may decrease the cardiotoxic activities of Deslanoside.,CC(C)C1=C(C=C2C(=C1)CCC3C2(CCCC3(C)C(=O)O)C)S(=O)(=O)O,CC1C(C(CC(O1)OC2CCC3(C(C2)CCC4C3CC(C5(C4(CCC5C6=CC(=O)OC6)O)C)O)C)O)OC7CC(C(C(O7)C)OC8CC(C(C(O8)C)OC9C(C(C(C(O9)CO)O)O)O)O)O
Afatinib,Deslanoside,Afatinib may decrease the cardiotoxic activities of Deslanoside.,CN(C)CC=CC(=O)NC1=C(C=C2C(=C1)C(=NC=N2)NC3=CC(=C(C=C3)F)Cl)OC4CCOC4,CC1C(C(CC(O1)OC2CCC3(C(C2)CCC4C3CC(C5(C4(CCC5C6=CC(=O)OC6)O)C)O)C)O)OC7CC(C(C(O7)C)OC8CC(C(C(O8)C)OC9C(C(C(C(O9)CO)O)O)O)O)O
Diltiazem,Deslanoside,Diltiazem may increase the atrioventricular blocking (AV block) activities of Deslanoside.,CC(=O)OC1C(SC2=CC=CC=C2N(C1=O)CCN(C)C)C3=CC=C(C=C3)OC,CC1C(C(CC(O1)OC2CCC3(C(C2)CCC4C3CC(C5(C4(CCC5C6=CC(=O)OC6)O)C)O)C)O)OC7CC(C(C(O7)C)OC8CC(C(C(O8)C)OC9C(C(C(C(O9)CO)O)O)O)O)O
Idelalisib,Deslanoside,Idelalisib may decrease the cardiotoxic activities of Deslanoside.,CCC(C1=NC2=C(C(=CC=C2)F)C(=O)N1C3=CC=CC=C3)NC4=NC=NC5=C4NC=N5,CC1C(C(CC(O1)OC2CCC3(C(C2)CCC4C3CC(C5(C4(CCC5C6=CC(=O)OC6)O)C)O)C)O)OC7CC(C(C(O7)C)OC8CC(C(C(O8)C)OC9C(C(C(C(O9)CO)O)O)O)O)O
Verapamil,Deslanoside,Verapamil may increase the atrioventricular blocking (AV block) activities of Deslanoside.,CC(C)C(CCCN(C)CCC1=CC(=C(C=C1)OC)OC)(C#N)C2=CC(=C(C=C2)OC)OC,CC1C(C(CC(O1)OC2CCC3(C(C2)CCC4C3CC(C5(C4(CCC5C6=CC(=O)OC6)O)C)O)C)O)OC7CC(C(C(O7)C)OC8CC(C(C(O8)C)OC9C(C(C(C(O9)CO)O)O)O)O)O
Vemurafenib,Deslanoside,Vemurafenib may decrease the cardiotoxic activities of Deslanoside.,CCCS(=O)(=O)NC1=C(C(=C(C=C1)F)C(=O)C2=CNC3=C2C=C(C=N3)C4=CC=C(C=C4)Cl)F,CC1C(C(CC(O1)OC2CCC3(C(C2)CCC4C3CC(C5(C4(CCC5C6=CC(=O)OC6)O)C)O)C)O)OC7CC(C(C(O7)C)OC8CC(C(C(O8)C)OC9C(C(C(C(O9)CO)O)O)O)O)O
Ceritinib,Deslanoside,Ceritinib may decrease the cardiotoxic activities of Deslanoside.,CC1=CC(=C(C=C1C2CCNCC2)OC(C)C)NC3=NC=C(C(=N3)NC4=CC=CC=C4S(=O)(=O)C(C)C)Cl,CC1C(C(CC(O1)OC2CCC3(C(C2)CCC4C3CC(C5(C4(CCC5C6=CC(=O)OC6)O)C)O)C)O)OC7CC(C(C(O7)C)OC8CC(C(C(O8)C)OC9C(C(C(C(O9)CO)O)O)O)O)O
Dasatinib,Deslanoside,Dasatinib may decrease the cardiotoxic activities of Deslanoside.,CC1=C(C(=CC=C1)Cl)NC(=O)C2=CN=C(S2)NC3=CC(=NC(=N3)C)N4CCN(CC4)CCO,CC1C(C(CC(O1)OC2CCC3(C(C2)CCC4C3CC(C5(C4(CCC5C6=CC(=O)OC6)O)C)O)C)O)OC7CC(C(C(O7)C)OC8CC(C(C(O8)C)OC9C(C(C(C(O9)CO)O)O)O)O)O
Palbociclib,Deslanoside,Palbociclib may decrease the cardiotoxic activities of Deslanoside.,CC1=C(C(=O)N(C2=NC(=NC=C12)NC3=NC=C(C=C3)N4CCNCC4)C5CCCC5)C(=O)C,CC1C(C(CC(O1)OC2CCC3(C(C2)CCC4C3CC(C5(C4(CCC5C6=CC(=O)OC6)O)C)O)C)O)OC7CC(C(C(O7)C)OC8CC(C(C(O8)C)OC9C(C(C(C(O9)CO)O)O)O)O)O
Osimertinib,Deslanoside,Osimertinib may decrease the cardiotoxic activities of Deslanoside.,CN1C=C(C2=CC=CC=C21)C3=NC(=NC=C3)NC4=C(C=C(C(=C4)NC(=O)C=C)N(C)CCN(C)C)OC,CC1C(C(CC(O1)OC2CCC3(C(C2)CCC4C3CC(C5(C4(CCC5C6=CC(=O)OC6)O)C)O)C)O)OC7CC(C(C(O7)C)OC8CC(C(C(O8)C)OC9C(C(C(C(O9)CO)O)O)O)O)O
Aminolevulinic acid,Acetyldigitoxin,Aminolevulinic acid may decrease the cardiotoxic activities of Acetyldigitoxin.,C(CC(=O)O)C(=O)CN,CC1C(C(CC(O1)OC2C(OC(CC2O)OC3C(OC(CC3O)OC4CCC5(C(C4)CCC6C5CCC7(C6(CCC7C8=CC(=O)OC8)O)C)C)C)C)OC(=O)C)O
Temoporfin,Acetyldigitoxin,Temoporfin may decrease the cardiotoxic activities of Acetyldigitoxin.,C1CC2=NC1=C(C3=CC=C(N3)C(=C4C=CC(=N4)C(=C5C=CC(=C2C6=CC(=CC=C6)O)N5)C7=CC(=CC=C7)O)C8=CC(=CC=C8)O)C9=CC(=CC=C9)O,CC1C(C(CC(O1)OC2C(OC(CC2O)OC3C(OC(CC3O)OC4CCC5(C(C4)CCC6C5CCC7(C6(CCC7C8=CC(=O)OC8)O)C)C)C)C)OC(=O)C)O
Cyclophosphamide,Acetyldigitoxin,Cyclophosphamide may decrease the cardiotoxic activities of Acetyldigitoxin.,C1CNP(=O)(OC1)N(CCCl)CCCl,CC1C(C(CC(O1)OC2C(OC(CC2O)OC3C(OC(CC3O)OC4CCC5(C(C4)CCC6C5CCC7(C6(CCC7C8=CC(=O)OC8)O)C)C)C)C)OC(=O)C)O
Paclitaxel,Acetyldigitoxin,Paclitaxel may decrease the cardiotoxic activities of Acetyldigitoxin.,CC1=C2C(C(=O)C3(C(CC4C(C3C(C(C2(C)C)(CC1OC(=O)C(C(C5=CC=CC=C5)NC(=O)C6=CC=CC=C6)O)O)OC(=O)C7=CC=CC=C7)(CO4)OC(=O)C)O)C)OC(=O)C,CC1C(C(CC(O1)OC2C(OC(CC2O)OC3C(OC(CC3O)OC4CCC5(C(C4)CCC6C5CCC7(C6(CCC7C8=CC(=O)OC8)O)C)C)C)C)OC(=O)C)O
Docetaxel,Acetyldigitoxin,Docetaxel may decrease the cardiotoxic activities of Acetyldigitoxin.,CC1=C2C(C(=O)C3(C(CC4C(C3C(C(C2(C)C)(CC1OC(=O)C(C(C5=CC=CC=C5)NC(=O)OC(C)(C)C)O)O)OC(=O)C6=CC=CC=C6)(CO4)OC(=O)C)O)C)O,CC1C(C(CC(O1)OC2C(OC(CC2O)OC3C(OC(CC3O)OC4CCC5(C(C4)CCC6C5CCC7(C6(CCC7C8=CC(=O)OC8)O)C)C)C)C)OC(=O)C)O
Cabazitaxel,Acetyldigitoxin,Cabazitaxel may decrease the cardiotoxic activities of Acetyldigitoxin.,CC1=C2C(C(=O)C3(C(CC4C(C3C(C(C2(C)C)(CC1OC(=O)C(C(C5=CC=CC=C5)NC(=O)OC(C)(C)C)O)O)OC(=O)C6=CC=CC=C6)(CO4)OC(=O)C)OC)C)OC,CC1C(C(CC(O1)OC2C(OC(CC2O)OC3C(OC(CC3O)OC4CCC5(C(C4)CCC6C5CCC7(C6(CCC7C8=CC(=O)OC8)O)C)C)C)C)OC(=O)C)O
Sulpiride,Acetyldigitoxin,The risk or severity of adverse effects can be increased when Sulpiride is combined with Acetyldigitoxin.,CCN1CCCC1CNC(=O)C2=C(C=CC(=C2)S(=O)(=O)N)OC,CC1C(C(CC(O1)OC2C(OC(CC2O)OC3C(OC(CC3O)OC4CCC5(C(C4)CCC6C5CCC7(C6(CCC7C8=CC(=O)OC8)O)C)C)C)C)OC(=O)C)O
Anagrelide,Acetyldigitoxin,Anagrelide may decrease the cardiotoxic activities of Acetyldigitoxin.,C1C2=C(C=CC(=C2Cl)Cl)N=C3N1CC(=O)N3,CC1C(C(CC(O1)OC2C(OC(CC2O)OC3C(OC(CC3O)OC4CCC5(C(C4)CCC6C5CCC7(C6(CCC7C8=CC(=O)OC8)O)C)C)C)C)OC(=O)C)O
Carboplatin,Acetyldigitoxin,Carboplatin may decrease the cardiotoxic activities of Acetyldigitoxin.,C1CC(C1)(C(=O)[O-])C(=O)[O-].N.N.[Pt+2],CC1C(C(CC(O1)OC2C(OC(CC2O)OC3C(OC(CC3O)OC4CCC5(C(C4)CCC6C5CCC7(C6(CCC7C8=CC(=O)OC8)O)C)C)C)C)OC(=O)C)O
Etacrynic acid,Acetyldigitoxin,The risk or severity of adverse effects can be increased when Etacrynic acid is combined with Acetyldigitoxin.,CCC(=C)C(=O)C1=C(C(=C(C=C1)OCC(=O)O)Cl)Cl,CC1C(C(CC(O1)OC2C(OC(CC2O)OC3C(OC(CC3O)OC4CCC5(C(C4)CCC6C5CCC7(C6(CCC7C8=CC(=O)OC8)O)C)C)C)C)OC(=O)C)O
Pirlindole,Acetyldigitoxin,Pirlindole may decrease the cardiotoxic activities of Acetyldigitoxin.,CC1=CC2=C(C=C1)N3CCNC4C3=C2CCC4,CC1C(C(CC(O1)OC2C(OC(CC2O)OC3C(OC(CC3O)OC4CCC5(C(C4)CCC6C5CCC7(C6(CCC7C8=CC(=O)OC8)O)C)C)C)C)OC(=O)C)O
Procarbazine,Acetyldigitoxin,Procarbazine may decrease the cardiotoxic activities of Acetyldigitoxin.,CC(C)NC(=O)C1=CC=C(C=C1)CNNC,CC1C(C(CC(O1)OC2C(OC(CC2O)OC3C(OC(CC3O)OC4CCC5(C(C4)CCC6C5CCC7(C6(CCC7C8=CC(=O)OC8)O)C)C)C)C)OC(=O)C)O
Sunitinib,Acetyldigitoxin,Sunitinib may decrease the cardiotoxic activities of Acetyldigitoxin.,CCN(CC)CCNC(=O)C1=C(NC(=C1C)C=C2C3=C(C=CC(=C3)F)NC2=O)C,CC1C(C(CC(O1)OC2C(OC(CC2O)OC3C(OC(CC3O)OC4CCC5(C(C4)CCC6C5CCC7(C6(CCC7C8=CC(=O)OC8)O)C)C)C)C)OC(=O)C)O
Lanreotide,Acetyldigitoxin,Lanreotide may decrease the cardiotoxic activities of Acetyldigitoxin.,CC(C)C1C(=O)NC(CSSCC(C(=O)NC(C(=O)NC(C(=O)NC(C(=O)N1)CCCCN)CC2=CNC3=CC=CC=C32)CC4=CC=C(C=C4)O)NC(=O)C(CC5=CC6=CC=CC=C6C=C5)N)C(=O)NC(C(C)O)C(=O)N,CC1C(C(CC(O1)OC2C(OC(CC2O)OC3C(OC(CC3O)OC4CCC5(C(C4)CCC6C5CCC7(C6(CCC7C8=CC(=O)OC8)O)C)C)C)C)OC(=O)C)O
Imatinib,Acetyldigitoxin,Imatinib may decrease the cardiotoxic activities of Acetyldigitoxin.,CC1=C(C=C(C=C1)NC(=O)C2=CC=C(C=C2)CN3CCN(CC3)C)NC4=NC=CC(=N4)C5=CN=CC=C5,CC1C(C(CC(O1)OC2C(OC(CC2O)OC3C(OC(CC3O)OC4CCC5(C(C4)CCC6C5CCC7(C6(CCC7C8=CC(=O)OC8)O)C)C)C)C)OC(=O)C)O
Crizotinib,Acetyldigitoxin,Crizotinib may decrease the cardiotoxic activities of Acetyldigitoxin.,CC(C1=C(C=CC(=C1Cl)F)Cl)OC2=C(N=CC(=C2)C3=CN(N=C3)C4CCNCC4)N,CC1C(C(CC(O1)OC2C(OC(CC2O)OC3C(OC(CC3O)OC4CCC5(C(C4)CCC6C5CCC7(C6(CCC7C8=CC(=O)OC8)O)C)C)C)C)OC(=O)C)O
Mitotane,Acetyldigitoxin,Mitotane may decrease the cardiotoxic activities of Acetyldigitoxin.,C1=CC=C(C(=C1)C(C2=CC=C(C=C2)Cl)C(Cl)Cl)Cl,CC1C(C(CC(O1)OC2C(OC(CC2O)OC3C(OC(CC3O)OC4CCC5(C(C4)CCC6C5CCC7(C6(CCC7C8=CC(=O)OC8)O)C)C)C)C)OC(=O)C)O
Dienogest,Acetyldigitoxin,Dienogest may decrease the cardiotoxic activities of Acetyldigitoxin.,CC12CCC3=C4CCC(=O)C=C4CCC3C1CCC2(CC#N)O,CC1C(C(CC(O1)OC2C(OC(CC2O)OC3C(OC(CC3O)OC4CCC5(C(C4)CCC6C5CCC7(C6(CCC7C8=CC(=O)OC8)O)C)C)C)C)OC(=O)C)O
Olaparib,Acetyldigitoxin,Olaparib may decrease the cardiotoxic activities of Acetyldigitoxin.,C1CC1C(=O)N2CCN(CC2)C(=O)C3=C(C=CC(=C3)CC4=NNC(=O)C5=CC=CC=C54)F,CC1C(C(CC(O1)OC2C(OC(CC2O)OC3C(OC(CC3O)OC4CCC5(C(C4)CCC6C5CCC7(C6(CCC7C8=CC(=O)OC8)O)C)C)C)C)OC(=O)C)O
Rucaparib,Acetyldigitoxin,Rucaparib may decrease the cardiotoxic activities of Acetyldigitoxin.,CNCC1=CC=C(C=C1)C2=C3CCNC(=O)C4=C3C(=CC(=C4)F)N2,CC1C(C(CC(O1)OC2C(OC(CC2O)OC3C(OC(CC3O)OC4CCC5(C(C4)CCC6C5CCC7(C6(CCC7C8=CC(=O)OC8)O)C)C)C)C)OC(=O)C)O
Prednisolone,Acetyldigitoxin,Prednisolone may decrease the cardiotoxic activities of Acetyldigitoxin.,CC12CC(C3C(C1CCC2(C(=O)CO)O)CCC4=CC(=O)C=CC34C)O,CC1C(C(CC(O1)OC2C(OC(CC2O)OC3C(OC(CC3O)OC4CCC5(C(C4)CCC6C5CCC7(C6(CCC7C8=CC(=O)OC8)O)C)C)C)C)OC(=O)C)O
Midostaurin,Acetyldigitoxin,Midostaurin may decrease the cardiotoxic activities of Acetyldigitoxin.,CC12C(C(CC(O1)N3C4=CC=CC=C4C5=C6C(=C7C8=CC=CC=C8N2C7=C53)CNC6=O)N(C)C(=O)C9=CC=CC=C9)OC,CC1C(C(CC(O1)OC2C(OC(CC2O)OC3C(OC(CC3O)OC4CCC5(C(C4)CCC6C5CCC7(C6(CCC7C8=CC(=O)OC8)O)C)C)C)C)OC(=O)C)O
Medroxyprogesterone acetate,Acetyldigitoxin,Medroxyprogesterone acetate may decrease the cardiotoxic activities of Acetyldigitoxin.,CC1CC2C(CCC3(C2CCC3(C(=O)C)OC(=O)C)C)C4(C1=CC(=O)CC4)C,CC1C(C(CC(O1)OC2C(OC(CC2O)OC3C(OC(CC3O)OC4CCC5(C(C4)CCC6C5CCC7(C6(CCC7C8=CC(=O)OC8)O)C)C)C)C)OC(=O)C)O
Bortezomib,Acetyldigitoxin,Bortezomib may decrease the cardiotoxic activities of Acetyldigitoxin.,B(C(CC(C)C)NC(=O)C(CC1=CC=CC=C1)NC(=O)C2=NC=CN=C2)(O)O,CC1C(C(CC(O1)OC2C(OC(CC2O)OC3C(OC(CC3O)OC4CCC5(C(C4)CCC6C5CCC7(C6(CCC7C8=CC(=O)OC8)O)C)C)C)C)OC(=O)C)O
Panobinostat,Acetyldigitoxin,Panobinostat may decrease the cardiotoxic activities of Acetyldigitoxin.,CC1=C(C2=CC=CC=C2N1)CCNCC3=CC=C(C=C3)C=CC(=O)NO,CC1C(C(CC(O1)OC2C(OC(CC2O)OC3C(OC(CC3O)OC4CCC5(C(C4)CCC6C5CCC7(C6(CCC7C8=CC(=O)OC8)O)C)C)C)C)OC(=O)C)O
Betaxolol,Acetyldigitoxin,Betaxolol may increase the bradycardic activities of Acetyldigitoxin.,CC(C)NCC(COC1=CC=C(C=C1)CCOCC2CC2)O,CC1C(C(CC(O1)OC2C(OC(CC2O)OC3C(OC(CC3O)OC4CCC5(C(C4)CCC6C5CCC7(C6(CCC7C8=CC(=O)OC8)O)C)C)C)C)OC(=O)C)O
Enzalutamide,Acetyldigitoxin,Enzalutamide may decrease the cardiotoxic activities of Acetyldigitoxin.,CC1(C(=O)N(C(=S)N1C2=CC(=C(C=C2)C(=O)NC)F)C3=CC(=C(C=C3)C#N)C(F)(F)F)C,CC1C(C(CC(O1)OC2C(OC(CC2O)OC3C(OC(CC3O)OC4CCC5(C(C4)CCC6C5CCC7(C6(CCC7C8=CC(=O)OC8)O)C)C)C)C)OC(=O)C)O
Abiraterone,Acetyldigitoxin,Abiraterone may decrease the cardiotoxic activities of Acetyldigitoxin.,CC12CCC(CC1=CCC3C2CCC4(C3CC=C4C5=CN=CC=C5)C)O,CC1C(C(CC(O1)OC2C(OC(CC2O)OC3C(OC(CC3O)OC4CCC5(C(C4)CCC6C5CCC7(C6(CCC7C8=CC(=O)OC8)O)C)C)C)C)OC(=O)C)O
Diethylstilbestrol,Acetyldigitoxin,Diethylstilbestrol may decrease the cardiotoxic activities of Acetyldigitoxin.,CCC(=C(CC)C1=CC=C(C=C1)O)C2=CC=C(C=C2)O,CC1C(C(CC(O1)OC2C(OC(CC2O)OC3C(OC(CC3O)OC4CCC5(C(C4)CCC6C5CCC7(C6(CCC7C8=CC(=O)OC8)O)C)C)C)C)OC(=O)C)O
Nilotinib,Acetyldigitoxin,Nilotinib may decrease the cardiotoxic activities of Acetyldigitoxin.,CC1=C(C=C(C=C1)C(=O)NC2=CC(=CC(=C2)C(F)(F)F)N3C=C(N=C3)C)NC4=NC=CC(=N4)C5=CN=CC=C5,CC1C(C(CC(O1)OC2C(OC(CC2O)OC3C(OC(CC3O)OC4CCC5(C(C4)CCC6C5CCC7(C6(CCC7C8=CC(=O)OC8)O)C)C)C)C)OC(=O)C)O
Dexamethasone,Acetyldigitoxin,Dexamethasone may decrease the cardiotoxic activities of Acetyldigitoxin.,CC1CC2C3CCC4=CC(=O)C=CC4(C3(C(CC2(C1(C(=O)CO)O)C)O)F)C,CC1C(C(CC(O1)OC2C(OC(CC2O)OC3C(OC(CC3O)OC4CCC5(C(C4)CCC6C5CCC7(C6(CCC7C8=CC(=O)OC8)O)C)C)C)C)OC(=O)C)O
Letrozole,Acetyldigitoxin,Letrozole may decrease the cardiotoxic activities of Acetyldigitoxin.,C1=CC(=CC=C1C#N)C(C2=CC=C(C=C2)C#N)N3C=NC=N3,CC1C(C(CC(O1)OC2C(OC(CC2O)OC3C(OC(CC3O)OC4CCC5(C(C4)CCC6C5CCC7(C6(CCC7C8=CC(=O)OC8)O)C)C)C)C)OC(=O)C)O
Norfloxacin,Acetyldigitoxin,Norfloxacin may decrease the cardiotoxic activities of Acetyldigitoxin.,CCN1C=C(C(=O)C2=CC(=C(C=C21)N3CCNCC3)F)C(=O)O,CC1C(C(CC(O1)OC2C(OC(CC2O)OC3C(OC(CC3O)OC4CCC5(C(C4)CCC6C5CCC7(C6(CCC7C8=CC(=O)OC8)O)C)C)C)C)OC(=O)C)O
Miltefosine,Acetyldigitoxin,Miltefosine may decrease the cardiotoxic activities of Acetyldigitoxin.,CCCCCCCCCCCCCCCCOP(=O)([O-])OCC[N+](C)(C)C,CC1C(C(CC(O1)OC2C(OC(CC2O)OC3C(OC(CC3O)OC4CCC5(C(C4)CCC6C5CCC7(C6(CCC7C8=CC(=O)OC8)O)C)C)C)C)OC(=O)C)O
Trimetrexate,Acetyldigitoxin,Trimetrexate may decrease the cardiotoxic activities of Acetyldigitoxin.,CC1=C(C=CC2=C1C(=NC(=N2)N)N)CNC3=CC(=C(C(=C3)OC)OC)OC,CC1C(C(CC(O1)OC2C(OC(CC2O)OC3C(OC(CC3O)OC4CCC5(C(C4)CCC6C5CCC7(C6(CCC7C8=CC(=O)OC8)O)C)C)C)C)OC(=O)C)O
Amphotericin B,Acetyldigitoxin,The risk or severity of adverse effects can be increased when Amphotericin B is combined with Acetyldigitoxin.,CC1C=CC=CC=CC=CC=CC=CC=CC(CC2C(C(CC(O2)(CC(CC(C(CCC(CC(CC(=O)OC(C(C1O)C)C)O)O)O)O)O)O)O)C(=O)O)OC3C(C(C(C(O3)C)O)N)O,CC1C(C(CC(O1)OC2C(OC(CC2O)OC3C(OC(CC3O)OC4CCC5(C(C4)CCC6C5CCC7(C6(CCC7C8=CC(=O)OC8)O)C)C)C)C)OC(=O)C)O
Sirolimus,Acetyldigitoxin,Sirolimus may decrease the cardiotoxic activities of Acetyldigitoxin.,CC1CCC2CC(C(=CC=CC=CC(CC(C(=O)C(C(C(=CC(C(=O)CC(OC(=O)C3CCCCN3C(=O)C(=O)C1(O2)O)C(C)CC4CCC(C(C4)OC)O)C)C)O)OC)C)C)C)OC,CC1C(C(CC(O1)OC2C(OC(CC2O)OC3C(OC(CC3O)OC4CCC5(C(C4)CCC6C5CCC7(C6(CCC7C8=CC(=O)OC8)O)C)C)C)C)OC(=O)C)O
Alprenolol,Acetyldigitoxin,Alprenolol may increase the bradycardic activities of Acetyldigitoxin.,CC(C)NCC(COC1=CC=CC=C1CC=C)O,CC1C(C(CC(O1)OC2C(OC(CC2O)OC3C(OC(CC3O)OC4CCC5(C(C4)CCC6C5CCC7(C6(CCC7C8=CC(=O)OC8)O)C)C)C)C)OC(=O)C)O
Timolol,Acetyldigitoxin,Timolol may increase the bradycardic activities of Acetyldigitoxin.,CC(C)(C)NCC(COC1=NSN=C1N2CCOCC2)O,CC1C(C(CC(O1)OC2C(OC(CC2O)OC3C(OC(CC3O)OC4CCC5(C(C4)CCC6C5CCC7(C6(CCC7C8=CC(=O)OC8)O)C)C)C)C)OC(=O)C)O
Atenolol,Acetyldigitoxin,Atenolol may increase the bradycardic activities of Acetyldigitoxin.,CC(C)NCC(COC1=CC=C(C=C1)CC(=O)N)O,CC1C(C(CC(O1)OC2C(OC(CC2O)OC3C(OC(CC3O)OC4CCC5(C(C4)CCC6C5CCC7(C6(CCC7C8=CC(=O)OC8)O)C)C)C)C)OC(=O)C)O
Bupranolol,Acetyldigitoxin,Bupranolol may increase the bradycardic activities of Acetyldigitoxin.,CC1=CC(=C(C=C1)Cl)OCC(CNC(C)(C)C)O,CC1C(C(CC(O1)OC2C(OC(CC2O)OC3C(OC(CC3O)OC4CCC5(C(C4)CCC6C5CCC7(C6(CCC7C8=CC(=O)OC8)O)C)C)C)C)OC(=O)C)O
Celiprolol,Acetyldigitoxin,Celiprolol may increase the bradycardic activities of Acetyldigitoxin.,CCN(CC)C(=O)NC1=CC(=C(C=C1)OCC(CNC(C)(C)C)O)C(=O)C,CC1C(C(CC(O1)OC2C(OC(CC2O)OC3C(OC(CC3O)OC4CCC5(C(C4)CCC6C5CCC7(C6(CCC7C8=CC(=O)OC8)O)C)C)C)C)OC(=O)C)O
Oxprenolol,Acetyldigitoxin,Oxprenolol may increase the bradycardic activities of Acetyldigitoxin.,CC(C)NCC(COC1=CC=CC=C1OCC=C)O,CC1C(C(CC(O1)OC2C(OC(CC2O)OC3C(OC(CC3O)OC4CCC5(C(C4)CCC6C5CCC7(C6(CCC7C8=CC(=O)OC8)O)C)C)C)C)OC(=O)C)O
Metoprolol,Acetyldigitoxin,Metoprolol may increase the bradycardic activities of Acetyldigitoxin.,CC(C)NCC(COC1=CC=C(C=C1)CCOC)O,CC1C(C(CC(O1)OC2C(OC(CC2O)OC3C(OC(CC3O)OC4CCC5(C(C4)CCC6C5CCC7(C6(CCC7C8=CC(=O)OC8)O)C)C)C)C)OC(=O)C)O
Bopindolol,Acetyldigitoxin,Bopindolol may increase the bradycardic activities of Acetyldigitoxin.,CC1=CC2=C(N1)C=CC=C2OCC(CNC(C)(C)C)OC(=O)C3=CC=CC=C3,CC1C(C(CC(O1)OC2C(OC(CC2O)OC3C(OC(CC3O)OC4CCC5(C(C4)CCC6C5CCC7(C6(CCC7C8=CC(=O)OC8)O)C)C)C)C)OC(=O)C)O
Esmolol,Acetyldigitoxin,Esmolol may increase the bradycardic activities of Acetyldigitoxin.,CC(C)NCC(COC1=CC=C(C=C1)CCC(=O)OC)O,CC1C(C(CC(O1)OC2C(OC(CC2O)OC3C(OC(CC3O)OC4CCC5(C(C4)CCC6C5CCC7(C6(CCC7C8=CC(=O)OC8)O)C)C)C)C)OC(=O)C)O
Pentostatin,Acetyldigitoxin,Pentostatin may decrease the cardiotoxic activities of Acetyldigitoxin.,C1C(C(OC1N2C=NC3=C2NC=NCC3O)CO)O,CC1C(C(CC(O1)OC2C(OC(CC2O)OC3C(OC(CC3O)OC4CCC5(C(C4)CCC6C5CCC7(C6(CCC7C8=CC(=O)OC8)O)C)C)C)C)OC(=O)C)O
Reserpine,Acetyldigitoxin,The risk or severity of adverse effects can be increased when Reserpine is combined with Acetyldigitoxin.,COC1C(CC2CN3CCC4=C(C3CC2C1C(=O)OC)NC5=C4C=CC(=C5)OC)OC(=O)C6=CC(=C(C(=C6)OC)OC)OC,CC1C(C(CC(O1)OC2C(OC(CC2O)OC3C(OC(CC3O)OC4CCC5(C(C4)CCC6C5CCC7(C6(CCC7C8=CC(=O)OC8)O)C)C)C)C)OC(=O)C)O
Thalidomide,Acetyldigitoxin,Thalidomide may decrease the cardiotoxic activities of Acetyldigitoxin.,C1CC(=O)NC(=O)C1N2C(=O)C3=CC=CC=C3C2=O,CC1C(C(CC(O1)OC2C(OC(CC2O)OC3C(OC(CC3O)OC4CCC5(C(C4)CCC6C5CCC7(C6(CCC7C8=CC(=O)OC8)O)C)C)C)C)OC(=O)C)O
Clonidine,Acetyldigitoxin,Clonidine may increase the atrioventricular blocking (AV block) activities of Acetyldigitoxin.,C1CN=C(N1)NC2=C(C=CC=C2Cl)Cl,CC1C(C(CC(O1)OC2C(OC(CC2O)OC3C(OC(CC3O)OC4CCC5(C(C4)CCC6C5CCC7(C6(CCC7C8=CC(=O)OC8)O)C)C)C)C)OC(=O)C)O
Pomalidomide,Acetyldigitoxin,Pomalidomide may decrease the cardiotoxic activities of Acetyldigitoxin.,C1CC(=O)NC(=O)C1N2C(=O)C3=C(C2=O)C(=CC=C3)N,CC1C(C(CC(O1)OC2C(OC(CC2O)OC3C(OC(CC3O)OC4CCC5(C(C4)CCC6C5CCC7(C6(CCC7C8=CC(=O)OC8)O)C)C)C)C)OC(=O)C)O
Furosemide,Acetyldigitoxin,The risk or severity of adverse effects can be increased when Furosemide is combined with Acetyldigitoxin.,C1=COC(=C1)CNC2=CC(=C(C=C2C(=O)O)S(=O)(=O)N)Cl,CC1C(C(CC(O1)OC2C(OC(CC2O)OC3C(OC(CC3O)OC4CCC5(C(C4)CCC6C5CCC7(C6(CCC7C8=CC(=O)OC8)O)C)C)C)C)OC(=O)C)O
Torasemide,Acetyldigitoxin,The risk or severity of adverse effects can be increased when Torasemide is combined with Acetyldigitoxin.,CC1=CC(=CC=C1)NC2=C(C=NC=C2)S(=O)(=O)NC(=O)NC(C)C,CC1C(C(CC(O1)OC2C(OC(CC2O)OC3C(OC(CC3O)OC4CCC5(C(C4)CCC6C5CCC7(C6(CCC7C8=CC(=O)OC8)O)C)C)C)C)OC(=O)C)O
Bumetanide,Acetyldigitoxin,The risk or severity of adverse effects can be increased when Bumetanide is combined with Acetyldigitoxin.,CCCCNC1=C(C(=CC(=C1)C(=O)O)S(=O)(=O)N)OC2=CC=CC=C2,CC1C(C(CC(O1)OC2C(OC(CC2O)OC3C(OC(CC3O)OC4CCC5(C(C4)CCC6C5CCC7(C6(CCC7C8=CC(=O)OC8)O)C)C)C)C)OC(=O)C)O
Edrophonium,Acetyldigitoxin,Edrophonium may increase the atrioventricular blocking (AV block) activities of Acetyldigitoxin.,CC[N+](C)(C)C1=CC(=CC=C1)O,CC1C(C(CC(O1)OC2C(OC(CC2O)OC3C(OC(CC3O)OC4CCC5(C(C4)CCC6C5CCC7(C6(CCC7C8=CC(=O)OC8)O)C)C)C)C)OC(=O)C)O
Cabergoline,Acetyldigitoxin,Cabergoline may decrease the cardiotoxic activities of Acetyldigitoxin.,CCNC(=O)N(CCCN(C)C)C(=O)C1CC2C(CC3=CNC4=CC=CC2=C34)N(C1)CC=C,CC1C(C(CC(O1)OC2C(OC(CC2O)OC3C(OC(CC3O)OC4CCC5(C(C4)CCC6C5CCC7(C6(CCC7C8=CC(=O)OC8)O)C)C)C)C)OC(=O)C)O
Moxifloxacin,Acetyldigitoxin,Moxifloxacin may decrease the cardiotoxic activities of Acetyldigitoxin.,COC1=C2C(=CC(=C1N3CC4CCCNC4C3)F)C(=O)C(=CN2C5CC5)C(=O)O,CC1C(C(CC(O1)OC2C(OC(CC2O)OC3C(OC(CC3O)OC4CCC5(C(C4)CCC6C5CCC7(C6(CCC7C8=CC(=O)OC8)O)C)C)C)C)OC(=O)C)O
Pazopanib,Acetyldigitoxin,Pazopanib may decrease the cardiotoxic activities of Acetyldigitoxin.,CC1=C(C=C(C=C1)NC2=NC=CC(=N2)N(C)C3=CC4=NN(C(=C4C=C3)C)C)S(=O)(=O)N,CC1C(C(CC(O1)OC2C(OC(CC2O)OC3C(OC(CC3O)OC4CCC5(C(C4)CCC6C5CCC7(C6(CCC7C8=CC(=O)OC8)O)C)C)C)C)OC(=O)C)O
Gemifloxacin,Acetyldigitoxin,Gemifloxacin may decrease the cardiotoxic activities of Acetyldigitoxin.,CON=C1CN(CC1CN)C2=C(C=C3C(=O)C(=CN(C3=N2)C4CC4)C(=O)O)F,CC1C(C(CC(O1)OC2C(OC(CC2O)OC3C(OC(CC3O)OC4CCC5(C(C4)CCC6C5CCC7(C6(CCC7C8=CC(=O)OC8)O)C)C)C)C)OC(=O)C)O
Ciprofloxacin,Acetyldigitoxin,Ciprofloxacin may decrease the cardiotoxic activities of Acetyldigitoxin.,C1CC1N2C=C(C(=O)C3=CC(=C(C=C32)N4CCNCC4)F)C(=O)O,CC1C(C(CC(O1)OC2C(OC(CC2O)OC3C(OC(CC3O)OC4CCC5(C(C4)CCC6C5CCC7(C6(CCC7C8=CC(=O)OC8)O)C)C)C)C)OC(=O)C)O
Lenvatinib,Acetyldigitoxin,Lenvatinib may decrease the cardiotoxic activities of Acetyldigitoxin.,COC1=CC2=NC=CC(=C2C=C1C(=O)N)OC3=CC(=C(C=C3)NC(=O)NC4CC4)Cl,CC1C(C(CC(O1)OC2C(OC(CC2O)OC3C(OC(CC3O)OC4CCC5(C(C4)CCC6C5CCC7(C6(CCC7C8=CC(=O)OC8)O)C)C)C)C)OC(=O)C)O
Ofloxacin,Acetyldigitoxin,Ofloxacin may decrease the cardiotoxic activities of Acetyldigitoxin.,CC1COC2=C3N1C=C(C(=O)C3=CC(=C2N4CCN(CC4)C)F)C(=O)O,CC1C(C(CC(O1)OC2C(OC(CC2O)OC3C(OC(CC3O)OC4CCC5(C(C4)CCC6C5CCC7(C6(CCC7C8=CC(=O)OC8)O)C)C)C)C)OC(=O)C)O
Toremifene,Acetyldigitoxin,Toremifene may decrease the cardiotoxic activities of Acetyldigitoxin.,CN(C)CCOC1=CC=C(C=C1)C(=C(CCCl)C2=CC=CC=C2)C3=CC=CC=C3,CC1C(C(CC(O1)OC2C(OC(CC2O)OC3C(OC(CC3O)OC4CCC5(C(C4)CCC6C5CCC7(C6(CCC7C8=CC(=O)OC8)O)C)C)C)C)OC(=O)C)O
Arsenic trioxide,Acetyldigitoxin,Arsenic trioxide may decrease the cardiotoxic activities of Acetyldigitoxin.,[O-2].[O-2].[O-2].[As+3].[As+3],CC1C(C(CC(O1)OC2C(OC(CC2O)OC3C(OC(CC3O)OC4CCC5(C(C4)CCC6C5CCC7(C6(CCC7C8=CC(=O)OC8)O)C)C)C)C)OC(=O)C)O
Levofloxacin,Acetyldigitoxin,Levofloxacin may decrease the cardiotoxic activities of Acetyldigitoxin.,CC1COC2=C3N1C=C(C(=O)C3=CC(=C2N4CCN(CC4)C)F)C(=O)O,CC1C(C(CC(O1)OC2C(OC(CC2O)OC3C(OC(CC3O)OC4CCC5(C(C4)CCC6C5CCC7(C6(CCC7C8=CC(=O)OC8)O)C)C)C)C)OC(=O)C)O
Goserelin,Acetyldigitoxin,Goserelin may decrease the cardiotoxic activities of Acetyldigitoxin.,CC(C)CC(C(=O)NC(CCCN=C(N)N)C(=O)N1CCCC1C(=O)NNC(=O)N)NC(=O)C(COC(C)(C)C)NC(=O)C(CC2=CC=C(C=C2)O)NC(=O)C(CO)NC(=O)C(CC3=CNC4=CC=CC=C43)NC(=O)C(CC5=CN=CN5)NC(=O)C6CCC(=O)N6,CC1C(C(CC(O1)OC2C(OC(CC2O)OC3C(OC(CC3O)OC4CCC5(C(C4)CCC6C5CCC7(C6(CCC7C8=CC(=O)OC8)O)C)C)C)C)OC(=O)C)O
Vorinostat,Acetyldigitoxin,Vorinostat may decrease the cardiotoxic activities of Acetyldigitoxin.,C1=CC=C(C=C1)NC(=O)CCCCCCC(=O)NO,CC1C(C(CC(O1)OC2C(OC(CC2O)OC3C(OC(CC3O)OC4CCC5(C(C4)CCC6C5CCC7(C6(CCC7C8=CC(=O)OC8)O)C)C)C)C)OC(=O)C)O
Octreotide,Acetyldigitoxin,Octreotide may decrease the cardiotoxic activities of Acetyldigitoxin.,CC(C1C(=O)NC(CSSCC(C(=O)NC(C(=O)NC(C(=O)NC(C(=O)N1)CCCCN)CC2=CNC3=CC=CC=C32)CC4=CC=CC=C4)NC(=O)C(CC5=CC=CC=C5)N)C(=O)NC(CO)C(C)O)O,CC1C(C(CC(O1)OC2C(OC(CC2O)OC3C(OC(CC3O)OC4CCC5(C(C4)CCC6C5CCC7(C6(CCC7C8=CC(=O)OC8)O)C)C)C)C)OC(=O)C)O
Triptorelin,Acetyldigitoxin,Triptorelin may decrease the cardiotoxic activities of Acetyldigitoxin.,CC(C)CC(C(=O)NC(CCCN=C(N)N)C(=O)N1CCCC1C(=O)NCC(=O)N)NC(=O)C(CC2=CNC3=CC=CC=C32)NC(=O)C(CC4=CC=C(C=C4)O)NC(=O)C(CO)NC(=O)C(CC5=CNC6=CC=CC=C65)NC(=O)C(CC7=CN=CN7)NC(=O)C8CCC(=O)N8,CC1C(C(CC(O1)OC2C(OC(CC2O)OC3C(OC(CC3O)OC4CCC5(C(C4)CCC6C5CCC7(C6(CCC7C8=CC(=O)OC8)O)C)C)C)C)OC(=O)C)O
Degarelix,Acetyldigitoxin,Degarelix may decrease the cardiotoxic activities of Acetyldigitoxin.,CC(C)CC(C(=O)NC(CCCCNC(C)C)C(=O)N1CCCC1C(=O)NC(C)C(=O)N)NC(=O)C(CC2=CC=C(C=C2)NC(=O)N)NC(=O)C(CC3=CC=C(C=C3)NC(=O)C4CC(=O)NC(=O)N4)NC(=O)C(CO)NC(=O)C(CC5=CN=CC=C5)NC(=O)C(CC6=CC=C(C=C6)Cl)NC(=O)C(CC7=CC8=CC=CC=C8C=C7)NC(=O)C,CC1C(C(CC(O1)OC2C(OC(CC2O)OC3C(OC(CC3O)OC4CCC5(C(C4)CCC6C5CCC7(C6(CCC7C8=CC(=O)OC8)O)C)C)C)C)OC(=O)C)O
Indapamide,Acetyldigitoxin,The risk or severity of adverse effects can be increased when Indapamide is combined with Acetyldigitoxin.,CC1CC2=CC=CC=C2N1NC(=O)C3=CC(=C(C=C3)Cl)S(=O)(=O)N,CC1C(C(CC(O1)OC2C(OC(CC2O)OC3C(OC(CC3O)OC4CCC5(C(C4)CCC6C5CCC7(C6(CCC7C8=CC(=O)OC8)O)C)C)C)C)OC(=O)C)O
Eribulin,Acetyldigitoxin,Eribulin may decrease the cardiotoxic activities of Acetyldigitoxin.,CC1CC2CCC3C(=C)CC(O3)CCC45CC6C(O4)C7C(O6)C(O5)C8C(O7)CCC(O8)CC(=O)CC9C(CC(C1=C)O2)OC(C9OC)CC(CN)O,CC1C(C(CC(O1)OC2C(OC(CC2O)OC3C(OC(CC3O)OC4CCC5(C(C4)CCC6C5CCC7(C6(CCC7C8=CC(=O)OC8)O)C)C)C)C)OC(=O)C)O
Epirubicin,Acetyldigitoxin,Epirubicin may decrease the cardiotoxic activities of Acetyldigitoxin.,CC1C(C(CC(O1)OC2CC(CC3=C2C(=C4C(=C3O)C(=O)C5=C(C4=O)C(=CC=C5)OC)O)(C(=O)CO)O)N)O,CC1C(C(CC(O1)OC2C(OC(CC2O)OC3C(OC(CC3O)OC4CCC5(C(C4)CCC6C5CCC7(C6(CCC7C8=CC(=O)OC8)O)C)C)C)C)OC(=O)C)O
Streptomycin,Acetyldigitoxin,The serum concentration of Acetyldigitoxin can be decreased when it is combined with Streptomycin.,CC1C(C(C(O1)OC2C(C(C(C(C2O)O)N=C(N)N)O)N=C(N)N)OC3C(C(C(C(O3)CO)O)O)NC)(C=O)O,CC1C(C(CC(O1)OC2C(OC(CC2O)OC3C(OC(CC3O)OC4CCC5(C(C4)CCC6C5CCC7(C6(CCC7C8=CC(=O)OC8)O)C)C)C)C)OC(=O)C)O
Metrizamide,Acetyldigitoxin,The serum concentration of Acetyldigitoxin can be decreased when it is combined with Metrizamide.,CC(=O)NC1=C(C(=C(C(=C1I)C(=O)NC2C(C(C(OC2O)CO)O)O)I)N(C)C(=O)C)I,CC1C(C(CC(O1)OC2C(OC(CC2O)OC3C(OC(CC3O)OC4CCC5(C(C4)CCC6C5CCC7(C6(CCC7C8=CC(=O)OC8)O)C)C)C)C)OC(=O)C)O
Kanamycin,Acetyldigitoxin,The serum concentration of Acetyldigitoxin can be decreased when it is combined with Kanamycin.,C1C(C(C(C(C1N)OC2C(C(C(C(O2)CN)O)O)O)O)OC3C(C(C(C(O3)CO)O)N)O)N,CC1C(C(CC(O1)OC2C(OC(CC2O)OC3C(OC(CC3O)OC4CCC5(C(C4)CCC6C5CCC7(C6(CCC7C8=CC(=O)OC8)O)C)C)C)C)OC(=O)C)O
Idarubicin,Acetyldigitoxin,Idarubicin may decrease the cardiotoxic activities of Acetyldigitoxin.,CC1C(C(CC(O1)OC2CC(CC3=C2C(=C4C(=C3O)C(=O)C5=CC=CC=C5C4=O)O)(C(=O)C)O)N)O,CC1C(C(CC(O1)OC2C(OC(CC2O)OC3C(OC(CC3O)OC4CCC5(C(C4)CCC6C5CCC7(C6(CCC7C8=CC(=O)OC8)O)C)C)C)C)OC(=O)C)O
Plicamycin,Acetyldigitoxin,Plicamycin may decrease the cardiotoxic activities of Acetyldigitoxin.,CC1C(C(CC(O1)OC2CC(OC(C2O)C)OC3=CC4=CC5=C(C(=O)C(C(C5)C(C(=O)C(C(C)O)O)OC)OC6CC(C(C(O6)C)O)OC7CC(C(C(O7)C)O)OC8CC(C(C(O8)C)O)(C)O)C(=C4C(=C3C)O)O)O)O,CC1C(C(CC(O1)OC2C(OC(CC2O)OC3C(OC(CC3O)OC4CCC5(C(C4)CCC6C5CCC7(C6(CCC7C8=CC(=O)OC8)O)C)C)C)C)OC(=O)C)O
Streptozocin,Acetyldigitoxin,Streptozocin may decrease the cardiotoxic activities of Acetyldigitoxin.,CN(C(=O)NC1C(C(C(OC1O)CO)O)O)N=O,CC1C(C(CC(O1)OC2C(OC(CC2O)OC3C(OC(CC3O)OC4CCC5(C(C4)CCC6C5CCC7(C6(CCC7C8=CC(=O)OC8)O)C)C)C)C)OC(=O)C)O
Tobramycin,Acetyldigitoxin,The serum concentration of Acetyldigitoxin can be decreased when it is combined with Tobramycin.,C1C(C(C(C(C1N)OC2C(C(C(C(O2)CO)O)N)O)O)OC3C(CC(C(O3)CN)O)N)N,CC1C(C(CC(O1)OC2C(OC(CC2O)OC3C(OC(CC3O)OC4CCC5(C(C4)CCC6C5CCC7(C6(CCC7C8=CC(=O)OC8)O)C)C)C)C)OC(=O)C)O
Amrubicin,Acetyldigitoxin,Amrubicin may decrease the cardiotoxic activities of Acetyldigitoxin.,CC(=O)C1(CC(C2=C(C1)C(=C3C(=C2O)C(=O)C4=CC=CC=C4C3=O)O)OC5CC(C(CO5)O)O)N,CC1C(C(CC(O1)OC2C(OC(CC2O)OC3C(OC(CC3O)OC4CCC5(C(C4)CCC6C5CCC7(C6(CCC7C8=CC(=O)OC8)O)C)C)C)C)OC(=O)C)O
Framycetin,Acetyldigitoxin,The serum concentration of Acetyldigitoxin can be decreased when it is combined with Framycetin.,C1C(C(C(C(C1N)OC2C(C(C(C(O2)CN)O)O)N)OC3C(C(C(O3)CO)OC4C(C(C(C(O4)CN)O)O)N)O)O)N,CC1C(C(CC(O1)OC2C(OC(CC2O)OC3C(OC(CC3O)OC4CCC5(C(C4)CCC6C5CCC7(C6(CCC7C8=CC(=O)OC8)O)C)C)C)C)OC(=O)C)O
Netilmicin,Acetyldigitoxin,The serum concentration of Acetyldigitoxin can be decreased when it is combined with Netilmicin.,CCNC1CC(C(C(C1OC2C(C(C(CO2)(C)O)NC)O)O)OC3C(CC=C(O3)CN)N)N,CC1C(C(CC(O1)OC2C(OC(CC2O)OC3C(OC(CC3O)OC4CCC5(C(C4)CCC6C5CCC7(C6(CCC7C8=CC(=O)OC8)O)C)C)C)C)OC(=O)C)O
Amikacin,Acetyldigitoxin,The serum concentration of Acetyldigitoxin can be decreased when it is combined with Amikacin.,C1C(C(C(C(C1NC(=O)C(CCN)O)OC2C(C(C(C(O2)CO)O)N)O)O)OC3C(C(C(C(O3)CN)O)O)O)N,CC1C(C(CC(O1)OC2C(OC(CC2O)OC3C(OC(CC3O)OC4CCC5(C(C4)CCC6C5CCC7(C6(CCC7C8=CC(=O)OC8)O)C)C)C)C)OC(=O)C)O
Valrubicin,Acetyldigitoxin,Valrubicin may decrease the cardiotoxic activities of Acetyldigitoxin.,CCCCC(=O)OCC(=O)C1(CC(C2=C(C1)C(=C3C(=C2O)C(=O)C4=C(C3=O)C=CC=C4OC)O)OC5CC(C(C(O5)C)O)NC(=O)C(F)(F)F)O,CC1C(C(CC(O1)OC2C(OC(CC2O)OC3C(OC(CC3O)OC4CCC5(C(C4)CCC6C5CCC7(C6(CCC7C8=CC(=O)OC8)O)C)C)C)C)OC(=O)C)O
Daunorubicin,Acetyldigitoxin,Daunorubicin may decrease the cardiotoxic activities of Acetyldigitoxin.,CC1C(C(CC(O1)OC2CC(CC3=C2C(=C4C(=C3O)C(=O)C5=C(C4=O)C(=CC=C5)OC)O)(C(=O)C)O)N)O,CC1C(C(CC(O1)OC2C(OC(CC2O)OC3C(OC(CC3O)OC4CCC5(C(C4)CCC6C5CCC7(C6(CCC7C8=CC(=O)OC8)O)C)C)C)C)OC(=O)C)O
Ribostamycin,Acetyldigitoxin,The serum concentration of Acetyldigitoxin can be decreased when it is combined with Ribostamycin.,C1C(C(C(C(C1N)OC2C(C(C(C(O2)CN)O)O)N)OC3C(C(C(O3)CO)O)O)O)N,CC1C(C(CC(O1)OC2C(OC(CC2O)OC3C(OC(CC3O)OC4CCC5(C(C4)CCC6C5CCC7(C6(CCC7C8=CC(=O)OC8)O)C)C)C)C)OC(=O)C)O
Doxorubicin,Acetyldigitoxin,Doxorubicin may decrease the cardiotoxic activities of Acetyldigitoxin.,CC1C(C(CC(O1)OC2CC(CC3=C2C(=C4C(=C3O)C(=O)C5=C(C4=O)C(=CC=C5)OC)O)(C(=O)CO)O)N)O,CC1C(C(CC(O1)OC2C(OC(CC2O)OC3C(OC(CC3O)OC4CCC5(C(C4)CCC6C5CCC7(C6(CCC7C8=CC(=O)OC8)O)C)C)C)C)OC(=O)C)O
Arbekacin,Acetyldigitoxin,The serum concentration of Acetyldigitoxin can be decreased when it is combined with Arbekacin.,C1CC(C(OC1CN)OC2C(CC(C(C2O)OC3C(C(C(C(O3)CO)O)N)O)NC(=O)C(CCN)O)N)N,CC1C(C(CC(O1)OC2C(OC(CC2O)OC3C(OC(CC3O)OC4CCC5(C(C4)CCC6C5CCC7(C6(CCC7C8=CC(=O)OC8)O)C)C)C)C)OC(=O)C)O
Gentamicin,Acetyldigitoxin,The serum concentration of Acetyldigitoxin can be decreased when it is combined with Gentamicin.,CC(C1CCC(C(O1)OC2C(CC(C(C2O)OC3C(C(C(CO3)(C)O)NC)O)N)N)N)NC,CC1C(C(CC(O1)OC2C(OC(CC2O)OC3C(OC(CC3O)OC4CCC5(C(C4)CCC6C5CCC7(C6(CCC7C8=CC(=O)OC8)O)C)C)C)C)OC(=O)C)O
Paromomycin,Acetyldigitoxin,The serum concentration of Acetyldigitoxin can be decreased when it is combined with Paromomycin.,C1C(C(C(C(C1N)OC2C(C(C(C(O2)CO)O)O)N)OC3C(C(C(O3)CO)OC4C(C(C(C(O4)CN)O)O)N)O)O)N,CC1C(C(CC(O1)OC2C(OC(CC2O)OC3C(OC(CC3O)OC4CCC5(C(C4)CCC6C5CCC7(C6(CCC7C8=CC(=O)OC8)O)C)C)C)C)OC(=O)C)O
Spectinomycin,Acetyldigitoxin,The serum concentration of Acetyldigitoxin can be decreased when it is combined with Spectinomycin.,CC1CC(=O)C2(C(O1)OC3C(C(C(C(C3O2)NC)O)NC)O)O,CC1C(C(CC(O1)OC2C(OC(CC2O)OC3C(OC(CC3O)OC4CCC5(C(C4)CCC6C5CCC7(C6(CCC7C8=CC(=O)OC8)O)C)C)C)C)OC(=O)C)O
Prednisone,Acetyldigitoxin,Prednisone may decrease the cardiotoxic activities of Acetyldigitoxin.,CC12CC(=O)C3C(C1CCC2(C(=O)CO)O)CCC4=CC(=O)C=CC34C,CC1C(C(CC(O1)OC2C(OC(CC2O)OC3C(OC(CC3O)OC4CCC5(C(C4)CCC6C5CCC7(C6(CCC7C8=CC(=O)OC8)O)C)C)C)C)OC(=O)C)O
Methylprednisolone,Acetyldigitoxin,Methylprednisolone may decrease the cardiotoxic activities of Acetyldigitoxin.,CC1CC2C3CCC(C3(CC(C2C4(C1=CC(=O)C=C4)C)O)C)(C(=O)CO)O,CC1C(C(CC(O1)OC2C(OC(CC2O)OC3C(OC(CC3O)OC4CCC5(C(C4)CCC6C5CCC7(C6(CCC7C8=CC(=O)OC8)O)C)C)C)C)OC(=O)C)O
Formestane,Acetyldigitoxin,Formestane may decrease the cardiotoxic activities of Acetyldigitoxin.,CC12CCC(=O)C(=C1CCC3C2CCC4(C3CCC4=O)C)O,CC1C(C(CC(O1)OC2C(OC(CC2O)OC3C(OC(CC3O)OC4CCC5(C(C4)CCC6C5CCC7(C6(CCC7C8=CC(=O)OC8)O)C)C)C)C)OC(=O)C)O
Pamidronic acid,Acetyldigitoxin,Pamidronic acid may decrease the cardiotoxic activities of Acetyldigitoxin.,C(CN)C(O)(P(=O)(O)O)P(=O)(O)O,CC1C(C(CC(O1)OC2C(OC(CC2O)OC3C(OC(CC3O)OC4CCC5(C(C4)CCC6C5CCC7(C6(CCC7C8=CC(=O)OC8)O)C)C)C)C)OC(=O)C)O
Bendroflumethiazide,Acetyldigitoxin,The risk or severity of adverse effects can be increased when Bendroflumethiazide is combined with Acetyldigitoxin.,C1=CC=C(C=C1)CC2NC3=C(C=C(C(=C3)C(F)(F)F)S(=O)(=O)N)S(=O)(=O)N2,CC1C(C(CC(O1)OC2C(OC(CC2O)OC3C(OC(CC3O)OC4CCC5(C(C4)CCC6C5CCC7(C6(CCC7C8=CC(=O)OC8)O)C)C)C)C)OC(=O)C)O
Practolol,Acetyldigitoxin,Practolol may increase the bradycardic activities of Acetyldigitoxin.,CC(C)NCC(COC1=CC=C(C=C1)NC(=O)C)O,CC1C(C(CC(O1)OC2C(OC(CC2O)OC3C(OC(CC3O)OC4CCC5(C(C4)CCC6C5CCC7(C6(CCC7C8=CC(=O)OC8)O)C)C)C)C)OC(=O)C)O
Altretamine,Acetyldigitoxin,Altretamine may decrease the cardiotoxic activities of Acetyldigitoxin.,CN(C)C1=NC(=NC(=N1)N(C)C)N(C)C,CC1C(C(CC(O1)OC2C(OC(CC2O)OC3C(OC(CC3O)OC4CCC5(C(C4)CCC6C5CCC7(C6(CCC7C8=CC(=O)OC8)O)C)C)C)C)OC(=O)C)O
Arotinolol,Acetyldigitoxin,Arotinolol may increase the bradycardic activities of Acetyldigitoxin.,CC(C)(C)NCC(CSC1=NC(=CS1)C2=CC=C(S2)C(=O)N)O,CC1C(C(CC(O1)OC2C(OC(CC2O)OC3C(OC(CC3O)OC4CCC5(C(C4)CCC6C5CCC7(C6(CCC7C8=CC(=O)OC8)O)C)C)C)C)OC(=O)C)O
Bevantolol,Acetyldigitoxin,Bevantolol may increase the bradycardic activities of Acetyldigitoxin.,CC1=CC(=CC=C1)OCC(CNCCC2=CC(=C(C=C2)OC)OC)O,CC1C(C(CC(O1)OC2C(OC(CC2O)OC3C(OC(CC3O)OC4CCC5(C(C4)CCC6C5CCC7(C6(CCC7C8=CC(=O)OC8)O)C)C)C)C)OC(=O)C)O
Chlorthalidone,Acetyldigitoxin,The risk or severity of adverse effects can be increased when Chlorthalidone is combined with Acetyldigitoxin.,C1=CC=C2C(=C1)C(=O)NC2(C3=CC(=C(C=C3)Cl)S(=O)(=O)N)O,CC1C(C(CC(O1)OC2C(OC(CC2O)OC3C(OC(CC3O)OC4CCC5(C(C4)CCC6C5CCC7(C6(CCC7C8=CC(=O)OC8)O)C)C)C)C)OC(=O)C)O
Tretinoin,Acetyldigitoxin,Tretinoin may decrease the cardiotoxic activities of Acetyldigitoxin.,CC1=C(C(CCC1)(C)C)C=CC(=CC=CC(=CC(=O)O)C)C,CC1C(C(CC(O1)OC2C(OC(CC2O)OC3C(OC(CC3O)OC4CCC5(C(C4)CCC6C5CCC7(C6(CCC7C8=CC(=O)OC8)O)C)C)C)C)OC(=O)C)O
Methyclothiazide,Acetyldigitoxin,The risk or severity of adverse effects can be increased when Methyclothiazide is combined with Acetyldigitoxin.,CN1C(NC2=CC(=C(C=C2S1(=O)=O)S(=O)(=O)N)Cl)CCl,CC1C(C(CC(O1)OC2C(OC(CC2O)OC3C(OC(CC3O)OC4CCC5(C(C4)CCC6C5CCC7(C6(CCC7C8=CC(=O)OC8)O)C)C)C)C)OC(=O)C)O
Clofarabine,Acetyldigitoxin,Clofarabine may decrease the cardiotoxic activities of Acetyldigitoxin.,C1=NC2=C(N=C(N=C2N1C3C(C(C(O3)CO)O)F)Cl)N,CC1C(C(CC(O1)OC2C(OC(CC2O)OC3C(OC(CC3O)OC4CCC5(C(C4)CCC6C5CCC7(C6(CCC7C8=CC(=O)OC8)O)C)C)C)C)OC(=O)C)O
Amiloride,Acetyldigitoxin,The therapeutic efficacy of Acetyldigitoxin can be decreased when used in combination with Amiloride.,C1(=C(N=C(C(=N1)Cl)N)N)C(=O)N=C(N)N,CC1C(C(CC(O1)OC2C(OC(CC2O)OC3C(OC(CC3O)OC4CCC5(C(C4)CCC6C5CCC7(C6(CCC7C8=CC(=O)OC8)O)C)C)C)C)OC(=O)C)O
Triamterene,Acetyldigitoxin,The therapeutic efficacy of Acetyldigitoxin can be decreased when used in combination with Triamterene.,C1=CC=C(C=C1)C2=NC3=C(N=C(N=C3N=C2N)N)N,CC1C(C(CC(O1)OC2C(OC(CC2O)OC3C(OC(CC3O)OC4CCC5(C(C4)CCC6C5CCC7(C6(CCC7C8=CC(=O)OC8)O)C)C)C)C)OC(=O)C)O
Hydrochlorothiazide,Acetyldigitoxin,The risk or severity of adverse effects can be increased when Hydrochlorothiazide is combined with Acetyldigitoxin.,C1NC2=CC(=C(C=C2S(=O)(=O)N1)S(=O)(=O)N)Cl,CC1C(C(CC(O1)OC2C(OC(CC2O)OC3C(OC(CC3O)OC4CCC5(C(C4)CCC6C5CCC7(C6(CCC7C8=CC(=O)OC8)O)C)C)C)C)OC(=O)C)O
Eplerenone,Acetyldigitoxin,The therapeutic efficacy of Acetyldigitoxin can be decreased when used in combination with Eplerenone.,CC12CCC(=O)C=C1CC(C3C24C(O4)CC5(C3CCC56CCC(=O)O6)C)C(=O)OC,CC1C(C(CC(O1)OC2C(OC(CC2O)OC3C(OC(CC3O)OC4CCC5(C(C4)CCC6C5CCC7(C6(CCC7C8=CC(=O)OC8)O)C)C)C)C)OC(=O)C)O
Hydroflumethiazide,Acetyldigitoxin,The risk or severity of adverse effects can be increased when Hydroflumethiazide is combined with Acetyldigitoxin.,C1NC2=C(C=C(C(=C2)C(F)(F)F)S(=O)(=O)N)S(=O)(=O)N1,CC1C(C(CC(O1)OC2C(OC(CC2O)OC3C(OC(CC3O)OC4CCC5(C(C4)CCC6C5CCC7(C6(CCC7C8=CC(=O)OC8)O)C)C)C)C)OC(=O)C)O
Metolazone,Acetyldigitoxin,The risk or severity of adverse effects can be increased when Metolazone is combined with Acetyldigitoxin.,CC1NC2=CC(=C(C=C2C(=O)N1C3=CC=CC=C3C)S(=O)(=O)N)Cl,CC1C(C(CC(O1)OC2C(OC(CC2O)OC3C(OC(CC3O)OC4CCC5(C(C4)CCC6C5CCC7(C6(CCC7C8=CC(=O)OC8)O)C)C)C)C)OC(=O)C)O
Chlorothiazide,Acetyldigitoxin,The risk or severity of adverse effects can be increased when Chlorothiazide is combined with Acetyldigitoxin.,C1=C2C(=CC(=C1Cl)S(=O)(=O)N)S(=O)(=O)N=CN2,CC1C(C(CC(O1)OC2C(OC(CC2O)OC3C(OC(CC3O)OC4CCC5(C(C4)CCC6C5CCC7(C6(CCC7C8=CC(=O)OC8)O)C)C)C)C)OC(=O)C)O
Quinacrine,Acetyldigitoxin,Quinacrine may decrease the cardiotoxic activities of Acetyldigitoxin.,CCN(CC)CCCC(C)NC1=C2C=C(C=CC2=NC3=C1C=CC(=C3)Cl)OC,CC1C(C(CC(O1)OC2C(OC(CC2O)OC3C(OC(CC3O)OC4CCC5(C(C4)CCC6C5CCC7(C6(CCC7C8=CC(=O)OC8)O)C)C)C)C)OC(=O)C)O
Nelarabine,Acetyldigitoxin,Nelarabine may decrease the cardiotoxic activities of Acetyldigitoxin.,COC1=NC(=NC2=C1N=CN2C3C(C(C(O3)CO)O)O)N,CC1C(C(CC(O1)OC2C(OC(CC2O)OC3C(OC(CC3O)OC4CCC5(C(C4)CCC6C5CCC7(C6(CCC7C8=CC(=O)OC8)O)C)C)C)C)OC(=O)C)O
Azacitidine,Acetyldigitoxin,Azacitidine may decrease the cardiotoxic activities of Acetyldigitoxin.,C1=NC(=NC(=O)N1C2C(C(C(O2)CO)O)O)N,CC1C(C(CC(O1)OC2C(OC(CC2O)OC3C(OC(CC3O)OC4CCC5(C(C4)CCC6C5CCC7(C6(CCC7C8=CC(=O)OC8)O)C)C)C)C)OC(=O)C)O
Ifosfamide,Acetyldigitoxin,Ifosfamide may decrease the cardiotoxic activities of Acetyldigitoxin.,C1CN(P(=O)(OC1)NCCCl)CCCl,CC1C(C(CC(O1)OC2C(OC(CC2O)OC3C(OC(CC3O)OC4CCC5(C(C4)CCC6C5CCC7(C6(CCC7C8=CC(=O)OC8)O)C)C)C)C)OC(=O)C)O
Cytarabine,Acetyldigitoxin,Cytarabine may decrease the cardiotoxic activities of Acetyldigitoxin.,C1=CN(C(=O)N=C1N)C2C(C(C(O2)CO)O)O,CC1C(C(CC(O1)OC2C(OC(CC2O)OC3C(OC(CC3O)OC4CCC5(C(C4)CCC6C5CCC7(C6(CCC7C8=CC(=O)OC8)O)C)C)C)C)OC(=O)C)O
Lomustine,Acetyldigitoxin,Lomustine may decrease the cardiotoxic activities of Acetyldigitoxin.,C1CCC(CC1)NC(=O)N(CCCl)N=O,CC1C(C(CC(O1)OC2C(OC(CC2O)OC3C(OC(CC3O)OC4CCC5(C(C4)CCC6C5CCC7(C6(CCC7C8=CC(=O)OC8)O)C)C)C)C)OC(=O)C)O
Mechlorethamine,Acetyldigitoxin,Mechlorethamine may decrease the cardiotoxic activities of Acetyldigitoxin.,CN(CCCl)CCCl,CC1C(C(CC(O1)OC2C(OC(CC2O)OC3C(OC(CC3O)OC4CCC5(C(C4)CCC6C5CCC7(C6(CCC7C8=CC(=O)OC8)O)C)C)C)C)OC(=O)C)O
Vincristine,Acetyldigitoxin,Vincristine may decrease the cardiotoxic activities of Acetyldigitoxin.,CCC1(CC2CC(C3=C(CCN(C2)C1)C4=CC=CC=C4N3)(C5=C(C=C6C(=C5)C78CCN9C7C(C=CC9)(C(C(C8N6C=O)(C(=O)OC)O)OC(=O)C)CC)OC)C(=O)OC)O,CC1C(C(CC(O1)OC2C(OC(CC2O)OC3C(OC(CC3O)OC4CCC5(C(C4)CCC6C5CCC7(C6(CCC7C8=CC(=O)OC8)O)C)C)C)C)OC(=O)C)O
Temozolomide,Acetyldigitoxin,Temozolomide may decrease the cardiotoxic activities of Acetyldigitoxin.,CN1C(=O)N2C=NC(=C2N=N1)C(=O)N,CC1C(C(CC(O1)OC2C(OC(CC2O)OC3C(OC(CC3O)OC4CCC5(C(C4)CCC6C5CCC7(C6(CCC7C8=CC(=O)OC8)O)C)C)C)C)OC(=O)C)O
Busulfan,Acetyldigitoxin,Busulfan may decrease the cardiotoxic activities of Acetyldigitoxin.,CS(=O)(=O)OCCCCOS(=O)(=O)C,CC1C(C(CC(O1)OC2C(OC(CC2O)OC3C(OC(CC3O)OC4CCC5(C(C4)CCC6C5CCC7(C6(CCC7C8=CC(=O)OC8)O)C)C)C)C)OC(=O)C)O
Vinorelbine,Acetyldigitoxin,Vinorelbine may decrease the cardiotoxic activities of Acetyldigitoxin.,CCC1=CC2CC(C3=C(CN(C2)C1)C4=CC=CC=C4N3)(C5=C(C=C6C(=C5)C78CCN9C7C(C=CC9)(C(C(C8N6C)(C(=O)OC)O)OC(=O)C)CC)OC)C(=O)OC,CC1C(C(CC(O1)OC2C(OC(CC2O)OC3C(OC(CC3O)OC4CCC5(C(C4)CCC6C5CCC7(C6(CCC7C8=CC(=O)OC8)O)C)C)C)C)OC(=O)C)O
Tioguanine,Acetyldigitoxin,Tioguanine may decrease the cardiotoxic activities of Acetyldigitoxin.,C1=NC2=C(N1)C(=S)N=C(N2)N,CC1C(C(CC(O1)OC2C(OC(CC2O)OC3C(OC(CC3O)OC4CCC5(C(C4)CCC6C5CCC7(C6(CCC7C8=CC(=O)OC8)O)C)C)C)C)OC(=O)C)O
Mitoxantrone,Acetyldigitoxin,Mitoxantrone may decrease the cardiotoxic activities of Acetyldigitoxin.,C1=CC(=C2C(=C1NCCNCCO)C(=O)C3=C(C=CC(=C3C2=O)O)O)NCCNCCO,CC1C(C(CC(O1)OC2C(OC(CC2O)OC3C(OC(CC3O)OC4CCC5(C(C4)CCC6C5CCC7(C6(CCC7C8=CC(=O)OC8)O)C)C)C)C)OC(=O)C)O
Fluorouracil,Acetyldigitoxin,Fluorouracil may decrease the cardiotoxic activities of Acetyldigitoxin.,C1=C(C(=O)NC(=O)N1)F,CC1C(C(CC(O1)OC2C(OC(CC2O)OC3C(OC(CC3O)OC4CCC5(C(C4)CCC6C5CCC7(C6(CCC7C8=CC(=O)OC8)O)C)C)C)C)OC(=O)C)O
Imiquimod,Acetyldigitoxin,Imiquimod may decrease the cardiotoxic activities of Acetyldigitoxin.,CC(C)CN1C=NC2=C1C3=CC=CC=C3N=C2N,CC1C(C(CC(O1)OC2C(OC(CC2O)OC3C(OC(CC3O)OC4CCC5(C(C4)CCC6C5CCC7(C6(CCC7C8=CC(=O)OC8)O)C)C)C)C)OC(=O)C)O
Oxaliplatin,Acetyldigitoxin,Oxaliplatin may decrease the cardiotoxic activities of Acetyldigitoxin.,C1CCC(C(C1)[NH-])[NH-].C(=O)(C(=O)O)O.[Pt+2],CC1C(C(CC(O1)OC2C(OC(CC2O)OC3C(OC(CC3O)OC4CCC5(C(C4)CCC6C5CCC7(C6(CCC7C8=CC(=O)OC8)O)C)C)C)C)OC(=O)C)O
Pemetrexed,Acetyldigitoxin,Pemetrexed may decrease the cardiotoxic activities of Acetyldigitoxin.,C1=CC(=CC=C1CCC2=CNC3=C2C(=O)NC(=N3)N)C(=O)NC(CCC(=O)O)C(=O)O,CC1C(C(CC(O1)OC2C(OC(CC2O)OC3C(OC(CC3O)OC4CCC5(C(C4)CCC6C5CCC7(C6(CCC7C8=CC(=O)OC8)O)C)C)C)C)OC(=O)C)O
Capecitabine,Acetyldigitoxin,Capecitabine may decrease the cardiotoxic activities of Acetyldigitoxin.,CCCCCOC(=O)NC1=NC(=O)N(C=C1F)C2C(C(C(O2)C)O)O,CC1C(C(CC(O1)OC2C(OC(CC2O)OC3C(OC(CC3O)OC4CCC5(C(C4)CCC6C5CCC7(C6(CCC7C8=CC(=O)OC8)O)C)C)C)C)OC(=O)C)O
Fludarabine,Acetyldigitoxin,Fludarabine may decrease the cardiotoxic activities of Acetyldigitoxin.,C1=NC2=C(N=C(N=C2N1C3C(C(C(O3)CO)O)O)F)N,CC1C(C(CC(O1)OC2C(OC(CC2O)OC3C(OC(CC3O)OC4CCC5(C(C4)CCC6C5CCC7(C6(CCC7C8=CC(=O)OC8)O)C)C)C)C)OC(=O)C)O
Pralatrexate,Acetyldigitoxin,Pralatrexate may decrease the cardiotoxic activities of Acetyldigitoxin.,C#CCC(CC1=CN=C2C(=N1)C(=NC(=N2)N)N)C3=CC=C(C=C3)C(=O)NC(CCC(=O)O)C(=O)O,CC1C(C(CC(O1)OC2C(OC(CC2O)OC3C(OC(CC3O)OC4CCC5(C(C4)CCC6C5CCC7(C6(CCC7C8=CC(=O)OC8)O)C)C)C)C)OC(=O)C)O
Etoposide,Acetyldigitoxin,Etoposide may decrease the cardiotoxic activities of Acetyldigitoxin.,CC1OCC2C(O1)C(C(C(O2)OC3C4COC(=O)C4C(C5=CC6=C(C=C35)OCO6)C7=CC(=C(C(=C7)OC)O)OC)O)O,CC1C(C(CC(O1)OC2C(OC(CC2O)OC3C(OC(CC3O)OC4CCC5(C(C4)CCC6C5CCC7(C6(CCC7C8=CC(=O)OC8)O)C)C)C)C)OC(=O)C)O
Ruxolitinib,Acetyldigitoxin,Ruxolitinib may decrease the cardiotoxic activities of Acetyldigitoxin.,C1CCC(C1)C(CC#N)N2C=C(C=N2)C3=C4C=CNC4=NC=N3,CC1C(C(CC(O1)OC2C(OC(CC2O)OC3C(OC(CC3O)OC4CCC5(C(C4)CCC6C5CCC7(C6(CCC7C8=CC(=O)OC8)O)C)C)C)C)OC(=O)C)O
Melphalan,Acetyldigitoxin,Melphalan may decrease the cardiotoxic activities of Acetyldigitoxin.,C1=CC(=CC=C1CC(C(=O)O)N)N(CCCl)CCCl,CC1C(C(CC(O1)OC2C(OC(CC2O)OC3C(OC(CC3O)OC4CCC5(C(C4)CCC6C5CCC7(C6(CCC7C8=CC(=O)OC8)O)C)C)C)C)OC(=O)C)O
Sorafenib,Acetyldigitoxin,Sorafenib may decrease the cardiotoxic activities of Acetyldigitoxin.,CNC(=O)C1=NC=CC(=C1)OC2=CC=C(C=C2)NC(=O)NC3=CC(=C(C=C3)Cl)C(F)(F)F,CC1C(C(CC(O1)OC2C(OC(CC2O)OC3C(OC(CC3O)OC4CCC5(C(C4)CCC6C5CCC7(C6(CCC7C8=CC(=O)OC8)O)C)C)C)C)OC(=O)C)O
Teniposide,Acetyldigitoxin,Teniposide may decrease the cardiotoxic activities of Acetyldigitoxin.,COC1=CC(=CC(=C1O)OC)C2C3C(COC3=O)C(C4=CC5=C(C=C24)OCO5)OC6C(C(C7C(O6)COC(O7)C8=CC=CS8)O)O,CC1C(C(CC(O1)OC2C(OC(CC2O)OC3C(OC(CC3O)OC4CCC5(C(C4)CCC6C5CCC7(C6(CCC7C8=CC(=O)OC8)O)C)C)C)C)OC(=O)C)O
Everolimus,Acetyldigitoxin,Everolimus may decrease the cardiotoxic activities of Acetyldigitoxin.,CC1CCC2CC(C(=CC=CC=CC(CC(C(=O)C(C(C(=CC(C(=O)CC(OC(=O)C3CCCCN3C(=O)C(=O)C1(O2)O)C(C)CC4CCC(C(C4)OC)OCCO)C)C)O)OC)C)C)C)OC,CC1C(C(CC(O1)OC2C(OC(CC2O)OC3C(OC(CC3O)OC4CCC5(C(C4)CCC6C5CCC7(C6(CCC7C8=CC(=O)OC8)O)C)C)C)C)OC(=O)C)O
Azathioprine,Acetyldigitoxin,Azathioprine may decrease the cardiotoxic activities of Acetyldigitoxin.,CN1C=NC(=C1SC2=NC=NC3=C2NC=N3)[N+](=O)[O-],CC1C(C(CC(O1)OC2C(OC(CC2O)OC3C(OC(CC3O)OC4CCC5(C(C4)CCC6C5CCC7(C6(CCC7C8=CC(=O)OC8)O)C)C)C)C)OC(=O)C)O
Dactinomycin,Acetyldigitoxin,Dactinomycin may decrease the cardiotoxic activities of Acetyldigitoxin.,CC1C(C(=O)NC(C(=O)N2CCCC2C(=O)N(CC(=O)N(C(C(=O)O1)C(C)C)C)C)C(C)C)NC(=O)C3=C4C(=C(C=C3)C)OC5=C(C(=O)C(=C(C5=N4)C(=O)NC6C(OC(=O)C(N(C(=O)CN(C(=O)C7CCCN7C(=O)C(NC6=O)C(C)C)C)C)C(C)C)C)N)C,CC1C(C(CC(O1)OC2C(OC(CC2O)OC3C(OC(CC3O)OC4CCC5(C(C4)CCC6C5CCC7(C6(CCC7C8=CC(=O)OC8)O)C)C)C)C)OC(=O)C)O
Mitomycin,Acetyldigitoxin,Mitomycin may decrease the cardiotoxic activities of Acetyldigitoxin.,CC1=C(C(=O)C2=C(C1=O)N3CC4C(C3(C2COC(=O)N)OC)N4)N,CC1C(C(CC(O1)OC2C(OC(CC2O)OC3C(OC(CC3O)OC4CCC5(C(C4)CCC6C5CCC7(C6(CCC7C8=CC(=O)OC8)O)C)C)C)C)OC(=O)C)O
Cisplatin,Acetyldigitoxin,Cisplatin may decrease the cardiotoxic activities of Acetyldigitoxin.,N.N.Cl[Pt]Cl,CC1C(C(CC(O1)OC2C(OC(CC2O)OC3C(OC(CC3O)OC4CCC5(C(C4)CCC6C5CCC7(C6(CCC7C8=CC(=O)OC8)O)C)C)C)C)OC(=O)C)O
Carmustine,Acetyldigitoxin,Carmustine may decrease the cardiotoxic activities of Acetyldigitoxin.,C(CCl)NC(=O)N(CCCl)N=O,CC1C(C(CC(O1)OC2C(OC(CC2O)OC3C(OC(CC3O)OC4CCC5(C(C4)CCC6C5CCC7(C6(CCC7C8=CC(=O)OC8)O)C)C)C)C)OC(=O)C)O
Hydroxyurea,Acetyldigitoxin,Hydroxyurea may decrease the cardiotoxic activities of Acetyldigitoxin.,C(=O)(N)NO,CC1C(C(CC(O1)OC2C(OC(CC2O)OC3C(OC(CC3O)OC4CCC5(C(C4)CCC6C5CCC7(C6(CCC7C8=CC(=O)OC8)O)C)C)C)C)OC(=O)C)O
Cladribine,Acetyldigitoxin,Cladribine may decrease the cardiotoxic activities of Acetyldigitoxin.,C1C(C(OC1N2C=NC3=C(N=C(N=C32)Cl)N)CO)O,CC1C(C(CC(O1)OC2C(OC(CC2O)OC3C(OC(CC3O)OC4CCC5(C(C4)CCC6C5CCC7(C6(CCC7C8=CC(=O)OC8)O)C)C)C)C)OC(=O)C)O
Ibrutinib,Acetyldigitoxin,Ibrutinib may decrease the cardiotoxic activities of Acetyldigitoxin.,C=CC(=O)N1CCCC(C1)N2C3=NC=NC(=C3C(=N2)C4=CC=C(C=C4)OC5=CC=CC=C5)N,CC1C(C(CC(O1)OC2C(OC(CC2O)OC3C(OC(CC3O)OC4CCC5(C(C4)CCC6C5CCC7(C6(CCC7C8=CC(=O)OC8)O)C)C)C)C)OC(=O)C)O
Amsacrine,Acetyldigitoxin,Amsacrine may decrease the cardiotoxic activities of Acetyldigitoxin.,COC1=C(C=CC(=C1)NS(=O)(=O)C)NC2=C3C=CC=CC3=NC4=CC=CC=C42,CC1C(C(CC(O1)OC2C(OC(CC2O)OC3C(OC(CC3O)OC4CCC5(C(C4)CCC6C5CCC7(C6(CCC7C8=CC(=O)OC8)O)C)C)C)C)OC(=O)C)O
Vinblastine,Acetyldigitoxin,Vinblastine may decrease the cardiotoxic activities of Acetyldigitoxin.,CCC1(CC2CC(C3=C(CCN(C2)C1)C4=CC=CC=C4N3)(C5=C(C=C6C(=C5)C78CCN9C7C(C=CC9)(C(C(C8N6C)(C(=O)OC)O)OC(=O)C)CC)OC)C(=O)OC)O,CC1C(C(CC(O1)OC2C(OC(CC2O)OC3C(OC(CC3O)OC4CCC5(C(C4)CCC6C5CCC7(C6(CCC7C8=CC(=O)OC8)O)C)C)C)C)OC(=O)C)O
Temsirolimus,Acetyldigitoxin,Temsirolimus may decrease the cardiotoxic activities of Acetyldigitoxin.,CC1CCC2CC(C(=CC=CC=CC(CC(C(=O)C(C(C(=CC(C(=O)CC(OC(=O)C3CCCCN3C(=O)C(=O)C1(O2)O)C(C)CC4CCC(C(C4)OC)OC(=O)C(C)(CO)CO)C)C)O)OC)C)C)C)OC,CC1C(C(CC(O1)OC2C(OC(CC2O)OC3C(OC(CC3O)OC4CCC5(C(C4)CCC6C5CCC7(C6(CCC7C8=CC(=O)OC8)O)C)C)C)C)OC(=O)C)O
Thiotepa,Acetyldigitoxin,Thiotepa may decrease the cardiotoxic activities of Acetyldigitoxin.,C1CN1P(=S)(N2CC2)N3CC3,CC1C(C(CC(O1)OC2C(OC(CC2O)OC3C(OC(CC3O)OC4CCC5(C(C4)CCC6C5CCC7(C6(CCC7C8=CC(=O)OC8)O)C)C)C)C)OC(=O)C)O
Gemcitabine,Acetyldigitoxin,Gemcitabine may decrease the cardiotoxic activities of Acetyldigitoxin.,C1=CN(C(=O)N=C1N)C2C(C(C(O2)CO)O)(F)F,CC1C(C(CC(O1)OC2C(OC(CC2O)OC3C(OC(CC3O)OC4CCC5(C(C4)CCC6C5CCC7(C6(CCC7C8=CC(=O)OC8)O)C)C)C)C)OC(=O)C)O
Chlorambucil,Acetyldigitoxin,Chlorambucil may decrease the cardiotoxic activities of Acetyldigitoxin.,C1=CC(=CC=C1CCCC(=O)O)N(CCCl)CCCl,CC1C(C(CC(O1)OC2C(OC(CC2O)OC3C(OC(CC3O)OC4CCC5(C(C4)CCC6C5CCC7(C6(CCC7C8=CC(=O)OC8)O)C)C)C)C)OC(=O)C)O
Mercaptopurine,Acetyldigitoxin,Mercaptopurine may decrease the cardiotoxic activities of Acetyldigitoxin.,C1=NC2=C(N1)C(=S)N=CN2,CC1C(C(CC(O1)OC2C(OC(CC2O)OC3C(OC(CC3O)OC4CCC5(C(C4)CCC6C5CCC7(C6(CCC7C8=CC(=O)OC8)O)C)C)C)C)OC(=O)C)O
Methotrexate,Acetyldigitoxin,Methotrexate may decrease the cardiotoxic activities of Acetyldigitoxin.,CN(CC1=CN=C2C(=N1)C(=NC(=N2)N)N)C3=CC=C(C=C3)C(=O)NC(CCC(=O)O)C(=O)O,CC1C(C(CC(O1)OC2C(OC(CC2O)OC3C(OC(CC3O)OC4CCC5(C(C4)CCC6C5CCC7(C6(CCC7C8=CC(=O)OC8)O)C)C)C)C)OC(=O)C)O
Bleomycin,Acetyldigitoxin,Bleomycin may decrease the cardiotoxic activities of Acetyldigitoxin.,CC1=C(N=C(N=C1N)C(CC(=O)N)NCC(C(=O)N)N)C(=O)NC(C(C2=CN=CN2)OC3C(C(C(C(O3)CO)O)O)OC4C(C(C(C(O4)CO)O)OC(=O)N)O)C(=O)NC(C)C(C(C)C(=O)NC(C(C)O)C(=O)NCCC5=NC(=CS5)C6=NC(=CS6)C(=O)NCCC[S+](C)C)O,CC1C(C(CC(O1)OC2C(OC(CC2O)OC3C(OC(CC3O)OC4CCC5(C(C4)CCC6C5CCC7(C6(CCC7C8=CC(=O)OC8)O)C)C)C)C)OC(=O)C)O
Estramustine,Acetyldigitoxin,Estramustine may decrease the cardiotoxic activities of Acetyldigitoxin.,CC12CCC3C(C1CCC2O)CCC4=C3C=CC(=C4)OC(=O)N(CCCl)CCCl,CC1C(C(CC(O1)OC2C(OC(CC2O)OC3C(OC(CC3O)OC4CCC5(C(C4)CCC6C5CCC7(C6(CCC7C8=CC(=O)OC8)O)C)C)C)C)OC(=O)C)O
Vindesine,Acetyldigitoxin,Vindesine may decrease the cardiotoxic activities of Acetyldigitoxin.,CCC1(CC2CC(C3=C(CCN(C2)C1)C4=CC=CC=C4N3)(C5=C(C=C6C(=C5)C78CCN9C7C(C=CC9)(C(C(C8N6C)(C(=O)N)O)O)CC)OC)C(=O)OC)O,CC1C(C(CC(O1)OC2C(OC(CC2O)OC3C(OC(CC3O)OC4CCC5(C(C4)CCC6C5CCC7(C6(CCC7C8=CC(=O)OC8)O)C)C)C)C)OC(=O)C)O
Floxuridine,Acetyldigitoxin,Floxuridine may decrease the cardiotoxic activities of Acetyldigitoxin.,C1C(C(OC1N2C=C(C(=O)NC2=O)F)CO)O,CC1C(C(CC(O1)OC2C(OC(CC2O)OC3C(OC(CC3O)OC4CCC5(C(C4)CCC6C5CCC7(C6(CCC7C8=CC(=O)OC8)O)C)C)C)C)OC(=O)C)O
Dacarbazine,Acetyldigitoxin,Dacarbazine may decrease the cardiotoxic activities of Acetyldigitoxin.,CN(C)N=NC1=C(NC=N1)C(=O)N,CC1C(C(CC(O1)OC2C(OC(CC2O)OC3C(OC(CC3O)OC4CCC5(C(C4)CCC6C5CCC7(C6(CCC7C8=CC(=O)OC8)O)C)C)C)C)OC(=O)C)O
Trabectedin,Acetyldigitoxin,Trabectedin may decrease the cardiotoxic activities of Acetyldigitoxin.,CC1=CC2=C(C3C4C5C6=C(C(=C7C(=C6C(N4C(C(C2)N3C)O)COC(=O)C8(CS5)C9=CC(=C(C=C9CCN8)O)OC)OCO7)C)OC(=O)C)C(=C1OC)O,CC1C(C(CC(O1)OC2C(OC(CC2O)OC3C(OC(CC3O)OC4CCC5(C(C4)CCC6C5CCC7(C6(CCC7C8=CC(=O)OC8)O)C)C)C)C)OC(=O)C)O
Irinotecan,Acetyldigitoxin,Irinotecan may decrease the cardiotoxic activities of Acetyldigitoxin.,CCC1=C2CN3C(=CC4=C(C3=O)COC(=O)C4(CC)O)C2=NC5=C1C=C(C=C5)OC(=O)N6CCC(CC6)N7CCCCC7,CC1C(C(CC(O1)OC2C(OC(CC2O)OC3C(OC(CC3O)OC4CCC5(C(C4)CCC6C5CCC7(C6(CCC7C8=CC(=O)OC8)O)C)C)C)C)OC(=O)C)O
Gallium nitrate,Acetyldigitoxin,Gallium nitrate may decrease the cardiotoxic activities of Acetyldigitoxin.,[N+](=O)([O-])[O-].[N+](=O)([O-])[O-].[N+](=O)([O-])[O-].[Ga+3],CC1C(C(CC(O1)OC2C(OC(CC2O)OC3C(OC(CC3O)OC4CCC5(C(C4)CCC6C5CCC7(C6(CCC7C8=CC(=O)OC8)O)C)C)C)C)OC(=O)C)O
Topotecan,Acetyldigitoxin,Topotecan may decrease the cardiotoxic activities of Acetyldigitoxin.,CCC1(C2=C(COC1=O)C(=O)N3CC4=CC5=C(C=CC(=C5CN(C)C)O)N=C4C3=C2)O,CC1C(C(CC(O1)OC2C(OC(CC2O)OC3C(OC(CC3O)OC4CCC5(C(C4)CCC6C5CCC7(C6(CCC7C8=CC(=O)OC8)O)C)C)C)C)OC(=O)C)O
Tibolone,Acetyldigitoxin,Tibolone may decrease the cardiotoxic activities of Acetyldigitoxin.,CC1CC2=C(CCC(=O)C2)C3C1C4CCC(C4(CC3)C)(C#C)O,CC1C(C(CC(O1)OC2C(OC(CC2O)OC3C(OC(CC3O)OC4CCC5(C(C4)CCC6C5CCC7(C6(CCC7C8=CC(=O)OC8)O)C)C)C)C)OC(=O)C)O
Trichlormethiazide,Acetyldigitoxin,The risk or severity of adverse effects can be increased when Trichlormethiazide is combined with Acetyldigitoxin.,C1=C2C(=CC(=C1Cl)S(=O)(=O)N)S(=O)(=O)NC(N2)C(Cl)Cl,CC1C(C(CC(O1)OC2C(OC(CC2O)OC3C(OC(CC3O)OC4CCC5(C(C4)CCC6C5CCC7(C6(CCC7C8=CC(=O)OC8)O)C)C)C)C)OC(=O)C)O
Albendazole,Acetyldigitoxin,Albendazole may decrease the cardiotoxic activities of Acetyldigitoxin.,CCCSC1=CC2=C(C=C1)N=C(N2)NC(=O)OC,CC1C(C(CC(O1)OC2C(OC(CC2O)OC3C(OC(CC3O)OC4CCC5(C(C4)CCC6C5CCC7(C6(CCC7C8=CC(=O)OC8)O)C)C)C)C)OC(=O)C)O
Podofilox,Acetyldigitoxin,Podofilox may decrease the cardiotoxic activities of Acetyldigitoxin.,COC1=CC(=CC(=C1OC)OC)C2C3C(COC3=O)C(C4=CC5=C(C=C24)OCO5)O,CC1C(C(CC(O1)OC2C(OC(CC2O)OC3C(OC(CC3O)OC4CCC5(C(C4)CCC6C5CCC7(C6(CCC7C8=CC(=O)OC8)O)C)C)C)C)OC(=O)C)O
Gefitinib,Acetyldigitoxin,Gefitinib may decrease the cardiotoxic activities of Acetyldigitoxin.,COC1=C(C=C2C(=C1)N=CN=C2NC3=CC(=C(C=C3)F)Cl)OCCCN4CCOCC4,CC1C(C(CC(O1)OC2C(OC(CC2O)OC3C(OC(CC3O)OC4CCC5(C(C4)CCC6C5CCC7(C6(CCC7C8=CC(=O)OC8)O)C)C)C)C)OC(=O)C)O
Lapatinib,Acetyldigitoxin,Lapatinib may decrease the cardiotoxic activities of Acetyldigitoxin.,CS(=O)(=O)CCNCC1=CC=C(O1)C2=CC3=C(C=C2)N=CN=C3NC4=CC(=C(C=C4)OCC5=CC(=CC=C5)F)Cl,CC1C(C(CC(O1)OC2C(OC(CC2O)OC3C(OC(CC3O)OC4CCC5(C(C4)CCC6C5CCC7(C6(CCC7C8=CC(=O)OC8)O)C)C)C)C)OC(=O)C)O
Regorafenib,Acetyldigitoxin,Regorafenib may decrease the cardiotoxic activities of Acetyldigitoxin.,CNC(=O)C1=NC=CC(=C1)OC2=CC(=C(C=C2)NC(=O)NC3=CC(=C(C=C3)Cl)C(F)(F)F)F,CC1C(C(CC(O1)OC2C(OC(CC2O)OC3C(OC(CC3O)OC4CCC5(C(C4)CCC6C5CCC7(C6(CCC7C8=CC(=O)OC8)O)C)C)C)C)OC(=O)C)O
Ponatinib,Acetyldigitoxin,Ponatinib may decrease the cardiotoxic activities of Acetyldigitoxin.,CC1=C(C=C(C=C1)C(=O)NC2=CC(=C(C=C2)CN3CCN(CC3)C)C(F)(F)F)C#CC4=CN=C5N4N=CC=C5,CC1C(C(CC(O1)OC2C(OC(CC2O)OC3C(OC(CC3O)OC4CCC5(C(C4)CCC6C5CCC7(C6(CCC7C8=CC(=O)OC8)O)C)C)C)C)OC(=O)C)O
Bendamustine,Acetyldigitoxin,Bendamustine may decrease the cardiotoxic activities of Acetyldigitoxin.,CN1C2=C(C=C(C=C2)N(CCCl)CCCl)N=C1CCCC(=O)O,CC1C(C(CC(O1)OC2C(OC(CC2O)OC3C(OC(CC3O)OC4CCC5(C(C4)CCC6C5CCC7(C6(CCC7C8=CC(=O)OC8)O)C)C)C)C)OC(=O)C)O
Axitinib,Acetyldigitoxin,Axitinib may decrease the cardiotoxic activities of Acetyldigitoxin.,CNC(=O)C1=CC=CC=C1SC2=CC3=C(C=C2)C(=NN3)C=CC4=CC=CC=N4,CC1C(C(CC(O1)OC2C(OC(CC2O)OC3C(OC(CC3O)OC4CCC5(C(C4)CCC6C5CCC7(C6(CCC7C8=CC(=O)OC8)O)C)C)C)C)OC(=O)C)O
Flutamide,Acetyldigitoxin,Flutamide may decrease the cardiotoxic activities of Acetyldigitoxin.,CC(C)C(=O)NC1=CC(=C(C=C1)[N+](=O)[O-])C(F)(F)F,CC1C(C(CC(O1)OC2C(OC(CC2O)OC3C(OC(CC3O)OC4CCC5(C(C4)CCC6C5CCC7(C6(CCC7C8=CC(=O)OC8)O)C)C)C)C)OC(=O)C)O
Nilutamide,Acetyldigitoxin,Nilutamide may decrease the cardiotoxic activities of Acetyldigitoxin.,CC1(C(=O)N(C(=O)N1)C2=CC(=C(C=C2)[N+](=O)[O-])C(F)(F)F)C,CC1C(C(CC(O1)OC2C(OC(CC2O)OC3C(OC(CC3O)OC4CCC5(C(C4)CCC6C5CCC7(C6(CCC7C8=CC(=O)OC8)O)C)C)C)C)OC(=O)C)O
Vismodegib,Acetyldigitoxin,Vismodegib may decrease the cardiotoxic activities of Acetyldigitoxin.,CS(=O)(=O)C1=CC(=C(C=C1)C(=O)NC2=CC(=C(C=C2)Cl)C3=CC=CC=N3)Cl,CC1C(C(CC(O1)OC2C(OC(CC2O)OC3C(OC(CC3O)OC4CCC5(C(C4)CCC6C5CCC7(C6(CCC7C8=CC(=O)OC8)O)C)C)C)C)OC(=O)C)O
Exemestane,Acetyldigitoxin,Exemestane may decrease the cardiotoxic activities of Acetyldigitoxin.,CC12CCC3C(C1CCC2=O)CC(=C)C4=CC(=O)C=CC34C,CC1C(C(CC(O1)OC2C(OC(CC2O)OC3C(OC(CC3O)OC4CCC5(C(C4)CCC6C5CCC7(C6(CCC7C8=CC(=O)OC8)O)C)C)C)C)OC(=O)C)O
Methyltestosterone,Acetyldigitoxin,Methyltestosterone may decrease the cardiotoxic activities of Acetyldigitoxin.,CC12CCC(=O)C=C1CCC3C2CCC4(C3CCC4(C)O)C,CC1C(C(CC(O1)OC2C(OC(CC2O)OC3C(OC(CC3O)OC4CCC5(C(C4)CCC6C5CCC7(C6(CCC7C8=CC(=O)OC8)O)C)C)C)C)OC(=O)C)O
Bexarotene,Acetyldigitoxin,Bexarotene may decrease the cardiotoxic activities of Acetyldigitoxin.,CC1=CC2=C(C=C1C(=C)C3=CC=C(C=C3)C(=O)O)C(CCC2(C)C)(C)C,CC1C(C(CC(O1)OC2C(OC(CC2O)OC3C(OC(CC3O)OC4CCC5(C(C4)CCC6C5CCC7(C6(CCC7C8=CC(=O)OC8)O)C)C)C)C)OC(=O)C)O
Venetoclax,Acetyldigitoxin,Venetoclax may decrease the cardiotoxic activities of Acetyldigitoxin.,CC1(CCC(=C(C1)C2=CC=C(C=C2)Cl)CN3CCN(CC3)C4=CC(=C(C=C4)C(=O)NS(=O)(=O)C5=CC(=C(C=C5)NCC6CCOCC6)[N+](=O)[O-])OC7=CN=C8C(=C7)C=CN8)C,CC1C(C(CC(O1)OC2C(OC(CC2O)OC3C(OC(CC3O)OC4CCC5(C(C4)CCC6C5CCC7(C6(CCC7C8=CC(=O)OC8)O)C)C)C)C)OC(=O)C)O
Tamoxifen,Acetyldigitoxin,Tamoxifen may decrease the cardiotoxic activities of Acetyldigitoxin.,CCC(=C(C1=CC=CC=C1)C2=CC=C(C=C2)OCCN(C)C)C3=CC=CC=C3,CC1C(C(CC(O1)OC2C(OC(CC2O)OC3C(OC(CC3O)OC4CCC5(C(C4)CCC6C5CCC7(C6(CCC7C8=CC(=O)OC8)O)C)C)C)C)OC(=O)C)O
Cabozantinib,Acetyldigitoxin,Cabozantinib may decrease the cardiotoxic activities of Acetyldigitoxin.,COC1=CC2=C(C=CN=C2C=C1OC)OC3=CC=C(C=C3)NC(=O)C4(CC4)C(=O)NC5=CC=C(C=C5)F,CC1C(C(CC(O1)OC2C(OC(CC2O)OC3C(OC(CC3O)OC4CCC5(C(C4)CCC6C5CCC7(C6(CCC7C8=CC(=O)OC8)O)C)C)C)C)OC(=O)C)O
Romidepsin,Acetyldigitoxin,Romidepsin may decrease the cardiotoxic activities of Acetyldigitoxin.,CC=C1C(=O)NC(C(=O)OC2CC(=O)NC(C(=O)NC(CSSCCC=C2)C(=O)N1)C(C)C)C(C)C,CC1C(C(CC(O1)OC2C(OC(CC2O)OC3C(OC(CC3O)OC4CCC5(C(C4)CCC6C5CCC7(C6(CCC7C8=CC(=O)OC8)O)C)C)C)C)OC(=O)C)O
Fulvestrant,Acetyldigitoxin,Fulvestrant may decrease the cardiotoxic activities of Acetyldigitoxin.,CC12CCC3C(C1CCC2O)C(CC4=C3C=CC(=C4)O)CCCCCCCCCS(=O)CCCC(C(F)(F)F)(F)F,CC1C(C(CC(O1)OC2C(OC(CC2O)OC3C(OC(CC3O)OC4CCC5(C(C4)CCC6C5CCC7(C6(CCC7C8=CC(=O)OC8)O)C)C)C)C)OC(=O)C)O
Erlotinib,Acetyldigitoxin,Erlotinib may decrease the cardiotoxic activities of Acetyldigitoxin.,COCCOC1=C(C=C2C(=C1)C(=NC=N2)NC3=CC=CC(=C3)C#C)OCCOC,CC1C(C(CC(O1)OC2C(OC(CC2O)OC3C(OC(CC3O)OC4CCC5(C(C4)CCC6C5CCC7(C6(CCC7C8=CC(=O)OC8)O)C)C)C)C)OC(=O)C)O
Hydroxyprogesterone caproate,Acetyldigitoxin,Hydroxyprogesterone caproate may decrease the cardiotoxic activities of Acetyldigitoxin.,CCCCCC(=O)OC1(CCC2C1(CCC3C2CCC4=CC(=O)CCC34C)C)C(=O)C,CC1C(C(CC(O1)OC2C(OC(CC2O)OC3C(OC(CC3O)OC4CCC5(C(C4)CCC6C5CCC7(C6(CCC7C8=CC(=O)OC8)O)C)C)C)C)OC(=O)C)O
Dabrafenib,Acetyldigitoxin,Dabrafenib may decrease the cardiotoxic activities of Acetyldigitoxin.,CC(C)(C)C1=NC(=C(S1)C2=NC(=NC=C2)N)C3=C(C(=CC=C3)NS(=O)(=O)C4=C(C=CC=C4F)F)F,CC1C(C(CC(O1)OC2C(OC(CC2O)OC3C(OC(CC3O)OC4CCC5(C(C4)CCC6C5CCC7(C6(CCC7C8=CC(=O)OC8)O)C)C)C)C)OC(=O)C)O
Mebendazole,Acetyldigitoxin,Mebendazole may decrease the cardiotoxic activities of Acetyldigitoxin.,COC(=O)NC1=NC2=C(N1)C=C(C=C2)C(=O)C3=CC=CC=C3,CC1C(C(CC(O1)OC2C(OC(CC2O)OC3C(OC(CC3O)OC4CCC5(C(C4)CCC6C5CCC7(C6(CCC7C8=CC(=O)OC8)O)C)C)C)C)OC(=O)C)O
Bicalutamide,Acetyldigitoxin,Bicalutamide may decrease the cardiotoxic activities of Acetyldigitoxin.,CC(CS(=O)(=O)C1=CC=C(C=C1)F)(C(=O)NC2=CC(=C(C=C2)C#N)C(F)(F)F)O,CC1C(C(CC(O1)OC2C(OC(CC2O)OC3C(OC(CC3O)OC4CCC5(C(C4)CCC6C5CCC7(C6(CCC7C8=CC(=O)OC8)O)C)C)C)C)OC(=O)C)O
Ixabepilone,Acetyldigitoxin,Ixabepilone may decrease the cardiotoxic activities of Acetyldigitoxin.,CC1CCCC2(C(O2)CC(NC(=O)CC(C(C(=O)C(C1O)C)(C)C)O)C(=CC3=CSC(=N3)C)C)C,CC1C(C(CC(O1)OC2C(OC(CC2O)OC3C(OC(CC3O)OC4CCC5(C(C4)CCC6C5CCC7(C6(CCC7C8=CC(=O)OC8)O)C)C)C)C)OC(=O)C)O
Lomefloxacin,Acetyldigitoxin,Lomefloxacin may decrease the cardiotoxic activities of Acetyldigitoxin.,CCN1C=C(C(=O)C2=CC(=C(C(=C21)F)N3CCNC(C3)C)F)C(=O)O,CC1C(C(CC(O1)OC2C(OC(CC2O)OC3C(OC(CC3O)OC4CCC5(C(C4)CCC6C5CCC7(C6(CCC7C8=CC(=O)OC8)O)C)C)C)C)OC(=O)C)O
Colchicine,Acetyldigitoxin,Colchicine may decrease the cardiotoxic activities of Acetyldigitoxin.,CC(=O)NC1CCC2=CC(=C(C(=C2C3=CC=C(C(=O)C=C13)OC)OC)OC)OC,CC1C(C(CC(O1)OC2C(OC(CC2O)OC3C(OC(CC3O)OC4CCC5(C(C4)CCC6C5CCC7(C6(CCC7C8=CC(=O)OC8)O)C)C)C)C)OC(=O)C)O
Quinethazone,Acetyldigitoxin,The risk or severity of adverse effects can be increased when Quinethazone is combined with Acetyldigitoxin.,CCC1NC2=CC(=C(C=C2C(=O)N1)S(=O)(=O)N)Cl,CC1C(C(CC(O1)OC2C(OC(CC2O)OC3C(OC(CC3O)OC4CCC5(C(C4)CCC6C5CCC7(C6(CCC7C8=CC(=O)OC8)O)C)C)C)C)OC(=O)C)O
Decitabine,Acetyldigitoxin,Decitabine may decrease the cardiotoxic activities of Acetyldigitoxin.,C1C(C(OC1N2C=NC(=NC2=O)N)CO)O,CC1C(C(CC(O1)OC2C(OC(CC2O)OC3C(OC(CC3O)OC4CCC5(C(C4)CCC6C5CCC7(C6(CCC7C8=CC(=O)OC8)O)C)C)C)C)OC(=O)C)O
Carfilzomib,Acetyldigitoxin,Carfilzomib may decrease the cardiotoxic activities of Acetyldigitoxin.,CC(C)CC(C(=O)C1(CO1)C)NC(=O)C(CC2=CC=CC=C2)NC(=O)C(CC(C)C)NC(=O)C(CCC3=CC=CC=C3)NC(=O)CN4CCOCC4,CC1C(C(CC(O1)OC2C(OC(CC2O)OC3C(OC(CC3O)OC4CCC5(C(C4)CCC6C5CCC7(C6(CCC7C8=CC(=O)OC8)O)C)C)C)C)OC(=O)C)O
Dexrazoxane,Acetyldigitoxin,Dexrazoxane may decrease the cardiotoxic activities of Acetyldigitoxin.,CC(CN1CC(=O)NC(=O)C1)N2CC(=O)NC(=O)C2,CC1C(C(CC(O1)OC2C(OC(CC2O)OC3C(OC(CC3O)OC4CCC5(C(C4)CCC6C5CCC7(C6(CCC7C8=CC(=O)OC8)O)C)C)C)C)OC(=O)C)O
Vitamin A,Acetyldigitoxin,Vitamin A may decrease the cardiotoxic activities of Acetyldigitoxin.,CC1=C(C(CCC1)(C)C)C=CC(=CC=CC(=CCO)C)C,CC1C(C(CC(O1)OC2C(OC(CC2O)OC3C(OC(CC3O)OC4CCC5(C(C4)CCC6C5CCC7(C6(CCC7C8=CC(=O)OC8)O)C)C)C)C)OC(=O)C)O
Nedaplatin,Acetyldigitoxin,Nedaplatin may decrease the cardiotoxic activities of Acetyldigitoxin.,C(C(=O)[O-])[O-].N.N.[Pt+2],CC1C(C(CC(O1)OC2C(OC(CC2O)OC3C(OC(CC3O)OC4CCC5(C(C4)CCC6C5CCC7(C6(CCC7C8=CC(=O)OC8)O)C)C)C)C)OC(=O)C)O
Vinflunine,Acetyldigitoxin,Vinflunine may decrease the cardiotoxic activities of Acetyldigitoxin.,CCC12C=CCN3C1C4(CC3)C(C(C2OC(=O)C)(C(=O)OC)O)N(C5=CC(=C(C=C45)C6(CC7CC(CN(C7)CC8=C6NC9=CC=CC=C89)C(C)(F)F)C(=O)OC)OC)C,CC1C(C(CC(O1)OC2C(OC(CC2O)OC3C(OC(CC3O)OC4CCC5(C(C4)CCC6C5CCC7(C6(CCC7C8=CC(=O)OC8)O)C)C)C)C)OC(=O)C)O
Nalidixic acid,Acetyldigitoxin,Nalidixic acid may decrease the cardiotoxic activities of Acetyldigitoxin.,CCN1C=C(C(=O)C2=C1N=C(C=C2)C)C(=O)O,CC1C(C(CC(O1)OC2C(OC(CC2O)OC3C(OC(CC3O)OC4CCC5(C(C4)CCC6C5CCC7(C6(CCC7C8=CC(=O)OC8)O)C)C)C)C)OC(=O)C)O
Belinostat,Acetyldigitoxin,Belinostat may decrease the cardiotoxic activities of Acetyldigitoxin.,C1=CC=C(C=C1)NS(=O)(=O)C2=CC=CC(=C2)C=CC(=O)NO,CC1C(C(CC(O1)OC2C(OC(CC2O)OC3C(OC(CC3O)OC4CCC5(C(C4)CCC6C5CCC7(C6(CCC7C8=CC(=O)OC8)O)C)C)C)C)OC(=O)C)O
Trametinib,Acetyldigitoxin,Trametinib may decrease the cardiotoxic activities of Acetyldigitoxin.,CC1=C2C(=C(N(C1=O)C)NC3=C(C=C(C=C3)I)F)C(=O)N(C(=O)N2C4=CC=CC(=C4)NC(=O)C)C5CC5,CC1C(C(CC(O1)OC2C(OC(CC2O)OC3C(OC(CC3O)OC4CCC5(C(C4)CCC6C5CCC7(C6(CCC7C8=CC(=O)OC8)O)C)C)C)C)OC(=O)C)O
Anastrozole,Acetyldigitoxin,Anastrozole may decrease the cardiotoxic activities of Acetyldigitoxin.,CC(C)(C#N)C1=CC(=CC(=C1)CN2C=NC=N2)C(C)(C)C#N,CC1C(C(CC(O1)OC2C(OC(CC2O)OC3C(OC(CC3O)OC4CCC5(C(C4)CCC6C5CCC7(C6(CCC7C8=CC(=O)OC8)O)C)C)C)C)OC(=O)C)O
Raltitrexed,Acetyldigitoxin,Raltitrexed may decrease the cardiotoxic activities of Acetyldigitoxin.,CC1=NC2=C(C=C(C=C2)CN(C)C3=CC=C(S3)C(=O)NC(CCC(=O)O)C(=O)O)C(=O)N1,CC1C(C(CC(O1)OC2C(OC(CC2O)OC3C(OC(CC3O)OC4CCC5(C(C4)CCC6C5CCC7(C6(CCC7C8=CC(=O)OC8)O)C)C)C)C)OC(=O)C)O
Bosutinib,Acetyldigitoxin,Bosutinib may decrease the cardiotoxic activities of Acetyldigitoxin.,CN1CCN(CC1)CCCOC2=C(C=C3C(=C2)N=CC(=C3NC4=CC(=C(C=C4Cl)Cl)OC)C#N)OC,CC1C(C(CC(O1)OC2C(OC(CC2O)OC3C(OC(CC3O)OC4CCC5(C(C4)CCC6C5CCC7(C6(CCC7C8=CC(=O)OC8)O)C)C)C)C)OC(=O)C)O
Calcipotriol,Acetyldigitoxin,Calcipotriol may decrease the cardiotoxic activities of Acetyldigitoxin.,CC(C=CC(C1CC1)O)C2CCC3C2(CCCC3=CC=C4CC(CC(C4=C)O)O)C,CC1C(C(CC(O1)OC2C(OC(CC2O)OC3C(OC(CC3O)OC4CCC5(C(C4)CCC6C5CCC7(C6(CCC7C8=CC(=O)OC8)O)C)C)C)C)OC(=O)C)O
Cobimetinib,Acetyldigitoxin,Cobimetinib may decrease the cardiotoxic activities of Acetyldigitoxin.,C1CCNC(C1)C2(CN(C2)C(=O)C3=C(C(=C(C=C3)F)F)NC4=C(C=C(C=C4)I)F)O,CC1C(C(CC(O1)OC2C(OC(CC2O)OC3C(OC(CC3O)OC4CCC5(C(C4)CCC6C5CCC7(C6(CCC7C8=CC(=O)OC8)O)C)C)C)C)OC(=O)C)O
Besifloxacin,Acetyldigitoxin,Besifloxacin may decrease the cardiotoxic activities of Acetyldigitoxin.,C1CCN(CC(C1)N)C2=C(C=C3C(=C2Cl)N(C=C(C3=O)C(=O)O)C4CC4)F,CC1C(C(CC(O1)OC2C(OC(CC2O)OC3C(OC(CC3O)OC4CCC5(C(C4)CCC6C5CCC7(C6(CCC7C8=CC(=O)OC8)O)C)C)C)C)OC(=O)C)O
Tegafur,Acetyldigitoxin,Tegafur may decrease the cardiotoxic activities of Acetyldigitoxin.,C1CC(OC1)N2C=C(C(=O)NC2=O)F,CC1C(C(CC(O1)OC2C(OC(CC2O)OC3C(OC(CC3O)OC4CCC5(C(C4)CCC6C5CCC7(C6(CCC7C8=CC(=O)OC8)O)C)C)C)C)OC(=O)C)O
Alitretinoin,Acetyldigitoxin,Alitretinoin may decrease the cardiotoxic activities of Acetyldigitoxin.,CC1=C(C(CCC1)(C)C)C=CC(=CC=CC(=CC(=O)O)C)C,CC1C(C(CC(O1)OC2C(OC(CC2O)OC3C(OC(CC3O)OC4CCC5(C(C4)CCC6C5CCC7(C6(CCC7C8=CC(=O)OC8)O)C)C)C)C)OC(=O)C)O
Pipobroman,Acetyldigitoxin,Pipobroman may decrease the cardiotoxic activities of Acetyldigitoxin.,C1CN(CCN1C(=O)CCBr)C(=O)CCBr,CC1C(C(CC(O1)OC2C(OC(CC2O)OC3C(OC(CC3O)OC4CCC5(C(C4)CCC6C5CCC7(C6(CCC7C8=CC(=O)OC8)O)C)C)C)C)OC(=O)C)O
Uracil mustard,Acetyldigitoxin,Uracil mustard may decrease the cardiotoxic activities of Acetyldigitoxin.,C1=C(C(=O)NC(=O)N1)N(CCCl)CCCl,CC1C(C(CC(O1)OC2C(OC(CC2O)OC3C(OC(CC3O)OC4CCC5(C(C4)CCC6C5CCC7(C6(CCC7C8=CC(=O)OC8)O)C)C)C)C)OC(=O)C)O
Alectinib,Acetyldigitoxin,Alectinib may decrease the cardiotoxic activities of Acetyldigitoxin.,CCC1=CC2=C(C=C1N3CCC(CC3)N4CCOCC4)C(C5=C(C2=O)C6=C(N5)C=C(C=C6)C#N)(C)C,CC1C(C(CC(O1)OC2C(OC(CC2O)OC3C(OC(CC3O)OC4CCC5(C(C4)CCC6C5CCC7(C6(CCC7C8=CC(=O)OC8)O)C)C)C)C)OC(=O)C)O
Testolactone,Acetyldigitoxin,Testolactone may decrease the cardiotoxic activities of Acetyldigitoxin.,CC12CCC3C(C1CCC(=O)O2)CCC4=CC(=O)C=CC34C,CC1C(C(CC(O1)OC2C(OC(CC2O)OC3C(OC(CC3O)OC4CCC5(C(C4)CCC6C5CCC7(C6(CCC7C8=CC(=O)OC8)O)C)C)C)C)OC(=O)C)O
Eflornithine,Acetyldigitoxin,Eflornithine may decrease the cardiotoxic activities of Acetyldigitoxin.,C(CC(C(F)F)(C(=O)O)N)CN,CC1C(C(CC(O1)OC2C(OC(CC2O)OC3C(OC(CC3O)OC4CCC5(C(C4)CCC6C5CCC7(C6(CCC7C8=CC(=O)OC8)O)C)C)C)C)OC(=O)C)O
Trovafloxacin,Acetyldigitoxin,Trovafloxacin may decrease the cardiotoxic activities of Acetyldigitoxin.,C1C2C(C2N)CN1C3=C(C=C4C(=O)C(=CN(C4=N3)C5=C(C=C(C=C5)F)F)C(=O)O)F,CC1C(C(CC(O1)OC2C(OC(CC2O)OC3C(OC(CC3O)OC4CCC5(C(C4)CCC6C5CCC7(C6(CCC7C8=CC(=O)OC8)O)C)C)C)C)OC(=O)C)O
Nintedanib,Acetyldigitoxin,Nintedanib may decrease the cardiotoxic activities of Acetyldigitoxin.,CN1CCN(CC1)CC(=O)N(C)C2=CC=C(C=C2)N=C(C3=CC=CC=C3)C4=C(NC5=C4C=CC(=C5)C(=O)OC)O,CC1C(C(CC(O1)OC2C(OC(CC2O)OC3C(OC(CC3O)OC4CCC5(C(C4)CCC6C5CCC7(C6(CCC7C8=CC(=O)OC8)O)C)C)C)C)OC(=O)C)O
Methyl aminolevulinate,Acetyldigitoxin,Methyl aminolevulinate may decrease the cardiotoxic activities of Acetyldigitoxin.,COC(=O)CCC(=O)CN,CC1C(C(CC(O1)OC2C(OC(CC2O)OC3C(OC(CC3O)OC4CCC5(C(C4)CCC6C5CCC7(C6(CCC7C8=CC(=O)OC8)O)C)C)C)C)OC(=O)C)O
Enoxacin,Acetyldigitoxin,Enoxacin may decrease the cardiotoxic activities of Acetyldigitoxin.,CCN1C=C(C(=O)C2=CC(=C(N=C21)N3CCNCC3)F)C(=O)O,CC1C(C(CC(O1)OC2C(OC(CC2O)OC3C(OC(CC3O)OC4CCC5(C(C4)CCC6C5CCC7(C6(CCC7C8=CC(=O)OC8)O)C)C)C)C)OC(=O)C)O
Pefloxacin,Acetyldigitoxin,Pefloxacin may decrease the cardiotoxic activities of Acetyldigitoxin.,CCN1C=C(C(=O)C2=CC(=C(C=C21)N3CCN(CC3)C)F)C(=O)O,CC1C(C(CC(O1)OC2C(OC(CC2O)OC3C(OC(CC3O)OC4CCC5(C(C4)CCC6C5CCC7(C6(CCC7C8=CC(=O)OC8)O)C)C)C)C)OC(=O)C)O
Azelaic acid,Acetyldigitoxin,Azelaic acid may decrease the cardiotoxic activities of Acetyldigitoxin.,C(CCCC(=O)O)CCCC(=O)O,CC1C(C(CC(O1)OC2C(OC(CC2O)OC3C(OC(CC3O)OC4CCC5(C(C4)CCC6C5CCC7(C6(CCC7C8=CC(=O)OC8)O)C)C)C)C)OC(=O)C)O
Cinoxacin,Acetyldigitoxin,Cinoxacin may decrease the cardiotoxic activities of Acetyldigitoxin.,CCN1C2=CC3=C(C=C2C(=O)C(=N1)C(=O)O)OCO3,CC1C(C(CC(O1)OC2C(OC(CC2O)OC3C(OC(CC3O)OC4CCC5(C(C4)CCC6C5CCC7(C6(CCC7C8=CC(=O)OC8)O)C)C)C)C)OC(=O)C)O
Phenylacetic acid,Acetyldigitoxin,Phenylacetic acid may decrease the cardiotoxic activities of Acetyldigitoxin.,C1=CC=C(C=C1)CC(=O)O,CC1C(C(CC(O1)OC2C(OC(CC2O)OC3C(OC(CC3O)OC4CCC5(C(C4)CCC6C5CCC7(C6(CCC7C8=CC(=O)OC8)O)C)C)C)C)OC(=O)C)O
Sparfloxacin,Acetyldigitoxin,Sparfloxacin may decrease the cardiotoxic activities of Acetyldigitoxin.,CC1CN(CC(N1)C)C2=C(C(=C3C(=C2F)N(C=C(C3=O)C(=O)O)C4CC4)N)F,CC1C(C(CC(O1)OC2C(OC(CC2O)OC3C(OC(CC3O)OC4CCC5(C(C4)CCC6C5CCC7(C6(CCC7C8=CC(=O)OC8)O)C)C)C)C)OC(=O)C)O
Niraparib,Acetyldigitoxin,Niraparib may decrease the cardiotoxic activities of Acetyldigitoxin.,C1CC(CNC1)C2=CC=C(C=C2)N3C=C4C=CC=C(C4=N3)C(=O)N,CC1C(C(CC(O1)OC2C(OC(CC2O)OC3C(OC(CC3O)OC4CCC5(C(C4)CCC6C5CCC7(C6(CCC7C8=CC(=O)OC8)O)C)C)C)C)OC(=O)C)O
Vapreotide,Acetyldigitoxin,Vapreotide may decrease the cardiotoxic activities of Acetyldigitoxin.,CC(C)C1C(=O)NC(CSSCC(C(=O)NC(C(=O)NC(C(=O)NC(C(=O)N1)CCCCN)CC2=CNC3=CC=CC=C32)CC4=CC=C(C=C4)O)NC(=O)C(CC5=CC=CC=C5)N)C(=O)NC(CC6=CNC7=CC=CC=C76)C(=O)N,CC1C(C(CC(O1)OC2C(OC(CC2O)OC3C(OC(CC3O)OC4CCC5(C(C4)CCC6C5CCC7(C6(CCC7C8=CC(=O)OC8)O)C)C)C)C)OC(=O)C)O
Trilostane,Acetyldigitoxin,Trilostane may decrease the cardiotoxic activities of Acetyldigitoxin.,CC12CCC3C(C1CCC2O)CCC45C3(CC(=C(C4O5)O)C#N)C,CC1C(C(CC(O1)OC2C(OC(CC2O)OC3C(OC(CC3O)OC4CCC5(C(C4)CCC6C5CCC7(C6(CCC7C8=CC(=O)OC8)O)C)C)C)C)OC(=O)C)O
Sonidegib,Acetyldigitoxin,Sonidegib may decrease the cardiotoxic activities of Acetyldigitoxin.,CC1CN(CC(O1)C)C2=NC=C(C=C2)NC(=O)C3=CC=CC(=C3C)C4=CC=C(C=C4)OC(F)(F)F,CC1C(C(CC(O1)OC2C(OC(CC2O)OC3C(OC(CC3O)OC4CCC5(C(C4)CCC6C5CCC7(C6(CCC7C8=CC(=O)OC8)O)C)C)C)C)OC(=O)C)O
Cyproterone acetate,Acetyldigitoxin,Cyproterone acetate may decrease the cardiotoxic activities of Acetyldigitoxin.,CC(=O)C1(CCC2C1(CCC3C2C=C(C4=CC(=O)C5CC5C34C)Cl)C)OC(=O)C,CC1C(C(CC(O1)OC2C(OC(CC2O)OC3C(OC(CC3O)OC4CCC5(C(C4)CCC6C5CCC7(C6(CCC7C8=CC(=O)OC8)O)C)C)C)C)OC(=O)C)O
Suramin,Acetyldigitoxin,Suramin may decrease the cardiotoxic activities of Acetyldigitoxin.,CC1=C(C=C(C=C1)C(=O)NC2=C3C(=CC(=CC3=C(C=C2)S(=O)(=O)O)S(=O)(=O)O)S(=O)(=O)O)NC(=O)C4=CC(=CC=C4)NC(=O)NC5=CC=CC(=C5)C(=O)NC6=C(C=CC(=C6)C(=O)NC7=C8C(=CC(=CC8=C(C=C7)S(=O)(=O)O)S(=O)(=O)O)S(=O)(=O)O)C,CC1C(C(CC(O1)OC2C(OC(CC2O)OC3C(OC(CC3O)OC4CCC5(C(C4)CCC6C5CCC7(C6(CCC7C8=CC(=O)OC8)O)C)C)C)C)OC(=O)C)O
Iobenguane,Acetyldigitoxin,Iobenguane may decrease the cardiotoxic activities of Acetyldigitoxin.,C1=CC(=CC(=C1)I)CN=C(N)N,CC1C(C(CC(O1)OC2C(OC(CC2O)OC3C(OC(CC3O)OC4CCC5(C(C4)CCC6C5CCC7(C6(CCC7C8=CC(=O)OC8)O)C)C)C)C)OC(=O)C)O
Omacetaxine mepesuccinate,Acetyldigitoxin,Omacetaxine mepesuccinate may decrease the cardiotoxic activities of Acetyldigitoxin.,CC(C)(CCCC(CC(=O)OC)(C(=O)OC1C2C3=CC4=C(C=C3CCN5C2(CCC5)C=C1OC)OCO4)O)O,CC1C(C(CC(O1)OC2C(OC(CC2O)OC3C(OC(CC3O)OC4CCC5(C(C4)CCC6C5CCC7(C6(CCC7C8=CC(=O)OC8)O)C)C)C)C)OC(=O)C)O
Aminoglutethimide,Acetyldigitoxin,Aminoglutethimide may decrease the cardiotoxic activities of Acetyldigitoxin.,CCC1(CCC(=O)NC1=O)C2=CC=C(C=C2)N,CC1C(C(CC(O1)OC2C(OC(CC2O)OC3C(OC(CC3O)OC4CCC5(C(C4)CCC6C5CCC7(C6(CCC7C8=CC(=O)OC8)O)C)C)C)C)OC(=O)C)O
Gatifloxacin,Acetyldigitoxin,Gatifloxacin may decrease the cardiotoxic activities of Acetyldigitoxin.,CC1CN(CCN1)C2=C(C=C3C(=C2OC)N(C=C(C3=O)C(=O)O)C4CC4)F,CC1C(C(CC(O1)OC2C(OC(CC2O)OC3C(OC(CC3O)OC4CCC5(C(C4)CCC6C5CCC7(C6(CCC7C8=CC(=O)OC8)O)C)C)C)C)OC(=O)C)O
Mequinol,Acetyldigitoxin,Mequinol may decrease the cardiotoxic activities of Acetyldigitoxin.,COC1=CC=C(C=C1)O,CC1C(C(CC(O1)OC2C(OC(CC2O)OC3C(OC(CC3O)OC4CCC5(C(C4)CCC6C5CCC7(C6(CCC7C8=CC(=O)OC8)O)C)C)C)C)OC(=O)C)O
Podophyllin,Acetyldigitoxin,Podophyllin may decrease the cardiotoxic activities of Acetyldigitoxin.,COC1=CC(=CC(=C1OC)OC)C2C3C(COC3=O)C(C4=CC5=C(C=C24)OCO5)O.COC1=CC(=CC(=C1OC)OC)C2C3C(COC3=O)C(C4=CC5=C(C=C24)OCO5)O.COC1=CC(=CC(=C1OC)OC)C2C(C(C(C3=CC4=C(C=C23)OCO4)O)CO)C(=O)O.COC1=CC(=CC(=C1OC)OC)C2C(C(C(C3=CC4=C(C=C23)OCO4)O)CO)C(=O)O,CC1C(C(CC(O1)OC2C(OC(CC2O)OC3C(OC(CC3O)OC4CCC5(C(C4)CCC6C5CCC7(C6(CCC7C8=CC(=O)OC8)O)C)C)C)C)OC(=O)C)O
Megestrol acetate,Acetyldigitoxin,Megestrol acetate may decrease the cardiotoxic activities of Acetyldigitoxin.,CC1=CC2C(CCC3(C2CCC3(C(=O)C)OC(=O)C)C)C4(C1=CC(=O)CC4)C,CC1C(C(CC(O1)OC2C(OC(CC2O)OC3C(OC(CC3O)OC4CCC5(C(C4)CCC6C5CCC7(C6(CCC7C8=CC(=O)OC8)O)C)C)C)C)OC(=O)C)O
Fleroxacin,Acetyldigitoxin,Fleroxacin may decrease the cardiotoxic activities of Acetyldigitoxin.,CN1CCN(CC1)C2=C(C=C3C(=C2F)N(C=C(C3=O)C(=O)O)CCF)F,CC1C(C(CC(O1)OC2C(OC(CC2O)OC3C(OC(CC3O)OC4CCC5(C(C4)CCC6C5CCC7(C6(CCC7C8=CC(=O)OC8)O)C)C)C)C)OC(=O)C)O
Phenylbutyric acid,Acetyldigitoxin,Phenylbutyric acid may decrease the cardiotoxic activities of Acetyldigitoxin.,C1=CC=C(C=C1)CCCC(=O)O,CC1C(C(CC(O1)OC2C(OC(CC2O)OC3C(OC(CC3O)OC4CCC5(C(C4)CCC6C5CCC7(C6(CCC7C8=CC(=O)OC8)O)C)C)C)C)OC(=O)C)O
Pixantrone,Acetyldigitoxin,Pixantrone may decrease the cardiotoxic activities of Acetyldigitoxin.,C1=CC(=C2C(=C1NCCN)C(=O)C3=C(C2=O)C=NC=C3)NCCN,CC1C(C(CC(O1)OC2C(OC(CC2O)OC3C(OC(CC3O)OC4CCC5(C(C4)CCC6C5CCC7(C6(CCC7C8=CC(=O)OC8)O)C)C)C)C)OC(=O)C)O
Trifluridine,Acetyldigitoxin,Trifluridine may decrease the cardiotoxic activities of Acetyldigitoxin.,C1C(C(OC1N2C=C(C(=O)NC2=O)C(F)(F)F)CO)O,CC1C(C(CC(O1)OC2C(OC(CC2O)OC3C(OC(CC3O)OC4CCC5(C(C4)CCC6C5CCC7(C6(CCC7C8=CC(=O)OC8)O)C)C)C)C)OC(=O)C)O
Medrogestone,Acetyldigitoxin,Medrogestone may decrease the cardiotoxic activities of Acetyldigitoxin.,CC1=CC2C(CCC3(C2CCC3(C)C(=O)C)C)C4(C1=CC(=O)CC4)C,CC1C(C(CC(O1)OC2C(OC(CC2O)OC3C(OC(CC3O)OC4CCC5(C(C4)CCC6C5CCC7(C6(CCC7C8=CC(=O)OC8)O)C)C)C)C)OC(=O)C)O
Lycopene,Acetyldigitoxin,Lycopene may decrease the cardiotoxic activities of Acetyldigitoxin.,CC(=CCCC(=CC=CC(=CC=CC(=CC=CC=C(C)C=CC=C(C)C=CC=C(C)CCC=C(C)C)C)C)C)C,CC1C(C(CC(O1)OC2C(OC(CC2O)OC3C(OC(CC3O)OC4CCC5(C(C4)CCC6C5CCC7(C6(CCC7C8=CC(=O)OC8)O)C)C)C)C)OC(=O)C)O
Spironolactone,Acetyldigitoxin,The therapeutic efficacy of Acetyldigitoxin can be decreased when used in combination with Spironolactone.,CC(=O)SC1CC2=CC(=O)CCC2(C3C1C4CCC5(C4(CC3)C)CCC(=O)O5)C,CC1C(C(CC(O1)OC2C(OC(CC2O)OC3C(OC(CC3O)OC4CCC5(C(C4)CCC6C5CCC7(C6(CCC7C8=CC(=O)OC8)O)C)C)C)C)OC(=O)C)O
Labetalol,Acetyldigitoxin,Labetalol may increase the bradycardic activities of Acetyldigitoxin.,CC(CCC1=CC=CC=C1)NCC(C2=CC(=C(C=C2)O)C(=O)N)O,CC1C(C(CC(O1)OC2C(OC(CC2O)OC3C(OC(CC3O)OC4CCC5(C(C4)CCC6C5CCC7(C6(CCC7C8=CC(=O)OC8)O)C)C)C)C)OC(=O)C)O
Carvedilol,Acetyldigitoxin,Carvedilol may increase the bradycardic activities of Acetyldigitoxin.,COC1=CC=CC=C1OCCNCC(COC2=CC=CC3=C2C4=CC=CC=C4N3)O,CC1C(C(CC(O1)OC2C(OC(CC2O)OC3C(OC(CC3O)OC4CCC5(C(C4)CCC6C5CCC7(C6(CCC7C8=CC(=O)OC8)O)C)C)C)C)OC(=O)C)O
Mesalazine,Acetyldigitoxin,The serum concentration of Acetyldigitoxin can be decreased when it is combined with Mesalazine.,C1=CC(=C(C=C1N)C(=O)O)O,CC1C(C(CC(O1)OC2C(OC(CC2O)OC3C(OC(CC3O)OC4CCC5(C(C4)CCC6C5CCC7(C6(CCC7C8=CC(=O)OC8)O)C)C)C)C)OC(=O)C)O
Balsalazide,Acetyldigitoxin,The serum concentration of Acetyldigitoxin can be decreased when it is combined with Balsalazide.,C1=CC(=CC=C1C(=O)NCCC(=O)O)N=NC2=CC(=C(C=C2)O)C(=O)O,CC1C(C(CC(O1)OC2C(OC(CC2O)OC3C(OC(CC3O)OC4CCC5(C(C4)CCC6C5CCC7(C6(CCC7C8=CC(=O)OC8)O)C)C)C)C)OC(=O)C)O
Olsalazine,Acetyldigitoxin,The serum concentration of Acetyldigitoxin can be decreased when it is combined with Olsalazine.,C1=CC(=C(C=C1N=NC2=CC(=C(C=C2)O)C(=O)O)C(=O)O)O,CC1C(C(CC(O1)OC2C(OC(CC2O)OC3C(OC(CC3O)OC4CCC5(C(C4)CCC6C5CCC7(C6(CCC7C8=CC(=O)OC8)O)C)C)C)C)OC(=O)C)O
Resveratrol,Acetyldigitoxin,Resveratrol may decrease the cardiotoxic activities of Acetyldigitoxin.,C1=CC(=CC=C1C=CC2=CC(=CC(=C2)O)O)O,CC1C(C(CC(O1)OC2C(OC(CC2O)OC3C(OC(CC3O)OC4CCC5(C(C4)CCC6C5CCC7(C6(CCC7C8=CC(=O)OC8)O)C)C)C)C)OC(=O)C)O
Bisoprolol,Acetyldigitoxin,Bisoprolol may increase the bradycardic activities of Acetyldigitoxin.,CC(C)NCC(COC1=CC=C(C=C1)COCCOC(C)C)O,CC1C(C(CC(O1)OC2C(OC(CC2O)OC3C(OC(CC3O)OC4CCC5(C(C4)CCC6C5CCC7(C6(CCC7C8=CC(=O)OC8)O)C)C)C)C)OC(=O)C)O
Penbutolol,Acetyldigitoxin,Penbutolol may increase the bradycardic activities of Acetyldigitoxin.,CC(C)(C)NCC(COC1=CC=CC=C1C2CCCC2)O,CC1C(C(CC(O1)OC2C(OC(CC2O)OC3C(OC(CC3O)OC4CCC5(C(C4)CCC6C5CCC7(C6(CCC7C8=CC(=O)OC8)O)C)C)C)C)OC(=O)C)O
Nebivolol,Acetyldigitoxin,Nebivolol may increase the bradycardic activities of Acetyldigitoxin.,C1CC2=C(C=CC(=C2)F)OC1C(CNCC(C3CCC4=C(O3)C=CC(=C4)F)O)O,CC1C(C(CC(O1)OC2C(OC(CC2O)OC3C(OC(CC3O)OC4CCC5(C(C4)CCC6C5CCC7(C6(CCC7C8=CC(=O)OC8)O)C)C)C)C)OC(=O)C)O
Acebutolol,Acetyldigitoxin,Acebutolol may increase the bradycardic activities of Acetyldigitoxin.,CCCC(=O)NC1=CC(=C(C=C1)OCC(CNC(C)C)O)C(=O)C,CC1C(C(CC(O1)OC2C(OC(CC2O)OC3C(OC(CC3O)OC4CCC5(C(C4)CCC6C5CCC7(C6(CCC7C8=CC(=O)OC8)O)C)C)C)C)OC(=O)C)O
Carteolol,Acetyldigitoxin,Carteolol may increase the bradycardic activities of Acetyldigitoxin.,CC(C)(C)NCC(COC1=CC=CC2=C1CCC(=O)N2)O,CC1C(C(CC(O1)OC2C(OC(CC2O)OC3C(OC(CC3O)OC4CCC5(C(C4)CCC6C5CCC7(C6(CCC7C8=CC(=O)OC8)O)C)C)C)C)OC(=O)C)O
Vandetanib,Acetyldigitoxin,Vandetanib may decrease the cardiotoxic activities of Acetyldigitoxin.,CN1CCC(CC1)COC2=C(C=C3C(=C2)N=CN=C3NC4=C(C=C(C=C4)Br)F)OC,CC1C(C(CC(O1)OC2C(OC(CC2O)OC3C(OC(CC3O)OC4CCC5(C(C4)CCC6C5CCC7(C6(CCC7C8=CC(=O)OC8)O)C)C)C)C)OC(=O)C)O
Sotalol,Acetyldigitoxin,Sotalol may increase the bradycardic activities of Acetyldigitoxin.,CC(C)NCC(C1=CC=C(C=C1)NS(=O)(=O)C)O,CC1C(C(CC(O1)OC2C(OC(CC2O)OC3C(OC(CC3O)OC4CCC5(C(C4)CCC6C5CCC7(C6(CCC7C8=CC(=O)OC8)O)C)C)C)C)OC(=O)C)O
Levobunolol,Acetyldigitoxin,Levobunolol may increase the bradycardic activities of Acetyldigitoxin.,CC(C)(C)NCC(COC1=CC=CC2=C1CCCC2=O)O,CC1C(C(CC(O1)OC2C(OC(CC2O)OC3C(OC(CC3O)OC4CCC5(C(C4)CCC6C5CCC7(C6(CCC7C8=CC(=O)OC8)O)C)C)C)C)OC(=O)C)O
Pindolol,Acetyldigitoxin,Pindolol may increase the bradycardic activities of Acetyldigitoxin.,CC(C)NCC(COC1=CC=CC2=C1C=CN2)O,CC1C(C(CC(O1)OC2C(OC(CC2O)OC3C(OC(CC3O)OC4CCC5(C(C4)CCC6C5CCC7(C6(CCC7C8=CC(=O)OC8)O)C)C)C)C)OC(=O)C)O
Metipranolol,Acetyldigitoxin,Metipranolol may increase the bradycardic activities of Acetyldigitoxin.,CC1=CC(=C(C(=C1OC(=O)C)C)C)OCC(CNC(C)C)O,CC1C(C(CC(O1)OC2C(OC(CC2O)OC3C(OC(CC3O)OC4CCC5(C(C4)CCC6C5CCC7(C6(CCC7C8=CC(=O)OC8)O)C)C)C)C)OC(=O)C)O
Nadolol,Acetyldigitoxin,Nadolol may increase the bradycardic activities of Acetyldigitoxin.,CC(C)(C)NCC(COC1=CC=CC2=C1CC(C(C2)O)O)O,CC1C(C(CC(O1)OC2C(OC(CC2O)OC3C(OC(CC3O)OC4CCC5(C(C4)CCC6C5CCC7(C6(CCC7C8=CC(=O)OC8)O)C)C)C)C)OC(=O)C)O
Propranolol,Acetyldigitoxin,Propranolol may increase the bradycardic activities of Acetyldigitoxin.,CC(C)NCC(COC1=CC=CC2=CC=CC=C21)O,CC1C(C(CC(O1)OC2C(OC(CC2O)OC3C(OC(CC3O)OC4CCC5(C(C4)CCC6C5CCC7(C6(CCC7C8=CC(=O)OC8)O)C)C)C)C)OC(=O)C)O
Masoprocol,Acetyldigitoxin,Masoprocol may decrease the cardiotoxic activities of Acetyldigitoxin.,CC(CC1=CC(=C(C=C1)O)O)C(C)CC2=CC(=C(C=C2)O)O,CC1C(C(CC(O1)OC2C(OC(CC2O)OC3C(OC(CC3O)OC4CCC5(C(C4)CCC6C5CCC7(C6(CCC7C8=CC(=O)OC8)O)C)C)C)C)OC(=O)C)O
Sulindac,Acetyldigitoxin,Sulindac may decrease the cardiotoxic activities of Acetyldigitoxin.,CC1=C(C2=C(C1=CC3=CC=C(C=C3)S(=O)C)C=CC(=C2)F)CC(=O)O,CC1C(C(CC(O1)OC2C(OC(CC2O)OC3C(OC(CC3O)OC4CCC5(C(C4)CCC6C5CCC7(C6(CCC7C8=CC(=O)OC8)O)C)C)C)C)OC(=O)C)O
Pirfenidone,Acetyldigitoxin,Pirfenidone may decrease the cardiotoxic activities of Acetyldigitoxin.,CC1=CN(C(=O)C=C1)C2=CC=CC=C2,CC1C(C(CC(O1)OC2C(OC(CC2O)OC3C(OC(CC3O)OC4CCC5(C(C4)CCC6C5CCC7(C6(CCC7C8=CC(=O)OC8)O)C)C)C)C)OC(=O)C)O
Mycophenolate mofetil,Acetyldigitoxin,Mycophenolate mofetil may decrease the cardiotoxic activities of Acetyldigitoxin.,CC1=C2COC(=O)C2=C(C(=C1OC)CC=C(C)CCC(=O)OCCN3CCOCC3)O,CC1C(C(CC(O1)OC2C(OC(CC2O)OC3C(OC(CC3O)OC4CCC5(C(C4)CCC6C5CCC7(C6(CCC7C8=CC(=O)OC8)O)C)C)C)C)OC(=O)C)O
Leflunomide,Acetyldigitoxin,Leflunomide may decrease the cardiotoxic activities of Acetyldigitoxin.,CC1=C(C=NO1)C(=O)NC2=CC=C(C=C2)C(F)(F)F,CC1C(C(CC(O1)OC2C(OC(CC2O)OC3C(OC(CC3O)OC4CCC5(C(C4)CCC6C5CCC7(C6(CCC7C8=CC(=O)OC8)O)C)C)C)C)OC(=O)C)O
Mycophenolic acid,Acetyldigitoxin,Mycophenolic acid may decrease the cardiotoxic activities of Acetyldigitoxin.,CC1=C2COC(=O)C2=C(C(=C1OC)CC=C(C)CCC(=O)O)O,CC1C(C(CC(O1)OC2C(OC(CC2O)OC3C(OC(CC3O)OC4CCC5(C(C4)CCC6C5CCC7(C6(CCC7C8=CC(=O)OC8)O)C)C)C)C)OC(=O)C)O
Lenalidomide,Acetyldigitoxin,Lenalidomide may decrease the cardiotoxic activities of Acetyldigitoxin.,C1CC(=O)NC(=O)C1N2CC3=C(C2=O)C=CC=C3N,CC1C(C(CC(O1)OC2C(OC(CC2O)OC3C(OC(CC3O)OC4CCC5(C(C4)CCC6C5CCC7(C6(CCC7C8=CC(=O)OC8)O)C)C)C)C)OC(=O)C)O
Ixazomib,Acetyldigitoxin,Ixazomib may decrease the cardiotoxic activities of Acetyldigitoxin.,B(C(CC(C)C)NC(=O)CNC(=O)C1=C(C=CC(=C1)Cl)Cl)(O)O,CC1C(C(CC(O1)OC2C(OC(CC2O)OC3C(OC(CC3O)OC4CCC5(C(C4)CCC6C5CCC7(C6(CCC7C8=CC(=O)OC8)O)C)C)C)C)OC(=O)C)O
Ecabet,Acetyldigitoxin,Ecabet may decrease the cardiotoxic activities of Acetyldigitoxin.,CC(C)C1=C(C=C2C(=C1)CCC3C2(CCCC3(C)C(=O)O)C)S(=O)(=O)O,CC1C(C(CC(O1)OC2C(OC(CC2O)OC3C(OC(CC3O)OC4CCC5(C(C4)CCC6C5CCC7(C6(CCC7C8=CC(=O)OC8)O)C)C)C)C)OC(=O)C)O
Afatinib,Acetyldigitoxin,Afatinib may decrease the cardiotoxic activities of Acetyldigitoxin.,CN(C)CC=CC(=O)NC1=C(C=C2C(=C1)C(=NC=N2)NC3=CC(=C(C=C3)F)Cl)OC4CCOC4,CC1C(C(CC(O1)OC2C(OC(CC2O)OC3C(OC(CC3O)OC4CCC5(C(C4)CCC6C5CCC7(C6(CCC7C8=CC(=O)OC8)O)C)C)C)C)OC(=O)C)O
Diltiazem,Acetyldigitoxin,Diltiazem may increase the atrioventricular blocking (AV block) activities of Acetyldigitoxin.,CC(=O)OC1C(SC2=CC=CC=C2N(C1=O)CCN(C)C)C3=CC=C(C=C3)OC,CC1C(C(CC(O1)OC2C(OC(CC2O)OC3C(OC(CC3O)OC4CCC5(C(C4)CCC6C5CCC7(C6(CCC7C8=CC(=O)OC8)O)C)C)C)C)OC(=O)C)O
Idelalisib,Acetyldigitoxin,Idelalisib may decrease the cardiotoxic activities of Acetyldigitoxin.,CCC(C1=NC2=C(C(=CC=C2)F)C(=O)N1C3=CC=CC=C3)NC4=NC=NC5=C4NC=N5,CC1C(C(CC(O1)OC2C(OC(CC2O)OC3C(OC(CC3O)OC4CCC5(C(C4)CCC6C5CCC7(C6(CCC7C8=CC(=O)OC8)O)C)C)C)C)OC(=O)C)O
Verapamil,Acetyldigitoxin,Verapamil may increase the atrioventricular blocking (AV block) activities of Acetyldigitoxin.,CC(C)C(CCCN(C)CCC1=CC(=C(C=C1)OC)OC)(C#N)C2=CC(=C(C=C2)OC)OC,CC1C(C(CC(O1)OC2C(OC(CC2O)OC3C(OC(CC3O)OC4CCC5(C(C4)CCC6C5CCC7(C6(CCC7C8=CC(=O)OC8)O)C)C)C)C)OC(=O)C)O
Vemurafenib,Acetyldigitoxin,Vemurafenib may decrease the cardiotoxic activities of Acetyldigitoxin.,CCCS(=O)(=O)NC1=C(C(=C(C=C1)F)C(=O)C2=CNC3=C2C=C(C=N3)C4=CC=C(C=C4)Cl)F,CC1C(C(CC(O1)OC2C(OC(CC2O)OC3C(OC(CC3O)OC4CCC5(C(C4)CCC6C5CCC7(C6(CCC7C8=CC(=O)OC8)O)C)C)C)C)OC(=O)C)O
Ceritinib,Acetyldigitoxin,Ceritinib may decrease the cardiotoxic activities of Acetyldigitoxin.,CC1=CC(=C(C=C1C2CCNCC2)OC(C)C)NC3=NC=C(C(=N3)NC4=CC=CC=C4S(=O)(=O)C(C)C)Cl,CC1C(C(CC(O1)OC2C(OC(CC2O)OC3C(OC(CC3O)OC4CCC5(C(C4)CCC6C5CCC7(C6(CCC7C8=CC(=O)OC8)O)C)C)C)C)OC(=O)C)O
Dasatinib,Acetyldigitoxin,Dasatinib may decrease the cardiotoxic activities of Acetyldigitoxin.,CC1=C(C(=CC=C1)Cl)NC(=O)C2=CN=C(S2)NC3=CC(=NC(=N3)C)N4CCN(CC4)CCO,CC1C(C(CC(O1)OC2C(OC(CC2O)OC3C(OC(CC3O)OC4CCC5(C(C4)CCC6C5CCC7(C6(CCC7C8=CC(=O)OC8)O)C)C)C)C)OC(=O)C)O
Palbociclib,Acetyldigitoxin,Palbociclib may decrease the cardiotoxic activities of Acetyldigitoxin.,CC1=C(C(=O)N(C2=NC(=NC=C12)NC3=NC=C(C=C3)N4CCNCC4)C5CCCC5)C(=O)C,CC1C(C(CC(O1)OC2C(OC(CC2O)OC3C(OC(CC3O)OC4CCC5(C(C4)CCC6C5CCC7(C6(CCC7C8=CC(=O)OC8)O)C)C)C)C)OC(=O)C)O
Osimertinib,Acetyldigitoxin,Osimertinib may decrease the cardiotoxic activities of Acetyldigitoxin.,CN1C=C(C2=CC=CC=C21)C3=NC(=NC=C3)NC4=C(C=C(C(=C4)NC(=O)C=C)N(C)CCN(C)C)OC,CC1C(C(CC(O1)OC2C(OC(CC2O)OC3C(OC(CC3O)OC4CCC5(C(C4)CCC6C5CCC7(C6(CCC7C8=CC(=O)OC8)O)C)C)C)C)OC(=O)C)O
Aminolevulinic acid,Ouabain,Aminolevulinic acid may decrease the cardiotoxic activities of Ouabain.,C(CC(=O)O)C(=O)CN,CC1C(C(C(C(O1)OC2CC(C3(C4C(CCC3(C2)O)C5(CCC(C5(CC4O)C)C6=CC(=O)OC6)O)CO)O)O)O)O
Temoporfin,Ouabain,Temoporfin may decrease the cardiotoxic activities of Ouabain.,C1CC2=NC1=C(C3=CC=C(N3)C(=C4C=CC(=N4)C(=C5C=CC(=C2C6=CC(=CC=C6)O)N5)C7=CC(=CC=C7)O)C8=CC(=CC=C8)O)C9=CC(=CC=C9)O,CC1C(C(C(C(O1)OC2CC(C3(C4C(CCC3(C2)O)C5(CCC(C5(CC4O)C)C6=CC(=O)OC6)O)CO)O)O)O)O
Cyclophosphamide,Ouabain,Cyclophosphamide may decrease the cardiotoxic activities of Ouabain.,C1CNP(=O)(OC1)N(CCCl)CCCl,CC1C(C(C(C(O1)OC2CC(C3(C4C(CCC3(C2)O)C5(CCC(C5(CC4O)C)C6=CC(=O)OC6)O)CO)O)O)O)O
Paclitaxel,Ouabain,Paclitaxel may decrease the cardiotoxic activities of Ouabain.,CC1=C2C(C(=O)C3(C(CC4C(C3C(C(C2(C)C)(CC1OC(=O)C(C(C5=CC=CC=C5)NC(=O)C6=CC=CC=C6)O)O)OC(=O)C7=CC=CC=C7)(CO4)OC(=O)C)O)C)OC(=O)C,CC1C(C(C(C(O1)OC2CC(C3(C4C(CCC3(C2)O)C5(CCC(C5(CC4O)C)C6=CC(=O)OC6)O)CO)O)O)O)O
Docetaxel,Ouabain,Docetaxel may decrease the cardiotoxic activities of Ouabain.,CC1=C2C(C(=O)C3(C(CC4C(C3C(C(C2(C)C)(CC1OC(=O)C(C(C5=CC=CC=C5)NC(=O)OC(C)(C)C)O)O)OC(=O)C6=CC=CC=C6)(CO4)OC(=O)C)O)C)O,CC1C(C(C(C(O1)OC2CC(C3(C4C(CCC3(C2)O)C5(CCC(C5(CC4O)C)C6=CC(=O)OC6)O)CO)O)O)O)O
Cabazitaxel,Ouabain,Cabazitaxel may decrease the cardiotoxic activities of Ouabain.,CC1=C2C(C(=O)C3(C(CC4C(C3C(C(C2(C)C)(CC1OC(=O)C(C(C5=CC=CC=C5)NC(=O)OC(C)(C)C)O)O)OC(=O)C6=CC=CC=C6)(CO4)OC(=O)C)OC)C)OC,CC1C(C(C(C(O1)OC2CC(C3(C4C(CCC3(C2)O)C5(CCC(C5(CC4O)C)C6=CC(=O)OC6)O)CO)O)O)O)O
Sulpiride,Ouabain,The risk or severity of adverse effects can be increased when Sulpiride is combined with Ouabain.,CCN1CCCC1CNC(=O)C2=C(C=CC(=C2)S(=O)(=O)N)OC,CC1C(C(C(C(O1)OC2CC(C3(C4C(CCC3(C2)O)C5(CCC(C5(CC4O)C)C6=CC(=O)OC6)O)CO)O)O)O)O
Anagrelide,Ouabain,Anagrelide may decrease the cardiotoxic activities of Ouabain.,C1C2=C(C=CC(=C2Cl)Cl)N=C3N1CC(=O)N3,CC1C(C(C(C(O1)OC2CC(C3(C4C(CCC3(C2)O)C5(CCC(C5(CC4O)C)C6=CC(=O)OC6)O)CO)O)O)O)O
Carboplatin,Ouabain,Carboplatin may decrease the cardiotoxic activities of Ouabain.,C1CC(C1)(C(=O)[O-])C(=O)[O-].N.N.[Pt+2],CC1C(C(C(C(O1)OC2CC(C3(C4C(CCC3(C2)O)C5(CCC(C5(CC4O)C)C6=CC(=O)OC6)O)CO)O)O)O)O
Etacrynic acid,Ouabain,The risk or severity of adverse effects can be increased when Etacrynic acid is combined with Ouabain.,CCC(=C)C(=O)C1=C(C(=C(C=C1)OCC(=O)O)Cl)Cl,CC1C(C(C(C(O1)OC2CC(C3(C4C(CCC3(C2)O)C5(CCC(C5(CC4O)C)C6=CC(=O)OC6)O)CO)O)O)O)O
Pirlindole,Ouabain,Pirlindole may decrease the cardiotoxic activities of Ouabain.,CC1=CC2=C(C=C1)N3CCNC4C3=C2CCC4,CC1C(C(C(C(O1)OC2CC(C3(C4C(CCC3(C2)O)C5(CCC(C5(CC4O)C)C6=CC(=O)OC6)O)CO)O)O)O)O
Procarbazine,Ouabain,Procarbazine may decrease the cardiotoxic activities of Ouabain.,CC(C)NC(=O)C1=CC=C(C=C1)CNNC,CC1C(C(C(C(O1)OC2CC(C3(C4C(CCC3(C2)O)C5(CCC(C5(CC4O)C)C6=CC(=O)OC6)O)CO)O)O)O)O
Sunitinib,Ouabain,Sunitinib may decrease the cardiotoxic activities of Ouabain.,CCN(CC)CCNC(=O)C1=C(NC(=C1C)C=C2C3=C(C=CC(=C3)F)NC2=O)C,CC1C(C(C(C(O1)OC2CC(C3(C4C(CCC3(C2)O)C5(CCC(C5(CC4O)C)C6=CC(=O)OC6)O)CO)O)O)O)O
Lanreotide,Ouabain,Lanreotide may decrease the cardiotoxic activities of Ouabain.,CC(C)C1C(=O)NC(CSSCC(C(=O)NC(C(=O)NC(C(=O)NC(C(=O)N1)CCCCN)CC2=CNC3=CC=CC=C32)CC4=CC=C(C=C4)O)NC(=O)C(CC5=CC6=CC=CC=C6C=C5)N)C(=O)NC(C(C)O)C(=O)N,CC1C(C(C(C(O1)OC2CC(C3(C4C(CCC3(C2)O)C5(CCC(C5(CC4O)C)C6=CC(=O)OC6)O)CO)O)O)O)O
Imatinib,Ouabain,Imatinib may decrease the cardiotoxic activities of Ouabain.,CC1=C(C=C(C=C1)NC(=O)C2=CC=C(C=C2)CN3CCN(CC3)C)NC4=NC=CC(=N4)C5=CN=CC=C5,CC1C(C(C(C(O1)OC2CC(C3(C4C(CCC3(C2)O)C5(CCC(C5(CC4O)C)C6=CC(=O)OC6)O)CO)O)O)O)O
Crizotinib,Ouabain,Crizotinib may decrease the cardiotoxic activities of Ouabain.,CC(C1=C(C=CC(=C1Cl)F)Cl)OC2=C(N=CC(=C2)C3=CN(N=C3)C4CCNCC4)N,CC1C(C(C(C(O1)OC2CC(C3(C4C(CCC3(C2)O)C5(CCC(C5(CC4O)C)C6=CC(=O)OC6)O)CO)O)O)O)O
Mitotane,Ouabain,Mitotane may decrease the cardiotoxic activities of Ouabain.,C1=CC=C(C(=C1)C(C2=CC=C(C=C2)Cl)C(Cl)Cl)Cl,CC1C(C(C(C(O1)OC2CC(C3(C4C(CCC3(C2)O)C5(CCC(C5(CC4O)C)C6=CC(=O)OC6)O)CO)O)O)O)O
Dienogest,Ouabain,Dienogest may decrease the cardiotoxic activities of Ouabain.,CC12CCC3=C4CCC(=O)C=C4CCC3C1CCC2(CC#N)O,CC1C(C(C(C(O1)OC2CC(C3(C4C(CCC3(C2)O)C5(CCC(C5(CC4O)C)C6=CC(=O)OC6)O)CO)O)O)O)O
Olaparib,Ouabain,Olaparib may decrease the cardiotoxic activities of Ouabain.,C1CC1C(=O)N2CCN(CC2)C(=O)C3=C(C=CC(=C3)CC4=NNC(=O)C5=CC=CC=C54)F,CC1C(C(C(C(O1)OC2CC(C3(C4C(CCC3(C2)O)C5(CCC(C5(CC4O)C)C6=CC(=O)OC6)O)CO)O)O)O)O
Rucaparib,Ouabain,Rucaparib may decrease the cardiotoxic activities of Ouabain.,CNCC1=CC=C(C=C1)C2=C3CCNC(=O)C4=C3C(=CC(=C4)F)N2,CC1C(C(C(C(O1)OC2CC(C3(C4C(CCC3(C2)O)C5(CCC(C5(CC4O)C)C6=CC(=O)OC6)O)CO)O)O)O)O
Prednisolone,Ouabain,Prednisolone may decrease the cardiotoxic activities of Ouabain.,CC12CC(C3C(C1CCC2(C(=O)CO)O)CCC4=CC(=O)C=CC34C)O,CC1C(C(C(C(O1)OC2CC(C3(C4C(CCC3(C2)O)C5(CCC(C5(CC4O)C)C6=CC(=O)OC6)O)CO)O)O)O)O
Midostaurin,Ouabain,Midostaurin may decrease the cardiotoxic activities of Ouabain.,CC12C(C(CC(O1)N3C4=CC=CC=C4C5=C6C(=C7C8=CC=CC=C8N2C7=C53)CNC6=O)N(C)C(=O)C9=CC=CC=C9)OC,CC1C(C(C(C(O1)OC2CC(C3(C4C(CCC3(C2)O)C5(CCC(C5(CC4O)C)C6=CC(=O)OC6)O)CO)O)O)O)O
Medroxyprogesterone acetate,Ouabain,Medroxyprogesterone acetate may decrease the cardiotoxic activities of Ouabain.,CC1CC2C(CCC3(C2CCC3(C(=O)C)OC(=O)C)C)C4(C1=CC(=O)CC4)C,CC1C(C(C(C(O1)OC2CC(C3(C4C(CCC3(C2)O)C5(CCC(C5(CC4O)C)C6=CC(=O)OC6)O)CO)O)O)O)O
Bortezomib,Ouabain,Bortezomib may decrease the cardiotoxic activities of Ouabain.,B(C(CC(C)C)NC(=O)C(CC1=CC=CC=C1)NC(=O)C2=NC=CN=C2)(O)O,CC1C(C(C(C(O1)OC2CC(C3(C4C(CCC3(C2)O)C5(CCC(C5(CC4O)C)C6=CC(=O)OC6)O)CO)O)O)O)O
Panobinostat,Ouabain,Panobinostat may decrease the cardiotoxic activities of Ouabain.,CC1=C(C2=CC=CC=C2N1)CCNCC3=CC=C(C=C3)C=CC(=O)NO,CC1C(C(C(C(O1)OC2CC(C3(C4C(CCC3(C2)O)C5(CCC(C5(CC4O)C)C6=CC(=O)OC6)O)CO)O)O)O)O
Betaxolol,Ouabain,Betaxolol may increase the bradycardic activities of Ouabain.,CC(C)NCC(COC1=CC=C(C=C1)CCOCC2CC2)O,CC1C(C(C(C(O1)OC2CC(C3(C4C(CCC3(C2)O)C5(CCC(C5(CC4O)C)C6=CC(=O)OC6)O)CO)O)O)O)O
Enzalutamide,Ouabain,Enzalutamide may decrease the cardiotoxic activities of Ouabain.,CC1(C(=O)N(C(=S)N1C2=CC(=C(C=C2)C(=O)NC)F)C3=CC(=C(C=C3)C#N)C(F)(F)F)C,CC1C(C(C(C(O1)OC2CC(C3(C4C(CCC3(C2)O)C5(CCC(C5(CC4O)C)C6=CC(=O)OC6)O)CO)O)O)O)O
Abiraterone,Ouabain,Abiraterone may decrease the cardiotoxic activities of Ouabain.,CC12CCC(CC1=CCC3C2CCC4(C3CC=C4C5=CN=CC=C5)C)O,CC1C(C(C(C(O1)OC2CC(C3(C4C(CCC3(C2)O)C5(CCC(C5(CC4O)C)C6=CC(=O)OC6)O)CO)O)O)O)O
Diethylstilbestrol,Ouabain,Diethylstilbestrol may decrease the cardiotoxic activities of Ouabain.,CCC(=C(CC)C1=CC=C(C=C1)O)C2=CC=C(C=C2)O,CC1C(C(C(C(O1)OC2CC(C3(C4C(CCC3(C2)O)C5(CCC(C5(CC4O)C)C6=CC(=O)OC6)O)CO)O)O)O)O
Nilotinib,Ouabain,Nilotinib may decrease the cardiotoxic activities of Ouabain.,CC1=C(C=C(C=C1)C(=O)NC2=CC(=CC(=C2)C(F)(F)F)N3C=C(N=C3)C)NC4=NC=CC(=N4)C5=CN=CC=C5,CC1C(C(C(C(O1)OC2CC(C3(C4C(CCC3(C2)O)C5(CCC(C5(CC4O)C)C6=CC(=O)OC6)O)CO)O)O)O)O
Dexamethasone,Ouabain,Dexamethasone may decrease the cardiotoxic activities of Ouabain.,CC1CC2C3CCC4=CC(=O)C=CC4(C3(C(CC2(C1(C(=O)CO)O)C)O)F)C,CC1C(C(C(C(O1)OC2CC(C3(C4C(CCC3(C2)O)C5(CCC(C5(CC4O)C)C6=CC(=O)OC6)O)CO)O)O)O)O
Letrozole,Ouabain,Letrozole may decrease the cardiotoxic activities of Ouabain.,C1=CC(=CC=C1C#N)C(C2=CC=C(C=C2)C#N)N3C=NC=N3,CC1C(C(C(C(O1)OC2CC(C3(C4C(CCC3(C2)O)C5(CCC(C5(CC4O)C)C6=CC(=O)OC6)O)CO)O)O)O)O
Norfloxacin,Ouabain,Norfloxacin may decrease the cardiotoxic activities of Ouabain.,CCN1C=C(C(=O)C2=CC(=C(C=C21)N3CCNCC3)F)C(=O)O,CC1C(C(C(C(O1)OC2CC(C3(C4C(CCC3(C2)O)C5(CCC(C5(CC4O)C)C6=CC(=O)OC6)O)CO)O)O)O)O
Miltefosine,Ouabain,Miltefosine may decrease the cardiotoxic activities of Ouabain.,CCCCCCCCCCCCCCCCOP(=O)([O-])OCC[N+](C)(C)C,CC1C(C(C(C(O1)OC2CC(C3(C4C(CCC3(C2)O)C5(CCC(C5(CC4O)C)C6=CC(=O)OC6)O)CO)O)O)O)O
Trimetrexate,Ouabain,Trimetrexate may decrease the cardiotoxic activities of Ouabain.,CC1=C(C=CC2=C1C(=NC(=N2)N)N)CNC3=CC(=C(C(=C3)OC)OC)OC,CC1C(C(C(C(O1)OC2CC(C3(C4C(CCC3(C2)O)C5(CCC(C5(CC4O)C)C6=CC(=O)OC6)O)CO)O)O)O)O
Amphotericin B,Ouabain,The risk or severity of adverse effects can be increased when Amphotericin B is combined with Ouabain.,CC1C=CC=CC=CC=CC=CC=CC=CC(CC2C(C(CC(O2)(CC(CC(C(CCC(CC(CC(=O)OC(C(C1O)C)C)O)O)O)O)O)O)O)C(=O)O)OC3C(C(C(C(O3)C)O)N)O,CC1C(C(C(C(O1)OC2CC(C3(C4C(CCC3(C2)O)C5(CCC(C5(CC4O)C)C6=CC(=O)OC6)O)CO)O)O)O)O
Sirolimus,Ouabain,Sirolimus may decrease the cardiotoxic activities of Ouabain.,CC1CCC2CC(C(=CC=CC=CC(CC(C(=O)C(C(C(=CC(C(=O)CC(OC(=O)C3CCCCN3C(=O)C(=O)C1(O2)O)C(C)CC4CCC(C(C4)OC)O)C)C)O)OC)C)C)C)OC,CC1C(C(C(C(O1)OC2CC(C3(C4C(CCC3(C2)O)C5(CCC(C5(CC4O)C)C6=CC(=O)OC6)O)CO)O)O)O)O
Alprenolol,Ouabain,Alprenolol may increase the bradycardic activities of Ouabain.,CC(C)NCC(COC1=CC=CC=C1CC=C)O,CC1C(C(C(C(O1)OC2CC(C3(C4C(CCC3(C2)O)C5(CCC(C5(CC4O)C)C6=CC(=O)OC6)O)CO)O)O)O)O
Timolol,Ouabain,Timolol may increase the bradycardic activities of Ouabain.,CC(C)(C)NCC(COC1=NSN=C1N2CCOCC2)O,CC1C(C(C(C(O1)OC2CC(C3(C4C(CCC3(C2)O)C5(CCC(C5(CC4O)C)C6=CC(=O)OC6)O)CO)O)O)O)O
Atenolol,Ouabain,Atenolol may increase the bradycardic activities of Ouabain.,CC(C)NCC(COC1=CC=C(C=C1)CC(=O)N)O,CC1C(C(C(C(O1)OC2CC(C3(C4C(CCC3(C2)O)C5(CCC(C5(CC4O)C)C6=CC(=O)OC6)O)CO)O)O)O)O
Bupranolol,Ouabain,Bupranolol may increase the bradycardic activities of Ouabain.,CC1=CC(=C(C=C1)Cl)OCC(CNC(C)(C)C)O,CC1C(C(C(C(O1)OC2CC(C3(C4C(CCC3(C2)O)C5(CCC(C5(CC4O)C)C6=CC(=O)OC6)O)CO)O)O)O)O
Celiprolol,Ouabain,Celiprolol may increase the bradycardic activities of Ouabain.,CCN(CC)C(=O)NC1=CC(=C(C=C1)OCC(CNC(C)(C)C)O)C(=O)C,CC1C(C(C(C(O1)OC2CC(C3(C4C(CCC3(C2)O)C5(CCC(C5(CC4O)C)C6=CC(=O)OC6)O)CO)O)O)O)O
Oxprenolol,Ouabain,Oxprenolol may increase the bradycardic activities of Ouabain.,CC(C)NCC(COC1=CC=CC=C1OCC=C)O,CC1C(C(C(C(O1)OC2CC(C3(C4C(CCC3(C2)O)C5(CCC(C5(CC4O)C)C6=CC(=O)OC6)O)CO)O)O)O)O
Metoprolol,Ouabain,Metoprolol may increase the bradycardic activities of Ouabain.,CC(C)NCC(COC1=CC=C(C=C1)CCOC)O,CC1C(C(C(C(O1)OC2CC(C3(C4C(CCC3(C2)O)C5(CCC(C5(CC4O)C)C6=CC(=O)OC6)O)CO)O)O)O)O
Bopindolol,Ouabain,Bopindolol may increase the bradycardic activities of Ouabain.,CC1=CC2=C(N1)C=CC=C2OCC(CNC(C)(C)C)OC(=O)C3=CC=CC=C3,CC1C(C(C(C(O1)OC2CC(C3(C4C(CCC3(C2)O)C5(CCC(C5(CC4O)C)C6=CC(=O)OC6)O)CO)O)O)O)O
Esmolol,Ouabain,Esmolol may increase the bradycardic activities of Ouabain.,CC(C)NCC(COC1=CC=C(C=C1)CCC(=O)OC)O,CC1C(C(C(C(O1)OC2CC(C3(C4C(CCC3(C2)O)C5(CCC(C5(CC4O)C)C6=CC(=O)OC6)O)CO)O)O)O)O
Pentostatin,Ouabain,Pentostatin may decrease the cardiotoxic activities of Ouabain.,C1C(C(OC1N2C=NC3=C2NC=NCC3O)CO)O,CC1C(C(C(C(O1)OC2CC(C3(C4C(CCC3(C2)O)C5(CCC(C5(CC4O)C)C6=CC(=O)OC6)O)CO)O)O)O)O
Reserpine,Ouabain,The risk or severity of adverse effects can be increased when Reserpine is combined with Ouabain.,COC1C(CC2CN3CCC4=C(C3CC2C1C(=O)OC)NC5=C4C=CC(=C5)OC)OC(=O)C6=CC(=C(C(=C6)OC)OC)OC,CC1C(C(C(C(O1)OC2CC(C3(C4C(CCC3(C2)O)C5(CCC(C5(CC4O)C)C6=CC(=O)OC6)O)CO)O)O)O)O
Thalidomide,Ouabain,Thalidomide may decrease the cardiotoxic activities of Ouabain.,C1CC(=O)NC(=O)C1N2C(=O)C3=CC=CC=C3C2=O,CC1C(C(C(C(O1)OC2CC(C3(C4C(CCC3(C2)O)C5(CCC(C5(CC4O)C)C6=CC(=O)OC6)O)CO)O)O)O)O
Clonidine,Ouabain,Clonidine may increase the atrioventricular blocking (AV block) activities of Ouabain.,C1CN=C(N1)NC2=C(C=CC=C2Cl)Cl,CC1C(C(C(C(O1)OC2CC(C3(C4C(CCC3(C2)O)C5(CCC(C5(CC4O)C)C6=CC(=O)OC6)O)CO)O)O)O)O
Pomalidomide,Ouabain,Pomalidomide may decrease the cardiotoxic activities of Ouabain.,C1CC(=O)NC(=O)C1N2C(=O)C3=C(C2=O)C(=CC=C3)N,CC1C(C(C(C(O1)OC2CC(C3(C4C(CCC3(C2)O)C5(CCC(C5(CC4O)C)C6=CC(=O)OC6)O)CO)O)O)O)O
Furosemide,Ouabain,The risk or severity of adverse effects can be increased when Furosemide is combined with Ouabain.,C1=COC(=C1)CNC2=CC(=C(C=C2C(=O)O)S(=O)(=O)N)Cl,CC1C(C(C(C(O1)OC2CC(C3(C4C(CCC3(C2)O)C5(CCC(C5(CC4O)C)C6=CC(=O)OC6)O)CO)O)O)O)O
Torasemide,Ouabain,The risk or severity of adverse effects can be increased when Torasemide is combined with Ouabain.,CC1=CC(=CC=C1)NC2=C(C=NC=C2)S(=O)(=O)NC(=O)NC(C)C,CC1C(C(C(C(O1)OC2CC(C3(C4C(CCC3(C2)O)C5(CCC(C5(CC4O)C)C6=CC(=O)OC6)O)CO)O)O)O)O
Bumetanide,Ouabain,The risk or severity of adverse effects can be increased when Bumetanide is combined with Ouabain.,CCCCNC1=C(C(=CC(=C1)C(=O)O)S(=O)(=O)N)OC2=CC=CC=C2,CC1C(C(C(C(O1)OC2CC(C3(C4C(CCC3(C2)O)C5(CCC(C5(CC4O)C)C6=CC(=O)OC6)O)CO)O)O)O)O
Edrophonium,Ouabain,Edrophonium may increase the atrioventricular blocking (AV block) activities of Ouabain.,CC[N+](C)(C)C1=CC(=CC=C1)O,CC1C(C(C(C(O1)OC2CC(C3(C4C(CCC3(C2)O)C5(CCC(C5(CC4O)C)C6=CC(=O)OC6)O)CO)O)O)O)O
Cabergoline,Ouabain,Cabergoline may decrease the cardiotoxic activities of Ouabain.,CCNC(=O)N(CCCN(C)C)C(=O)C1CC2C(CC3=CNC4=CC=CC2=C34)N(C1)CC=C,CC1C(C(C(C(O1)OC2CC(C3(C4C(CCC3(C2)O)C5(CCC(C5(CC4O)C)C6=CC(=O)OC6)O)CO)O)O)O)O
Moxifloxacin,Ouabain,Moxifloxacin may decrease the cardiotoxic activities of Ouabain.,COC1=C2C(=CC(=C1N3CC4CCCNC4C3)F)C(=O)C(=CN2C5CC5)C(=O)O,CC1C(C(C(C(O1)OC2CC(C3(C4C(CCC3(C2)O)C5(CCC(C5(CC4O)C)C6=CC(=O)OC6)O)CO)O)O)O)O
Pazopanib,Ouabain,Pazopanib may decrease the cardiotoxic activities of Ouabain.,CC1=C(C=C(C=C1)NC2=NC=CC(=N2)N(C)C3=CC4=NN(C(=C4C=C3)C)C)S(=O)(=O)N,CC1C(C(C(C(O1)OC2CC(C3(C4C(CCC3(C2)O)C5(CCC(C5(CC4O)C)C6=CC(=O)OC6)O)CO)O)O)O)O
Gemifloxacin,Ouabain,Gemifloxacin may decrease the cardiotoxic activities of Ouabain.,CON=C1CN(CC1CN)C2=C(C=C3C(=O)C(=CN(C3=N2)C4CC4)C(=O)O)F,CC1C(C(C(C(O1)OC2CC(C3(C4C(CCC3(C2)O)C5(CCC(C5(CC4O)C)C6=CC(=O)OC6)O)CO)O)O)O)O
Ciprofloxacin,Ouabain,Ciprofloxacin may decrease the cardiotoxic activities of Ouabain.,C1CC1N2C=C(C(=O)C3=CC(=C(C=C32)N4CCNCC4)F)C(=O)O,CC1C(C(C(C(O1)OC2CC(C3(C4C(CCC3(C2)O)C5(CCC(C5(CC4O)C)C6=CC(=O)OC6)O)CO)O)O)O)O
Lenvatinib,Ouabain,Lenvatinib may decrease the cardiotoxic activities of Ouabain.,COC1=CC2=NC=CC(=C2C=C1C(=O)N)OC3=CC(=C(C=C3)NC(=O)NC4CC4)Cl,CC1C(C(C(C(O1)OC2CC(C3(C4C(CCC3(C2)O)C5(CCC(C5(CC4O)C)C6=CC(=O)OC6)O)CO)O)O)O)O
Ofloxacin,Ouabain,Ofloxacin may decrease the cardiotoxic activities of Ouabain.,CC1COC2=C3N1C=C(C(=O)C3=CC(=C2N4CCN(CC4)C)F)C(=O)O,CC1C(C(C(C(O1)OC2CC(C3(C4C(CCC3(C2)O)C5(CCC(C5(CC4O)C)C6=CC(=O)OC6)O)CO)O)O)O)O
Toremifene,Ouabain,Toremifene may decrease the cardiotoxic activities of Ouabain.,CN(C)CCOC1=CC=C(C=C1)C(=C(CCCl)C2=CC=CC=C2)C3=CC=CC=C3,CC1C(C(C(C(O1)OC2CC(C3(C4C(CCC3(C2)O)C5(CCC(C5(CC4O)C)C6=CC(=O)OC6)O)CO)O)O)O)O
Arsenic trioxide,Ouabain,Arsenic trioxide may decrease the cardiotoxic activities of Ouabain.,[O-2].[O-2].[O-2].[As+3].[As+3],CC1C(C(C(C(O1)OC2CC(C3(C4C(CCC3(C2)O)C5(CCC(C5(CC4O)C)C6=CC(=O)OC6)O)CO)O)O)O)O
Levofloxacin,Ouabain,Levofloxacin may decrease the cardiotoxic activities of Ouabain.,CC1COC2=C3N1C=C(C(=O)C3=CC(=C2N4CCN(CC4)C)F)C(=O)O,CC1C(C(C(C(O1)OC2CC(C3(C4C(CCC3(C2)O)C5(CCC(C5(CC4O)C)C6=CC(=O)OC6)O)CO)O)O)O)O
Goserelin,Ouabain,Goserelin may decrease the cardiotoxic activities of Ouabain.,CC(C)CC(C(=O)NC(CCCN=C(N)N)C(=O)N1CCCC1C(=O)NNC(=O)N)NC(=O)C(COC(C)(C)C)NC(=O)C(CC2=CC=C(C=C2)O)NC(=O)C(CO)NC(=O)C(CC3=CNC4=CC=CC=C43)NC(=O)C(CC5=CN=CN5)NC(=O)C6CCC(=O)N6,CC1C(C(C(C(O1)OC2CC(C3(C4C(CCC3(C2)O)C5(CCC(C5(CC4O)C)C6=CC(=O)OC6)O)CO)O)O)O)O
Vorinostat,Ouabain,Vorinostat may decrease the cardiotoxic activities of Ouabain.,C1=CC=C(C=C1)NC(=O)CCCCCCC(=O)NO,CC1C(C(C(C(O1)OC2CC(C3(C4C(CCC3(C2)O)C5(CCC(C5(CC4O)C)C6=CC(=O)OC6)O)CO)O)O)O)O
Octreotide,Ouabain,Octreotide may decrease the cardiotoxic activities of Ouabain.,CC(C1C(=O)NC(CSSCC(C(=O)NC(C(=O)NC(C(=O)NC(C(=O)N1)CCCCN)CC2=CNC3=CC=CC=C32)CC4=CC=CC=C4)NC(=O)C(CC5=CC=CC=C5)N)C(=O)NC(CO)C(C)O)O,CC1C(C(C(C(O1)OC2CC(C3(C4C(CCC3(C2)O)C5(CCC(C5(CC4O)C)C6=CC(=O)OC6)O)CO)O)O)O)O
Triptorelin,Ouabain,Triptorelin may decrease the cardiotoxic activities of Ouabain.,CC(C)CC(C(=O)NC(CCCN=C(N)N)C(=O)N1CCCC1C(=O)NCC(=O)N)NC(=O)C(CC2=CNC3=CC=CC=C32)NC(=O)C(CC4=CC=C(C=C4)O)NC(=O)C(CO)NC(=O)C(CC5=CNC6=CC=CC=C65)NC(=O)C(CC7=CN=CN7)NC(=O)C8CCC(=O)N8,CC1C(C(C(C(O1)OC2CC(C3(C4C(CCC3(C2)O)C5(CCC(C5(CC4O)C)C6=CC(=O)OC6)O)CO)O)O)O)O
Degarelix,Ouabain,Degarelix may decrease the cardiotoxic activities of Ouabain.,CC(C)CC(C(=O)NC(CCCCNC(C)C)C(=O)N1CCCC1C(=O)NC(C)C(=O)N)NC(=O)C(CC2=CC=C(C=C2)NC(=O)N)NC(=O)C(CC3=CC=C(C=C3)NC(=O)C4CC(=O)NC(=O)N4)NC(=O)C(CO)NC(=O)C(CC5=CN=CC=C5)NC(=O)C(CC6=CC=C(C=C6)Cl)NC(=O)C(CC7=CC8=CC=CC=C8C=C7)NC(=O)C,CC1C(C(C(C(O1)OC2CC(C3(C4C(CCC3(C2)O)C5(CCC(C5(CC4O)C)C6=CC(=O)OC6)O)CO)O)O)O)O
Indapamide,Ouabain,The risk or severity of adverse effects can be increased when Indapamide is combined with Ouabain.,CC1CC2=CC=CC=C2N1NC(=O)C3=CC(=C(C=C3)Cl)S(=O)(=O)N,CC1C(C(C(C(O1)OC2CC(C3(C4C(CCC3(C2)O)C5(CCC(C5(CC4O)C)C6=CC(=O)OC6)O)CO)O)O)O)O
Eribulin,Ouabain,Eribulin may decrease the cardiotoxic activities of Ouabain.,CC1CC2CCC3C(=C)CC(O3)CCC45CC6C(O4)C7C(O6)C(O5)C8C(O7)CCC(O8)CC(=O)CC9C(CC(C1=C)O2)OC(C9OC)CC(CN)O,CC1C(C(C(C(O1)OC2CC(C3(C4C(CCC3(C2)O)C5(CCC(C5(CC4O)C)C6=CC(=O)OC6)O)CO)O)O)O)O
Epirubicin,Ouabain,Epirubicin may decrease the cardiotoxic activities of Ouabain.,CC1C(C(CC(O1)OC2CC(CC3=C2C(=C4C(=C3O)C(=O)C5=C(C4=O)C(=CC=C5)OC)O)(C(=O)CO)O)N)O,CC1C(C(C(C(O1)OC2CC(C3(C4C(CCC3(C2)O)C5(CCC(C5(CC4O)C)C6=CC(=O)OC6)O)CO)O)O)O)O
Streptomycin,Ouabain,The serum concentration of Ouabain can be decreased when it is combined with Streptomycin.,CC1C(C(C(O1)OC2C(C(C(C(C2O)O)N=C(N)N)O)N=C(N)N)OC3C(C(C(C(O3)CO)O)O)NC)(C=O)O,CC1C(C(C(C(O1)OC2CC(C3(C4C(CCC3(C2)O)C5(CCC(C5(CC4O)C)C6=CC(=O)OC6)O)CO)O)O)O)O
Metrizamide,Ouabain,The serum concentration of Ouabain can be decreased when it is combined with Metrizamide.,CC(=O)NC1=C(C(=C(C(=C1I)C(=O)NC2C(C(C(OC2O)CO)O)O)I)N(C)C(=O)C)I,CC1C(C(C(C(O1)OC2CC(C3(C4C(CCC3(C2)O)C5(CCC(C5(CC4O)C)C6=CC(=O)OC6)O)CO)O)O)O)O
Kanamycin,Ouabain,The serum concentration of Ouabain can be decreased when it is combined with Kanamycin.,C1C(C(C(C(C1N)OC2C(C(C(C(O2)CN)O)O)O)O)OC3C(C(C(C(O3)CO)O)N)O)N,CC1C(C(C(C(O1)OC2CC(C3(C4C(CCC3(C2)O)C5(CCC(C5(CC4O)C)C6=CC(=O)OC6)O)CO)O)O)O)O
Idarubicin,Ouabain,Idarubicin may decrease the cardiotoxic activities of Ouabain.,CC1C(C(CC(O1)OC2CC(CC3=C2C(=C4C(=C3O)C(=O)C5=CC=CC=C5C4=O)O)(C(=O)C)O)N)O,CC1C(C(C(C(O1)OC2CC(C3(C4C(CCC3(C2)O)C5(CCC(C5(CC4O)C)C6=CC(=O)OC6)O)CO)O)O)O)O
Plicamycin,Ouabain,Plicamycin may decrease the cardiotoxic activities of Ouabain.,CC1C(C(CC(O1)OC2CC(OC(C2O)C)OC3=CC4=CC5=C(C(=O)C(C(C5)C(C(=O)C(C(C)O)O)OC)OC6CC(C(C(O6)C)O)OC7CC(C(C(O7)C)O)OC8CC(C(C(O8)C)O)(C)O)C(=C4C(=C3C)O)O)O)O,CC1C(C(C(C(O1)OC2CC(C3(C4C(CCC3(C2)O)C5(CCC(C5(CC4O)C)C6=CC(=O)OC6)O)CO)O)O)O)O
Streptozocin,Ouabain,Streptozocin may decrease the cardiotoxic activities of Ouabain.,CN(C(=O)NC1C(C(C(OC1O)CO)O)O)N=O,CC1C(C(C(C(O1)OC2CC(C3(C4C(CCC3(C2)O)C5(CCC(C5(CC4O)C)C6=CC(=O)OC6)O)CO)O)O)O)O
Tobramycin,Ouabain,The serum concentration of Ouabain can be decreased when it is combined with Tobramycin.,C1C(C(C(C(C1N)OC2C(C(C(C(O2)CO)O)N)O)O)OC3C(CC(C(O3)CN)O)N)N,CC1C(C(C(C(O1)OC2CC(C3(C4C(CCC3(C2)O)C5(CCC(C5(CC4O)C)C6=CC(=O)OC6)O)CO)O)O)O)O
Amrubicin,Ouabain,Amrubicin may decrease the cardiotoxic activities of Ouabain.,CC(=O)C1(CC(C2=C(C1)C(=C3C(=C2O)C(=O)C4=CC=CC=C4C3=O)O)OC5CC(C(CO5)O)O)N,CC1C(C(C(C(O1)OC2CC(C3(C4C(CCC3(C2)O)C5(CCC(C5(CC4O)C)C6=CC(=O)OC6)O)CO)O)O)O)O
Framycetin,Ouabain,The serum concentration of Ouabain can be decreased when it is combined with Framycetin.,C1C(C(C(C(C1N)OC2C(C(C(C(O2)CN)O)O)N)OC3C(C(C(O3)CO)OC4C(C(C(C(O4)CN)O)O)N)O)O)N,CC1C(C(C(C(O1)OC2CC(C3(C4C(CCC3(C2)O)C5(CCC(C5(CC4O)C)C6=CC(=O)OC6)O)CO)O)O)O)O
Netilmicin,Ouabain,The serum concentration of Ouabain can be decreased when it is combined with Netilmicin.,CCNC1CC(C(C(C1OC2C(C(C(CO2)(C)O)NC)O)O)OC3C(CC=C(O3)CN)N)N,CC1C(C(C(C(O1)OC2CC(C3(C4C(CCC3(C2)O)C5(CCC(C5(CC4O)C)C6=CC(=O)OC6)O)CO)O)O)O)O
Amikacin,Ouabain,The serum concentration of Ouabain can be decreased when it is combined with Amikacin.,C1C(C(C(C(C1NC(=O)C(CCN)O)OC2C(C(C(C(O2)CO)O)N)O)O)OC3C(C(C(C(O3)CN)O)O)O)N,CC1C(C(C(C(O1)OC2CC(C3(C4C(CCC3(C2)O)C5(CCC(C5(CC4O)C)C6=CC(=O)OC6)O)CO)O)O)O)O
Valrubicin,Ouabain,Valrubicin may decrease the cardiotoxic activities of Ouabain.,CCCCC(=O)OCC(=O)C1(CC(C2=C(C1)C(=C3C(=C2O)C(=O)C4=C(C3=O)C=CC=C4OC)O)OC5CC(C(C(O5)C)O)NC(=O)C(F)(F)F)O,CC1C(C(C(C(O1)OC2CC(C3(C4C(CCC3(C2)O)C5(CCC(C5(CC4O)C)C6=CC(=O)OC6)O)CO)O)O)O)O
Daunorubicin,Ouabain,Daunorubicin may decrease the cardiotoxic activities of Ouabain.,CC1C(C(CC(O1)OC2CC(CC3=C2C(=C4C(=C3O)C(=O)C5=C(C4=O)C(=CC=C5)OC)O)(C(=O)C)O)N)O,CC1C(C(C(C(O1)OC2CC(C3(C4C(CCC3(C2)O)C5(CCC(C5(CC4O)C)C6=CC(=O)OC6)O)CO)O)O)O)O
Ribostamycin,Ouabain,The serum concentration of Ouabain can be decreased when it is combined with Ribostamycin.,C1C(C(C(C(C1N)OC2C(C(C(C(O2)CN)O)O)N)OC3C(C(C(O3)CO)O)O)O)N,CC1C(C(C(C(O1)OC2CC(C3(C4C(CCC3(C2)O)C5(CCC(C5(CC4O)C)C6=CC(=O)OC6)O)CO)O)O)O)O
Doxorubicin,Ouabain,Doxorubicin may decrease the cardiotoxic activities of Ouabain.,CC1C(C(CC(O1)OC2CC(CC3=C2C(=C4C(=C3O)C(=O)C5=C(C4=O)C(=CC=C5)OC)O)(C(=O)CO)O)N)O,CC1C(C(C(C(O1)OC2CC(C3(C4C(CCC3(C2)O)C5(CCC(C5(CC4O)C)C6=CC(=O)OC6)O)CO)O)O)O)O
Arbekacin,Ouabain,The serum concentration of Ouabain can be decreased when it is combined with Arbekacin.,C1CC(C(OC1CN)OC2C(CC(C(C2O)OC3C(C(C(C(O3)CO)O)N)O)NC(=O)C(CCN)O)N)N,CC1C(C(C(C(O1)OC2CC(C3(C4C(CCC3(C2)O)C5(CCC(C5(CC4O)C)C6=CC(=O)OC6)O)CO)O)O)O)O
Gentamicin,Ouabain,The serum concentration of Ouabain can be decreased when it is combined with Gentamicin.,CC(C1CCC(C(O1)OC2C(CC(C(C2O)OC3C(C(C(CO3)(C)O)NC)O)N)N)N)NC,CC1C(C(C(C(O1)OC2CC(C3(C4C(CCC3(C2)O)C5(CCC(C5(CC4O)C)C6=CC(=O)OC6)O)CO)O)O)O)O
Paromomycin,Ouabain,The serum concentration of Ouabain can be decreased when it is combined with Paromomycin.,C1C(C(C(C(C1N)OC2C(C(C(C(O2)CO)O)O)N)OC3C(C(C(O3)CO)OC4C(C(C(C(O4)CN)O)O)N)O)O)N,CC1C(C(C(C(O1)OC2CC(C3(C4C(CCC3(C2)O)C5(CCC(C5(CC4O)C)C6=CC(=O)OC6)O)CO)O)O)O)O
Spectinomycin,Ouabain,The serum concentration of Ouabain can be decreased when it is combined with Spectinomycin.,CC1CC(=O)C2(C(O1)OC3C(C(C(C(C3O2)NC)O)NC)O)O,CC1C(C(C(C(O1)OC2CC(C3(C4C(CCC3(C2)O)C5(CCC(C5(CC4O)C)C6=CC(=O)OC6)O)CO)O)O)O)O
Prednisone,Ouabain,Prednisone may decrease the cardiotoxic activities of Ouabain.,CC12CC(=O)C3C(C1CCC2(C(=O)CO)O)CCC4=CC(=O)C=CC34C,CC1C(C(C(C(O1)OC2CC(C3(C4C(CCC3(C2)O)C5(CCC(C5(CC4O)C)C6=CC(=O)OC6)O)CO)O)O)O)O
Methylprednisolone,Ouabain,Methylprednisolone may decrease the cardiotoxic activities of Ouabain.,CC1CC2C3CCC(C3(CC(C2C4(C1=CC(=O)C=C4)C)O)C)(C(=O)CO)O,CC1C(C(C(C(O1)OC2CC(C3(C4C(CCC3(C2)O)C5(CCC(C5(CC4O)C)C6=CC(=O)OC6)O)CO)O)O)O)O
Formestane,Ouabain,Formestane may decrease the cardiotoxic activities of Ouabain.,CC12CCC(=O)C(=C1CCC3C2CCC4(C3CCC4=O)C)O,CC1C(C(C(C(O1)OC2CC(C3(C4C(CCC3(C2)O)C5(CCC(C5(CC4O)C)C6=CC(=O)OC6)O)CO)O)O)O)O
Pamidronic acid,Ouabain,Pamidronic acid may decrease the cardiotoxic activities of Ouabain.,C(CN)C(O)(P(=O)(O)O)P(=O)(O)O,CC1C(C(C(C(O1)OC2CC(C3(C4C(CCC3(C2)O)C5(CCC(C5(CC4O)C)C6=CC(=O)OC6)O)CO)O)O)O)O
Bendroflumethiazide,Ouabain,The risk or severity of adverse effects can be increased when Bendroflumethiazide is combined with Ouabain.,C1=CC=C(C=C1)CC2NC3=C(C=C(C(=C3)C(F)(F)F)S(=O)(=O)N)S(=O)(=O)N2,CC1C(C(C(C(O1)OC2CC(C3(C4C(CCC3(C2)O)C5(CCC(C5(CC4O)C)C6=CC(=O)OC6)O)CO)O)O)O)O
Practolol,Ouabain,Practolol may increase the bradycardic activities of Ouabain.,CC(C)NCC(COC1=CC=C(C=C1)NC(=O)C)O,CC1C(C(C(C(O1)OC2CC(C3(C4C(CCC3(C2)O)C5(CCC(C5(CC4O)C)C6=CC(=O)OC6)O)CO)O)O)O)O
Altretamine,Ouabain,Altretamine may decrease the cardiotoxic activities of Ouabain.,CN(C)C1=NC(=NC(=N1)N(C)C)N(C)C,CC1C(C(C(C(O1)OC2CC(C3(C4C(CCC3(C2)O)C5(CCC(C5(CC4O)C)C6=CC(=O)OC6)O)CO)O)O)O)O
Arotinolol,Ouabain,Arotinolol may increase the bradycardic activities of Ouabain.,CC(C)(C)NCC(CSC1=NC(=CS1)C2=CC=C(S2)C(=O)N)O,CC1C(C(C(C(O1)OC2CC(C3(C4C(CCC3(C2)O)C5(CCC(C5(CC4O)C)C6=CC(=O)OC6)O)CO)O)O)O)O
Bevantolol,Ouabain,Bevantolol may increase the bradycardic activities of Ouabain.,CC1=CC(=CC=C1)OCC(CNCCC2=CC(=C(C=C2)OC)OC)O,CC1C(C(C(C(O1)OC2CC(C3(C4C(CCC3(C2)O)C5(CCC(C5(CC4O)C)C6=CC(=O)OC6)O)CO)O)O)O)O
Chlorthalidone,Ouabain,The risk or severity of adverse effects can be increased when Chlorthalidone is combined with Ouabain.,C1=CC=C2C(=C1)C(=O)NC2(C3=CC(=C(C=C3)Cl)S(=O)(=O)N)O,CC1C(C(C(C(O1)OC2CC(C3(C4C(CCC3(C2)O)C5(CCC(C5(CC4O)C)C6=CC(=O)OC6)O)CO)O)O)O)O
Tretinoin,Ouabain,Tretinoin may decrease the cardiotoxic activities of Ouabain.,CC1=C(C(CCC1)(C)C)C=CC(=CC=CC(=CC(=O)O)C)C,CC1C(C(C(C(O1)OC2CC(C3(C4C(CCC3(C2)O)C5(CCC(C5(CC4O)C)C6=CC(=O)OC6)O)CO)O)O)O)O
Methyclothiazide,Ouabain,The risk or severity of adverse effects can be increased when Methyclothiazide is combined with Ouabain.,CN1C(NC2=CC(=C(C=C2S1(=O)=O)S(=O)(=O)N)Cl)CCl,CC1C(C(C(C(O1)OC2CC(C3(C4C(CCC3(C2)O)C5(CCC(C5(CC4O)C)C6=CC(=O)OC6)O)CO)O)O)O)O
Clofarabine,Ouabain,Clofarabine may decrease the cardiotoxic activities of Ouabain.,C1=NC2=C(N=C(N=C2N1C3C(C(C(O3)CO)O)F)Cl)N,CC1C(C(C(C(O1)OC2CC(C3(C4C(CCC3(C2)O)C5(CCC(C5(CC4O)C)C6=CC(=O)OC6)O)CO)O)O)O)O
Amiloride,Ouabain,The therapeutic efficacy of Ouabain can be decreased when used in combination with Amiloride.,C1(=C(N=C(C(=N1)Cl)N)N)C(=O)N=C(N)N,CC1C(C(C(C(O1)OC2CC(C3(C4C(CCC3(C2)O)C5(CCC(C5(CC4O)C)C6=CC(=O)OC6)O)CO)O)O)O)O
Triamterene,Ouabain,The therapeutic efficacy of Ouabain can be decreased when used in combination with Triamterene.,C1=CC=C(C=C1)C2=NC3=C(N=C(N=C3N=C2N)N)N,CC1C(C(C(C(O1)OC2CC(C3(C4C(CCC3(C2)O)C5(CCC(C5(CC4O)C)C6=CC(=O)OC6)O)CO)O)O)O)O
Hydrochlorothiazide,Ouabain,The risk or severity of adverse effects can be increased when Hydrochlorothiazide is combined with Ouabain.,C1NC2=CC(=C(C=C2S(=O)(=O)N1)S(=O)(=O)N)Cl,CC1C(C(C(C(O1)OC2CC(C3(C4C(CCC3(C2)O)C5(CCC(C5(CC4O)C)C6=CC(=O)OC6)O)CO)O)O)O)O
Eplerenone,Ouabain,The therapeutic efficacy of Ouabain can be decreased when used in combination with Eplerenone.,CC12CCC(=O)C=C1CC(C3C24C(O4)CC5(C3CCC56CCC(=O)O6)C)C(=O)OC,CC1C(C(C(C(O1)OC2CC(C3(C4C(CCC3(C2)O)C5(CCC(C5(CC4O)C)C6=CC(=O)OC6)O)CO)O)O)O)O
Hydroflumethiazide,Ouabain,The risk or severity of adverse effects can be increased when Hydroflumethiazide is combined with Ouabain.,C1NC2=C(C=C(C(=C2)C(F)(F)F)S(=O)(=O)N)S(=O)(=O)N1,CC1C(C(C(C(O1)OC2CC(C3(C4C(CCC3(C2)O)C5(CCC(C5(CC4O)C)C6=CC(=O)OC6)O)CO)O)O)O)O
Metolazone,Ouabain,The risk or severity of adverse effects can be increased when Metolazone is combined with Ouabain.,CC1NC2=CC(=C(C=C2C(=O)N1C3=CC=CC=C3C)S(=O)(=O)N)Cl,CC1C(C(C(C(O1)OC2CC(C3(C4C(CCC3(C2)O)C5(CCC(C5(CC4O)C)C6=CC(=O)OC6)O)CO)O)O)O)O
Chlorothiazide,Ouabain,The risk or severity of adverse effects can be increased when Chlorothiazide is combined with Ouabain.,C1=C2C(=CC(=C1Cl)S(=O)(=O)N)S(=O)(=O)N=CN2,CC1C(C(C(C(O1)OC2CC(C3(C4C(CCC3(C2)O)C5(CCC(C5(CC4O)C)C6=CC(=O)OC6)O)CO)O)O)O)O
Quinacrine,Ouabain,Quinacrine may decrease the cardiotoxic activities of Ouabain.,CCN(CC)CCCC(C)NC1=C2C=C(C=CC2=NC3=C1C=CC(=C3)Cl)OC,CC1C(C(C(C(O1)OC2CC(C3(C4C(CCC3(C2)O)C5(CCC(C5(CC4O)C)C6=CC(=O)OC6)O)CO)O)O)O)O
Nelarabine,Ouabain,Nelarabine may decrease the cardiotoxic activities of Ouabain.,COC1=NC(=NC2=C1N=CN2C3C(C(C(O3)CO)O)O)N,CC1C(C(C(C(O1)OC2CC(C3(C4C(CCC3(C2)O)C5(CCC(C5(CC4O)C)C6=CC(=O)OC6)O)CO)O)O)O)O
Azacitidine,Ouabain,Azacitidine may decrease the cardiotoxic activities of Ouabain.,C1=NC(=NC(=O)N1C2C(C(C(O2)CO)O)O)N,CC1C(C(C(C(O1)OC2CC(C3(C4C(CCC3(C2)O)C5(CCC(C5(CC4O)C)C6=CC(=O)OC6)O)CO)O)O)O)O
Ifosfamide,Ouabain,Ifosfamide may decrease the cardiotoxic activities of Ouabain.,C1CN(P(=O)(OC1)NCCCl)CCCl,CC1C(C(C(C(O1)OC2CC(C3(C4C(CCC3(C2)O)C5(CCC(C5(CC4O)C)C6=CC(=O)OC6)O)CO)O)O)O)O
Cytarabine,Ouabain,Cytarabine may decrease the cardiotoxic activities of Ouabain.,C1=CN(C(=O)N=C1N)C2C(C(C(O2)CO)O)O,CC1C(C(C(C(O1)OC2CC(C3(C4C(CCC3(C2)O)C5(CCC(C5(CC4O)C)C6=CC(=O)OC6)O)CO)O)O)O)O
Lomustine,Ouabain,Lomustine may decrease the cardiotoxic activities of Ouabain.,C1CCC(CC1)NC(=O)N(CCCl)N=O,CC1C(C(C(C(O1)OC2CC(C3(C4C(CCC3(C2)O)C5(CCC(C5(CC4O)C)C6=CC(=O)OC6)O)CO)O)O)O)O
Mechlorethamine,Ouabain,Mechlorethamine may decrease the cardiotoxic activities of Ouabain.,CN(CCCl)CCCl,CC1C(C(C(C(O1)OC2CC(C3(C4C(CCC3(C2)O)C5(CCC(C5(CC4O)C)C6=CC(=O)OC6)O)CO)O)O)O)O
Vincristine,Ouabain,Vincristine may decrease the cardiotoxic activities of Ouabain.,CCC1(CC2CC(C3=C(CCN(C2)C1)C4=CC=CC=C4N3)(C5=C(C=C6C(=C5)C78CCN9C7C(C=CC9)(C(C(C8N6C=O)(C(=O)OC)O)OC(=O)C)CC)OC)C(=O)OC)O,CC1C(C(C(C(O1)OC2CC(C3(C4C(CCC3(C2)O)C5(CCC(C5(CC4O)C)C6=CC(=O)OC6)O)CO)O)O)O)O
Temozolomide,Ouabain,Temozolomide may decrease the cardiotoxic activities of Ouabain.,CN1C(=O)N2C=NC(=C2N=N1)C(=O)N,CC1C(C(C(C(O1)OC2CC(C3(C4C(CCC3(C2)O)C5(CCC(C5(CC4O)C)C6=CC(=O)OC6)O)CO)O)O)O)O
Busulfan,Ouabain,Busulfan may decrease the cardiotoxic activities of Ouabain.,CS(=O)(=O)OCCCCOS(=O)(=O)C,CC1C(C(C(C(O1)OC2CC(C3(C4C(CCC3(C2)O)C5(CCC(C5(CC4O)C)C6=CC(=O)OC6)O)CO)O)O)O)O
Vinorelbine,Ouabain,Vinorelbine may decrease the cardiotoxic activities of Ouabain.,CCC1=CC2CC(C3=C(CN(C2)C1)C4=CC=CC=C4N3)(C5=C(C=C6C(=C5)C78CCN9C7C(C=CC9)(C(C(C8N6C)(C(=O)OC)O)OC(=O)C)CC)OC)C(=O)OC,CC1C(C(C(C(O1)OC2CC(C3(C4C(CCC3(C2)O)C5(CCC(C5(CC4O)C)C6=CC(=O)OC6)O)CO)O)O)O)O
Tioguanine,Ouabain,Tioguanine may decrease the cardiotoxic activities of Ouabain.,C1=NC2=C(N1)C(=S)N=C(N2)N,CC1C(C(C(C(O1)OC2CC(C3(C4C(CCC3(C2)O)C5(CCC(C5(CC4O)C)C6=CC(=O)OC6)O)CO)O)O)O)O
Mitoxantrone,Ouabain,Mitoxantrone may decrease the cardiotoxic activities of Ouabain.,C1=CC(=C2C(=C1NCCNCCO)C(=O)C3=C(C=CC(=C3C2=O)O)O)NCCNCCO,CC1C(C(C(C(O1)OC2CC(C3(C4C(CCC3(C2)O)C5(CCC(C5(CC4O)C)C6=CC(=O)OC6)O)CO)O)O)O)O
Fluorouracil,Ouabain,Fluorouracil may decrease the cardiotoxic activities of Ouabain.,C1=C(C(=O)NC(=O)N1)F,CC1C(C(C(C(O1)OC2CC(C3(C4C(CCC3(C2)O)C5(CCC(C5(CC4O)C)C6=CC(=O)OC6)O)CO)O)O)O)O
Imiquimod,Ouabain,Imiquimod may decrease the cardiotoxic activities of Ouabain.,CC(C)CN1C=NC2=C1C3=CC=CC=C3N=C2N,CC1C(C(C(C(O1)OC2CC(C3(C4C(CCC3(C2)O)C5(CCC(C5(CC4O)C)C6=CC(=O)OC6)O)CO)O)O)O)O
Oxaliplatin,Ouabain,Oxaliplatin may decrease the cardiotoxic activities of Ouabain.,C1CCC(C(C1)[NH-])[NH-].C(=O)(C(=O)O)O.[Pt+2],CC1C(C(C(C(O1)OC2CC(C3(C4C(CCC3(C2)O)C5(CCC(C5(CC4O)C)C6=CC(=O)OC6)O)CO)O)O)O)O
Pemetrexed,Ouabain,Pemetrexed may decrease the cardiotoxic activities of Ouabain.,C1=CC(=CC=C1CCC2=CNC3=C2C(=O)NC(=N3)N)C(=O)NC(CCC(=O)O)C(=O)O,CC1C(C(C(C(O1)OC2CC(C3(C4C(CCC3(C2)O)C5(CCC(C5(CC4O)C)C6=CC(=O)OC6)O)CO)O)O)O)O
Capecitabine,Ouabain,Capecitabine may decrease the cardiotoxic activities of Ouabain.,CCCCCOC(=O)NC1=NC(=O)N(C=C1F)C2C(C(C(O2)C)O)O,CC1C(C(C(C(O1)OC2CC(C3(C4C(CCC3(C2)O)C5(CCC(C5(CC4O)C)C6=CC(=O)OC6)O)CO)O)O)O)O
Fludarabine,Ouabain,Fludarabine may decrease the cardiotoxic activities of Ouabain.,C1=NC2=C(N=C(N=C2N1C3C(C(C(O3)CO)O)O)F)N,CC1C(C(C(C(O1)OC2CC(C3(C4C(CCC3(C2)O)C5(CCC(C5(CC4O)C)C6=CC(=O)OC6)O)CO)O)O)O)O
Pralatrexate,Ouabain,Pralatrexate may decrease the cardiotoxic activities of Ouabain.,C#CCC(CC1=CN=C2C(=N1)C(=NC(=N2)N)N)C3=CC=C(C=C3)C(=O)NC(CCC(=O)O)C(=O)O,CC1C(C(C(C(O1)OC2CC(C3(C4C(CCC3(C2)O)C5(CCC(C5(CC4O)C)C6=CC(=O)OC6)O)CO)O)O)O)O
Etoposide,Ouabain,Etoposide may decrease the cardiotoxic activities of Ouabain.,CC1OCC2C(O1)C(C(C(O2)OC3C4COC(=O)C4C(C5=CC6=C(C=C35)OCO6)C7=CC(=C(C(=C7)OC)O)OC)O)O,CC1C(C(C(C(O1)OC2CC(C3(C4C(CCC3(C2)O)C5(CCC(C5(CC4O)C)C6=CC(=O)OC6)O)CO)O)O)O)O
Ruxolitinib,Ouabain,Ruxolitinib may decrease the cardiotoxic activities of Ouabain.,C1CCC(C1)C(CC#N)N2C=C(C=N2)C3=C4C=CNC4=NC=N3,CC1C(C(C(C(O1)OC2CC(C3(C4C(CCC3(C2)O)C5(CCC(C5(CC4O)C)C6=CC(=O)OC6)O)CO)O)O)O)O
Melphalan,Ouabain,Melphalan may decrease the cardiotoxic activities of Ouabain.,C1=CC(=CC=C1CC(C(=O)O)N)N(CCCl)CCCl,CC1C(C(C(C(O1)OC2CC(C3(C4C(CCC3(C2)O)C5(CCC(C5(CC4O)C)C6=CC(=O)OC6)O)CO)O)O)O)O
Sorafenib,Ouabain,Sorafenib may decrease the cardiotoxic activities of Ouabain.,CNC(=O)C1=NC=CC(=C1)OC2=CC=C(C=C2)NC(=O)NC3=CC(=C(C=C3)Cl)C(F)(F)F,CC1C(C(C(C(O1)OC2CC(C3(C4C(CCC3(C2)O)C5(CCC(C5(CC4O)C)C6=CC(=O)OC6)O)CO)O)O)O)O
Teniposide,Ouabain,Teniposide may decrease the cardiotoxic activities of Ouabain.,COC1=CC(=CC(=C1O)OC)C2C3C(COC3=O)C(C4=CC5=C(C=C24)OCO5)OC6C(C(C7C(O6)COC(O7)C8=CC=CS8)O)O,CC1C(C(C(C(O1)OC2CC(C3(C4C(CCC3(C2)O)C5(CCC(C5(CC4O)C)C6=CC(=O)OC6)O)CO)O)O)O)O
Everolimus,Ouabain,Everolimus may decrease the cardiotoxic activities of Ouabain.,CC1CCC2CC(C(=CC=CC=CC(CC(C(=O)C(C(C(=CC(C(=O)CC(OC(=O)C3CCCCN3C(=O)C(=O)C1(O2)O)C(C)CC4CCC(C(C4)OC)OCCO)C)C)O)OC)C)C)C)OC,CC1C(C(C(C(O1)OC2CC(C3(C4C(CCC3(C2)O)C5(CCC(C5(CC4O)C)C6=CC(=O)OC6)O)CO)O)O)O)O
Azathioprine,Ouabain,Azathioprine may decrease the cardiotoxic activities of Ouabain.,CN1C=NC(=C1SC2=NC=NC3=C2NC=N3)[N+](=O)[O-],CC1C(C(C(C(O1)OC2CC(C3(C4C(CCC3(C2)O)C5(CCC(C5(CC4O)C)C6=CC(=O)OC6)O)CO)O)O)O)O
Dactinomycin,Ouabain,Dactinomycin may decrease the cardiotoxic activities of Ouabain.,CC1C(C(=O)NC(C(=O)N2CCCC2C(=O)N(CC(=O)N(C(C(=O)O1)C(C)C)C)C)C(C)C)NC(=O)C3=C4C(=C(C=C3)C)OC5=C(C(=O)C(=C(C5=N4)C(=O)NC6C(OC(=O)C(N(C(=O)CN(C(=O)C7CCCN7C(=O)C(NC6=O)C(C)C)C)C)C(C)C)C)N)C,CC1C(C(C(C(O1)OC2CC(C3(C4C(CCC3(C2)O)C5(CCC(C5(CC4O)C)C6=CC(=O)OC6)O)CO)O)O)O)O
Mitomycin,Ouabain,Mitomycin may decrease the cardiotoxic activities of Ouabain.,CC1=C(C(=O)C2=C(C1=O)N3CC4C(C3(C2COC(=O)N)OC)N4)N,CC1C(C(C(C(O1)OC2CC(C3(C4C(CCC3(C2)O)C5(CCC(C5(CC4O)C)C6=CC(=O)OC6)O)CO)O)O)O)O
Cisplatin,Ouabain,Cisplatin may decrease the cardiotoxic activities of Ouabain.,N.N.Cl[Pt]Cl,CC1C(C(C(C(O1)OC2CC(C3(C4C(CCC3(C2)O)C5(CCC(C5(CC4O)C)C6=CC(=O)OC6)O)CO)O)O)O)O
Carmustine,Ouabain,Carmustine may decrease the cardiotoxic activities of Ouabain.,C(CCl)NC(=O)N(CCCl)N=O,CC1C(C(C(C(O1)OC2CC(C3(C4C(CCC3(C2)O)C5(CCC(C5(CC4O)C)C6=CC(=O)OC6)O)CO)O)O)O)O
Hydroxyurea,Ouabain,Hydroxyurea may decrease the cardiotoxic activities of Ouabain.,C(=O)(N)NO,CC1C(C(C(C(O1)OC2CC(C3(C4C(CCC3(C2)O)C5(CCC(C5(CC4O)C)C6=CC(=O)OC6)O)CO)O)O)O)O
Cladribine,Ouabain,Cladribine may decrease the cardiotoxic activities of Ouabain.,C1C(C(OC1N2C=NC3=C(N=C(N=C32)Cl)N)CO)O,CC1C(C(C(C(O1)OC2CC(C3(C4C(CCC3(C2)O)C5(CCC(C5(CC4O)C)C6=CC(=O)OC6)O)CO)O)O)O)O
Ibrutinib,Ouabain,Ibrutinib may decrease the cardiotoxic activities of Ouabain.,C=CC(=O)N1CCCC(C1)N2C3=NC=NC(=C3C(=N2)C4=CC=C(C=C4)OC5=CC=CC=C5)N,CC1C(C(C(C(O1)OC2CC(C3(C4C(CCC3(C2)O)C5(CCC(C5(CC4O)C)C6=CC(=O)OC6)O)CO)O)O)O)O
Amsacrine,Ouabain,Amsacrine may decrease the cardiotoxic activities of Ouabain.,COC1=C(C=CC(=C1)NS(=O)(=O)C)NC2=C3C=CC=CC3=NC4=CC=CC=C42,CC1C(C(C(C(O1)OC2CC(C3(C4C(CCC3(C2)O)C5(CCC(C5(CC4O)C)C6=CC(=O)OC6)O)CO)O)O)O)O
Vinblastine,Ouabain,Vinblastine may decrease the cardiotoxic activities of Ouabain.,CCC1(CC2CC(C3=C(CCN(C2)C1)C4=CC=CC=C4N3)(C5=C(C=C6C(=C5)C78CCN9C7C(C=CC9)(C(C(C8N6C)(C(=O)OC)O)OC(=O)C)CC)OC)C(=O)OC)O,CC1C(C(C(C(O1)OC2CC(C3(C4C(CCC3(C2)O)C5(CCC(C5(CC4O)C)C6=CC(=O)OC6)O)CO)O)O)O)O
Temsirolimus,Ouabain,Temsirolimus may decrease the cardiotoxic activities of Ouabain.,CC1CCC2CC(C(=CC=CC=CC(CC(C(=O)C(C(C(=CC(C(=O)CC(OC(=O)C3CCCCN3C(=O)C(=O)C1(O2)O)C(C)CC4CCC(C(C4)OC)OC(=O)C(C)(CO)CO)C)C)O)OC)C)C)C)OC,CC1C(C(C(C(O1)OC2CC(C3(C4C(CCC3(C2)O)C5(CCC(C5(CC4O)C)C6=CC(=O)OC6)O)CO)O)O)O)O
Thiotepa,Ouabain,Thiotepa may decrease the cardiotoxic activities of Ouabain.,C1CN1P(=S)(N2CC2)N3CC3,CC1C(C(C(C(O1)OC2CC(C3(C4C(CCC3(C2)O)C5(CCC(C5(CC4O)C)C6=CC(=O)OC6)O)CO)O)O)O)O
Gemcitabine,Ouabain,Gemcitabine may decrease the cardiotoxic activities of Ouabain.,C1=CN(C(=O)N=C1N)C2C(C(C(O2)CO)O)(F)F,CC1C(C(C(C(O1)OC2CC(C3(C4C(CCC3(C2)O)C5(CCC(C5(CC4O)C)C6=CC(=O)OC6)O)CO)O)O)O)O
Chlorambucil,Ouabain,Chlorambucil may decrease the cardiotoxic activities of Ouabain.,C1=CC(=CC=C1CCCC(=O)O)N(CCCl)CCCl,CC1C(C(C(C(O1)OC2CC(C3(C4C(CCC3(C2)O)C5(CCC(C5(CC4O)C)C6=CC(=O)OC6)O)CO)O)O)O)O
Mercaptopurine,Ouabain,Mercaptopurine may decrease the cardiotoxic activities of Ouabain.,C1=NC2=C(N1)C(=S)N=CN2,CC1C(C(C(C(O1)OC2CC(C3(C4C(CCC3(C2)O)C5(CCC(C5(CC4O)C)C6=CC(=O)OC6)O)CO)O)O)O)O
Methotrexate,Ouabain,Methotrexate may decrease the cardiotoxic activities of Ouabain.,CN(CC1=CN=C2C(=N1)C(=NC(=N2)N)N)C3=CC=C(C=C3)C(=O)NC(CCC(=O)O)C(=O)O,CC1C(C(C(C(O1)OC2CC(C3(C4C(CCC3(C2)O)C5(CCC(C5(CC4O)C)C6=CC(=O)OC6)O)CO)O)O)O)O
Bleomycin,Ouabain,Bleomycin may decrease the cardiotoxic activities of Ouabain.,CC1=C(N=C(N=C1N)C(CC(=O)N)NCC(C(=O)N)N)C(=O)NC(C(C2=CN=CN2)OC3C(C(C(C(O3)CO)O)O)OC4C(C(C(C(O4)CO)O)OC(=O)N)O)C(=O)NC(C)C(C(C)C(=O)NC(C(C)O)C(=O)NCCC5=NC(=CS5)C6=NC(=CS6)C(=O)NCCC[S+](C)C)O,CC1C(C(C(C(O1)OC2CC(C3(C4C(CCC3(C2)O)C5(CCC(C5(CC4O)C)C6=CC(=O)OC6)O)CO)O)O)O)O
Estramustine,Ouabain,Estramustine may decrease the cardiotoxic activities of Ouabain.,CC12CCC3C(C1CCC2O)CCC4=C3C=CC(=C4)OC(=O)N(CCCl)CCCl,CC1C(C(C(C(O1)OC2CC(C3(C4C(CCC3(C2)O)C5(CCC(C5(CC4O)C)C6=CC(=O)OC6)O)CO)O)O)O)O
Vindesine,Ouabain,Vindesine may decrease the cardiotoxic activities of Ouabain.,CCC1(CC2CC(C3=C(CCN(C2)C1)C4=CC=CC=C4N3)(C5=C(C=C6C(=C5)C78CCN9C7C(C=CC9)(C(C(C8N6C)(C(=O)N)O)O)CC)OC)C(=O)OC)O,CC1C(C(C(C(O1)OC2CC(C3(C4C(CCC3(C2)O)C5(CCC(C5(CC4O)C)C6=CC(=O)OC6)O)CO)O)O)O)O
Floxuridine,Ouabain,Floxuridine may decrease the cardiotoxic activities of Ouabain.,C1C(C(OC1N2C=C(C(=O)NC2=O)F)CO)O,CC1C(C(C(C(O1)OC2CC(C3(C4C(CCC3(C2)O)C5(CCC(C5(CC4O)C)C6=CC(=O)OC6)O)CO)O)O)O)O
Dacarbazine,Ouabain,Dacarbazine may decrease the cardiotoxic activities of Ouabain.,CN(C)N=NC1=C(NC=N1)C(=O)N,CC1C(C(C(C(O1)OC2CC(C3(C4C(CCC3(C2)O)C5(CCC(C5(CC4O)C)C6=CC(=O)OC6)O)CO)O)O)O)O
Trabectedin,Ouabain,Trabectedin may decrease the cardiotoxic activities of Ouabain.,CC1=CC2=C(C3C4C5C6=C(C(=C7C(=C6C(N4C(C(C2)N3C)O)COC(=O)C8(CS5)C9=CC(=C(C=C9CCN8)O)OC)OCO7)C)OC(=O)C)C(=C1OC)O,CC1C(C(C(C(O1)OC2CC(C3(C4C(CCC3(C2)O)C5(CCC(C5(CC4O)C)C6=CC(=O)OC6)O)CO)O)O)O)O
Irinotecan,Ouabain,Irinotecan may decrease the cardiotoxic activities of Ouabain.,CCC1=C2CN3C(=CC4=C(C3=O)COC(=O)C4(CC)O)C2=NC5=C1C=C(C=C5)OC(=O)N6CCC(CC6)N7CCCCC7,CC1C(C(C(C(O1)OC2CC(C3(C4C(CCC3(C2)O)C5(CCC(C5(CC4O)C)C6=CC(=O)OC6)O)CO)O)O)O)O
Gallium nitrate,Ouabain,Gallium nitrate may decrease the cardiotoxic activities of Ouabain.,[N+](=O)([O-])[O-].[N+](=O)([O-])[O-].[N+](=O)([O-])[O-].[Ga+3],CC1C(C(C(C(O1)OC2CC(C3(C4C(CCC3(C2)O)C5(CCC(C5(CC4O)C)C6=CC(=O)OC6)O)CO)O)O)O)O
Topotecan,Ouabain,Topotecan may decrease the cardiotoxic activities of Ouabain.,CCC1(C2=C(COC1=O)C(=O)N3CC4=CC5=C(C=CC(=C5CN(C)C)O)N=C4C3=C2)O,CC1C(C(C(C(O1)OC2CC(C3(C4C(CCC3(C2)O)C5(CCC(C5(CC4O)C)C6=CC(=O)OC6)O)CO)O)O)O)O
Tibolone,Ouabain,Tibolone may decrease the cardiotoxic activities of Ouabain.,CC1CC2=C(CCC(=O)C2)C3C1C4CCC(C4(CC3)C)(C#C)O,CC1C(C(C(C(O1)OC2CC(C3(C4C(CCC3(C2)O)C5(CCC(C5(CC4O)C)C6=CC(=O)OC6)O)CO)O)O)O)O
Trichlormethiazide,Ouabain,The risk or severity of adverse effects can be increased when Trichlormethiazide is combined with Ouabain.,C1=C2C(=CC(=C1Cl)S(=O)(=O)N)S(=O)(=O)NC(N2)C(Cl)Cl,CC1C(C(C(C(O1)OC2CC(C3(C4C(CCC3(C2)O)C5(CCC(C5(CC4O)C)C6=CC(=O)OC6)O)CO)O)O)O)O
Albendazole,Ouabain,Albendazole may decrease the cardiotoxic activities of Ouabain.,CCCSC1=CC2=C(C=C1)N=C(N2)NC(=O)OC,CC1C(C(C(C(O1)OC2CC(C3(C4C(CCC3(C2)O)C5(CCC(C5(CC4O)C)C6=CC(=O)OC6)O)CO)O)O)O)O
Podofilox,Ouabain,Podofilox may decrease the cardiotoxic activities of Ouabain.,COC1=CC(=CC(=C1OC)OC)C2C3C(COC3=O)C(C4=CC5=C(C=C24)OCO5)O,CC1C(C(C(C(O1)OC2CC(C3(C4C(CCC3(C2)O)C5(CCC(C5(CC4O)C)C6=CC(=O)OC6)O)CO)O)O)O)O
Gefitinib,Ouabain,Gefitinib may decrease the cardiotoxic activities of Ouabain.,COC1=C(C=C2C(=C1)N=CN=C2NC3=CC(=C(C=C3)F)Cl)OCCCN4CCOCC4,CC1C(C(C(C(O1)OC2CC(C3(C4C(CCC3(C2)O)C5(CCC(C5(CC4O)C)C6=CC(=O)OC6)O)CO)O)O)O)O
Lapatinib,Ouabain,Lapatinib may decrease the cardiotoxic activities of Ouabain.,CS(=O)(=O)CCNCC1=CC=C(O1)C2=CC3=C(C=C2)N=CN=C3NC4=CC(=C(C=C4)OCC5=CC(=CC=C5)F)Cl,CC1C(C(C(C(O1)OC2CC(C3(C4C(CCC3(C2)O)C5(CCC(C5(CC4O)C)C6=CC(=O)OC6)O)CO)O)O)O)O
Regorafenib,Ouabain,Regorafenib may decrease the cardiotoxic activities of Ouabain.,CNC(=O)C1=NC=CC(=C1)OC2=CC(=C(C=C2)NC(=O)NC3=CC(=C(C=C3)Cl)C(F)(F)F)F,CC1C(C(C(C(O1)OC2CC(C3(C4C(CCC3(C2)O)C5(CCC(C5(CC4O)C)C6=CC(=O)OC6)O)CO)O)O)O)O
Ponatinib,Ouabain,Ponatinib may decrease the cardiotoxic activities of Ouabain.,CC1=C(C=C(C=C1)C(=O)NC2=CC(=C(C=C2)CN3CCN(CC3)C)C(F)(F)F)C#CC4=CN=C5N4N=CC=C5,CC1C(C(C(C(O1)OC2CC(C3(C4C(CCC3(C2)O)C5(CCC(C5(CC4O)C)C6=CC(=O)OC6)O)CO)O)O)O)O
Bendamustine,Ouabain,Bendamustine may decrease the cardiotoxic activities of Ouabain.,CN1C2=C(C=C(C=C2)N(CCCl)CCCl)N=C1CCCC(=O)O,CC1C(C(C(C(O1)OC2CC(C3(C4C(CCC3(C2)O)C5(CCC(C5(CC4O)C)C6=CC(=O)OC6)O)CO)O)O)O)O
Axitinib,Ouabain,Axitinib may decrease the cardiotoxic activities of Ouabain.,CNC(=O)C1=CC=CC=C1SC2=CC3=C(C=C2)C(=NN3)C=CC4=CC=CC=N4,CC1C(C(C(C(O1)OC2CC(C3(C4C(CCC3(C2)O)C5(CCC(C5(CC4O)C)C6=CC(=O)OC6)O)CO)O)O)O)O
Flutamide,Ouabain,Flutamide may decrease the cardiotoxic activities of Ouabain.,CC(C)C(=O)NC1=CC(=C(C=C1)[N+](=O)[O-])C(F)(F)F,CC1C(C(C(C(O1)OC2CC(C3(C4C(CCC3(C2)O)C5(CCC(C5(CC4O)C)C6=CC(=O)OC6)O)CO)O)O)O)O
Nilutamide,Ouabain,Nilutamide may decrease the cardiotoxic activities of Ouabain.,CC1(C(=O)N(C(=O)N1)C2=CC(=C(C=C2)[N+](=O)[O-])C(F)(F)F)C,CC1C(C(C(C(O1)OC2CC(C3(C4C(CCC3(C2)O)C5(CCC(C5(CC4O)C)C6=CC(=O)OC6)O)CO)O)O)O)O
Vismodegib,Ouabain,Vismodegib may decrease the cardiotoxic activities of Ouabain.,CS(=O)(=O)C1=CC(=C(C=C1)C(=O)NC2=CC(=C(C=C2)Cl)C3=CC=CC=N3)Cl,CC1C(C(C(C(O1)OC2CC(C3(C4C(CCC3(C2)O)C5(CCC(C5(CC4O)C)C6=CC(=O)OC6)O)CO)O)O)O)O
Exemestane,Ouabain,Exemestane may decrease the cardiotoxic activities of Ouabain.,CC12CCC3C(C1CCC2=O)CC(=C)C4=CC(=O)C=CC34C,CC1C(C(C(C(O1)OC2CC(C3(C4C(CCC3(C2)O)C5(CCC(C5(CC4O)C)C6=CC(=O)OC6)O)CO)O)O)O)O
Methyltestosterone,Ouabain,Methyltestosterone may decrease the cardiotoxic activities of Ouabain.,CC12CCC(=O)C=C1CCC3C2CCC4(C3CCC4(C)O)C,CC1C(C(C(C(O1)OC2CC(C3(C4C(CCC3(C2)O)C5(CCC(C5(CC4O)C)C6=CC(=O)OC6)O)CO)O)O)O)O
Bexarotene,Ouabain,Bexarotene may decrease the cardiotoxic activities of Ouabain.,CC1=CC2=C(C=C1C(=C)C3=CC=C(C=C3)C(=O)O)C(CCC2(C)C)(C)C,CC1C(C(C(C(O1)OC2CC(C3(C4C(CCC3(C2)O)C5(CCC(C5(CC4O)C)C6=CC(=O)OC6)O)CO)O)O)O)O
Venetoclax,Ouabain,Venetoclax may decrease the cardiotoxic activities of Ouabain.,CC1(CCC(=C(C1)C2=CC=C(C=C2)Cl)CN3CCN(CC3)C4=CC(=C(C=C4)C(=O)NS(=O)(=O)C5=CC(=C(C=C5)NCC6CCOCC6)[N+](=O)[O-])OC7=CN=C8C(=C7)C=CN8)C,CC1C(C(C(C(O1)OC2CC(C3(C4C(CCC3(C2)O)C5(CCC(C5(CC4O)C)C6=CC(=O)OC6)O)CO)O)O)O)O
Tamoxifen,Ouabain,Tamoxifen may decrease the cardiotoxic activities of Ouabain.,CCC(=C(C1=CC=CC=C1)C2=CC=C(C=C2)OCCN(C)C)C3=CC=CC=C3,CC1C(C(C(C(O1)OC2CC(C3(C4C(CCC3(C2)O)C5(CCC(C5(CC4O)C)C6=CC(=O)OC6)O)CO)O)O)O)O
Cabozantinib,Ouabain,Cabozantinib may decrease the cardiotoxic activities of Ouabain.,COC1=CC2=C(C=CN=C2C=C1OC)OC3=CC=C(C=C3)NC(=O)C4(CC4)C(=O)NC5=CC=C(C=C5)F,CC1C(C(C(C(O1)OC2CC(C3(C4C(CCC3(C2)O)C5(CCC(C5(CC4O)C)C6=CC(=O)OC6)O)CO)O)O)O)O
Romidepsin,Ouabain,Romidepsin may decrease the cardiotoxic activities of Ouabain.,CC=C1C(=O)NC(C(=O)OC2CC(=O)NC(C(=O)NC(CSSCCC=C2)C(=O)N1)C(C)C)C(C)C,CC1C(C(C(C(O1)OC2CC(C3(C4C(CCC3(C2)O)C5(CCC(C5(CC4O)C)C6=CC(=O)OC6)O)CO)O)O)O)O
Fulvestrant,Ouabain,Fulvestrant may decrease the cardiotoxic activities of Ouabain.,CC12CCC3C(C1CCC2O)C(CC4=C3C=CC(=C4)O)CCCCCCCCCS(=O)CCCC(C(F)(F)F)(F)F,CC1C(C(C(C(O1)OC2CC(C3(C4C(CCC3(C2)O)C5(CCC(C5(CC4O)C)C6=CC(=O)OC6)O)CO)O)O)O)O
Erlotinib,Ouabain,Erlotinib may decrease the cardiotoxic activities of Ouabain.,COCCOC1=C(C=C2C(=C1)C(=NC=N2)NC3=CC=CC(=C3)C#C)OCCOC,CC1C(C(C(C(O1)OC2CC(C3(C4C(CCC3(C2)O)C5(CCC(C5(CC4O)C)C6=CC(=O)OC6)O)CO)O)O)O)O
Hydroxyprogesterone caproate,Ouabain,Hydroxyprogesterone caproate may decrease the cardiotoxic activities of Ouabain.,CCCCCC(=O)OC1(CCC2C1(CCC3C2CCC4=CC(=O)CCC34C)C)C(=O)C,CC1C(C(C(C(O1)OC2CC(C3(C4C(CCC3(C2)O)C5(CCC(C5(CC4O)C)C6=CC(=O)OC6)O)CO)O)O)O)O
Dabrafenib,Ouabain,Dabrafenib may decrease the cardiotoxic activities of Ouabain.,CC(C)(C)C1=NC(=C(S1)C2=NC(=NC=C2)N)C3=C(C(=CC=C3)NS(=O)(=O)C4=C(C=CC=C4F)F)F,CC1C(C(C(C(O1)OC2CC(C3(C4C(CCC3(C2)O)C5(CCC(C5(CC4O)C)C6=CC(=O)OC6)O)CO)O)O)O)O
Mebendazole,Ouabain,Mebendazole may decrease the cardiotoxic activities of Ouabain.,COC(=O)NC1=NC2=C(N1)C=C(C=C2)C(=O)C3=CC=CC=C3,CC1C(C(C(C(O1)OC2CC(C3(C4C(CCC3(C2)O)C5(CCC(C5(CC4O)C)C6=CC(=O)OC6)O)CO)O)O)O)O
Bicalutamide,Ouabain,Bicalutamide may decrease the cardiotoxic activities of Ouabain.,CC(CS(=O)(=O)C1=CC=C(C=C1)F)(C(=O)NC2=CC(=C(C=C2)C#N)C(F)(F)F)O,CC1C(C(C(C(O1)OC2CC(C3(C4C(CCC3(C2)O)C5(CCC(C5(CC4O)C)C6=CC(=O)OC6)O)CO)O)O)O)O
Ixabepilone,Ouabain,Ixabepilone may decrease the cardiotoxic activities of Ouabain.,CC1CCCC2(C(O2)CC(NC(=O)CC(C(C(=O)C(C1O)C)(C)C)O)C(=CC3=CSC(=N3)C)C)C,CC1C(C(C(C(O1)OC2CC(C3(C4C(CCC3(C2)O)C5(CCC(C5(CC4O)C)C6=CC(=O)OC6)O)CO)O)O)O)O
Lomefloxacin,Ouabain,Lomefloxacin may decrease the cardiotoxic activities of Ouabain.,CCN1C=C(C(=O)C2=CC(=C(C(=C21)F)N3CCNC(C3)C)F)C(=O)O,CC1C(C(C(C(O1)OC2CC(C3(C4C(CCC3(C2)O)C5(CCC(C5(CC4O)C)C6=CC(=O)OC6)O)CO)O)O)O)O
Colchicine,Ouabain,Colchicine may decrease the cardiotoxic activities of Ouabain.,CC(=O)NC1CCC2=CC(=C(C(=C2C3=CC=C(C(=O)C=C13)OC)OC)OC)OC,CC1C(C(C(C(O1)OC2CC(C3(C4C(CCC3(C2)O)C5(CCC(C5(CC4O)C)C6=CC(=O)OC6)O)CO)O)O)O)O
Quinethazone,Ouabain,The risk or severity of adverse effects can be increased when Quinethazone is combined with Ouabain.,CCC1NC2=CC(=C(C=C2C(=O)N1)S(=O)(=O)N)Cl,CC1C(C(C(C(O1)OC2CC(C3(C4C(CCC3(C2)O)C5(CCC(C5(CC4O)C)C6=CC(=O)OC6)O)CO)O)O)O)O
Decitabine,Ouabain,Decitabine may decrease the cardiotoxic activities of Ouabain.,C1C(C(OC1N2C=NC(=NC2=O)N)CO)O,CC1C(C(C(C(O1)OC2CC(C3(C4C(CCC3(C2)O)C5(CCC(C5(CC4O)C)C6=CC(=O)OC6)O)CO)O)O)O)O
Carfilzomib,Ouabain,Carfilzomib may decrease the cardiotoxic activities of Ouabain.,CC(C)CC(C(=O)C1(CO1)C)NC(=O)C(CC2=CC=CC=C2)NC(=O)C(CC(C)C)NC(=O)C(CCC3=CC=CC=C3)NC(=O)CN4CCOCC4,CC1C(C(C(C(O1)OC2CC(C3(C4C(CCC3(C2)O)C5(CCC(C5(CC4O)C)C6=CC(=O)OC6)O)CO)O)O)O)O
Dexrazoxane,Ouabain,Dexrazoxane may decrease the cardiotoxic activities of Ouabain.,CC(CN1CC(=O)NC(=O)C1)N2CC(=O)NC(=O)C2,CC1C(C(C(C(O1)OC2CC(C3(C4C(CCC3(C2)O)C5(CCC(C5(CC4O)C)C6=CC(=O)OC6)O)CO)O)O)O)O
Vitamin A,Ouabain,Vitamin A may decrease the cardiotoxic activities of Ouabain.,CC1=C(C(CCC1)(C)C)C=CC(=CC=CC(=CCO)C)C,CC1C(C(C(C(O1)OC2CC(C3(C4C(CCC3(C2)O)C5(CCC(C5(CC4O)C)C6=CC(=O)OC6)O)CO)O)O)O)O
Nedaplatin,Ouabain,Nedaplatin may decrease the cardiotoxic activities of Ouabain.,C(C(=O)[O-])[O-].N.N.[Pt+2],CC1C(C(C(C(O1)OC2CC(C3(C4C(CCC3(C2)O)C5(CCC(C5(CC4O)C)C6=CC(=O)OC6)O)CO)O)O)O)O
Vinflunine,Ouabain,Vinflunine may decrease the cardiotoxic activities of Ouabain.,CCC12C=CCN3C1C4(CC3)C(C(C2OC(=O)C)(C(=O)OC)O)N(C5=CC(=C(C=C45)C6(CC7CC(CN(C7)CC8=C6NC9=CC=CC=C89)C(C)(F)F)C(=O)OC)OC)C,CC1C(C(C(C(O1)OC2CC(C3(C4C(CCC3(C2)O)C5(CCC(C5(CC4O)C)C6=CC(=O)OC6)O)CO)O)O)O)O
Nalidixic acid,Ouabain,Nalidixic acid may decrease the cardiotoxic activities of Ouabain.,CCN1C=C(C(=O)C2=C1N=C(C=C2)C)C(=O)O,CC1C(C(C(C(O1)OC2CC(C3(C4C(CCC3(C2)O)C5(CCC(C5(CC4O)C)C6=CC(=O)OC6)O)CO)O)O)O)O
Belinostat,Ouabain,Belinostat may decrease the cardiotoxic activities of Ouabain.,C1=CC=C(C=C1)NS(=O)(=O)C2=CC=CC(=C2)C=CC(=O)NO,CC1C(C(C(C(O1)OC2CC(C3(C4C(CCC3(C2)O)C5(CCC(C5(CC4O)C)C6=CC(=O)OC6)O)CO)O)O)O)O
Trametinib,Ouabain,Trametinib may decrease the cardiotoxic activities of Ouabain.,CC1=C2C(=C(N(C1=O)C)NC3=C(C=C(C=C3)I)F)C(=O)N(C(=O)N2C4=CC=CC(=C4)NC(=O)C)C5CC5,CC1C(C(C(C(O1)OC2CC(C3(C4C(CCC3(C2)O)C5(CCC(C5(CC4O)C)C6=CC(=O)OC6)O)CO)O)O)O)O
Anastrozole,Ouabain,Anastrozole may decrease the cardiotoxic activities of Ouabain.,CC(C)(C#N)C1=CC(=CC(=C1)CN2C=NC=N2)C(C)(C)C#N,CC1C(C(C(C(O1)OC2CC(C3(C4C(CCC3(C2)O)C5(CCC(C5(CC4O)C)C6=CC(=O)OC6)O)CO)O)O)O)O
Raltitrexed,Ouabain,Raltitrexed may decrease the cardiotoxic activities of Ouabain.,CC1=NC2=C(C=C(C=C2)CN(C)C3=CC=C(S3)C(=O)NC(CCC(=O)O)C(=O)O)C(=O)N1,CC1C(C(C(C(O1)OC2CC(C3(C4C(CCC3(C2)O)C5(CCC(C5(CC4O)C)C6=CC(=O)OC6)O)CO)O)O)O)O
Bosutinib,Ouabain,Bosutinib may decrease the cardiotoxic activities of Ouabain.,CN1CCN(CC1)CCCOC2=C(C=C3C(=C2)N=CC(=C3NC4=CC(=C(C=C4Cl)Cl)OC)C#N)OC,CC1C(C(C(C(O1)OC2CC(C3(C4C(CCC3(C2)O)C5(CCC(C5(CC4O)C)C6=CC(=O)OC6)O)CO)O)O)O)O
Calcipotriol,Ouabain,Calcipotriol may decrease the cardiotoxic activities of Ouabain.,CC(C=CC(C1CC1)O)C2CCC3C2(CCCC3=CC=C4CC(CC(C4=C)O)O)C,CC1C(C(C(C(O1)OC2CC(C3(C4C(CCC3(C2)O)C5(CCC(C5(CC4O)C)C6=CC(=O)OC6)O)CO)O)O)O)O
Cobimetinib,Ouabain,Cobimetinib may decrease the cardiotoxic activities of Ouabain.,C1CCNC(C1)C2(CN(C2)C(=O)C3=C(C(=C(C=C3)F)F)NC4=C(C=C(C=C4)I)F)O,CC1C(C(C(C(O1)OC2CC(C3(C4C(CCC3(C2)O)C5(CCC(C5(CC4O)C)C6=CC(=O)OC6)O)CO)O)O)O)O
Besifloxacin,Ouabain,Besifloxacin may decrease the cardiotoxic activities of Ouabain.,C1CCN(CC(C1)N)C2=C(C=C3C(=C2Cl)N(C=C(C3=O)C(=O)O)C4CC4)F,CC1C(C(C(C(O1)OC2CC(C3(C4C(CCC3(C2)O)C5(CCC(C5(CC4O)C)C6=CC(=O)OC6)O)CO)O)O)O)O
Tegafur,Ouabain,Tegafur may decrease the cardiotoxic activities of Ouabain.,C1CC(OC1)N2C=C(C(=O)NC2=O)F,CC1C(C(C(C(O1)OC2CC(C3(C4C(CCC3(C2)O)C5(CCC(C5(CC4O)C)C6=CC(=O)OC6)O)CO)O)O)O)O
Alitretinoin,Ouabain,Alitretinoin may decrease the cardiotoxic activities of Ouabain.,CC1=C(C(CCC1)(C)C)C=CC(=CC=CC(=CC(=O)O)C)C,CC1C(C(C(C(O1)OC2CC(C3(C4C(CCC3(C2)O)C5(CCC(C5(CC4O)C)C6=CC(=O)OC6)O)CO)O)O)O)O
Pipobroman,Ouabain,Pipobroman may decrease the cardiotoxic activities of Ouabain.,C1CN(CCN1C(=O)CCBr)C(=O)CCBr,CC1C(C(C(C(O1)OC2CC(C3(C4C(CCC3(C2)O)C5(CCC(C5(CC4O)C)C6=CC(=O)OC6)O)CO)O)O)O)O
Uracil mustard,Ouabain,Uracil mustard may decrease the cardiotoxic activities of Ouabain.,C1=C(C(=O)NC(=O)N1)N(CCCl)CCCl,CC1C(C(C(C(O1)OC2CC(C3(C4C(CCC3(C2)O)C5(CCC(C5(CC4O)C)C6=CC(=O)OC6)O)CO)O)O)O)O
Alectinib,Ouabain,Alectinib may decrease the cardiotoxic activities of Ouabain.,CCC1=CC2=C(C=C1N3CCC(CC3)N4CCOCC4)C(C5=C(C2=O)C6=C(N5)C=C(C=C6)C#N)(C)C,CC1C(C(C(C(O1)OC2CC(C3(C4C(CCC3(C2)O)C5(CCC(C5(CC4O)C)C6=CC(=O)OC6)O)CO)O)O)O)O
Testolactone,Ouabain,Testolactone may decrease the cardiotoxic activities of Ouabain.,CC12CCC3C(C1CCC(=O)O2)CCC4=CC(=O)C=CC34C,CC1C(C(C(C(O1)OC2CC(C3(C4C(CCC3(C2)O)C5(CCC(C5(CC4O)C)C6=CC(=O)OC6)O)CO)O)O)O)O
Eflornithine,Ouabain,Eflornithine may decrease the cardiotoxic activities of Ouabain.,C(CC(C(F)F)(C(=O)O)N)CN,CC1C(C(C(C(O1)OC2CC(C3(C4C(CCC3(C2)O)C5(CCC(C5(CC4O)C)C6=CC(=O)OC6)O)CO)O)O)O)O
Trovafloxacin,Ouabain,Trovafloxacin may decrease the cardiotoxic activities of Ouabain.,C1C2C(C2N)CN1C3=C(C=C4C(=O)C(=CN(C4=N3)C5=C(C=C(C=C5)F)F)C(=O)O)F,CC1C(C(C(C(O1)OC2CC(C3(C4C(CCC3(C2)O)C5(CCC(C5(CC4O)C)C6=CC(=O)OC6)O)CO)O)O)O)O
Nintedanib,Ouabain,Nintedanib may decrease the cardiotoxic activities of Ouabain.,CN1CCN(CC1)CC(=O)N(C)C2=CC=C(C=C2)N=C(C3=CC=CC=C3)C4=C(NC5=C4C=CC(=C5)C(=O)OC)O,CC1C(C(C(C(O1)OC2CC(C3(C4C(CCC3(C2)O)C5(CCC(C5(CC4O)C)C6=CC(=O)OC6)O)CO)O)O)O)O
Methyl aminolevulinate,Ouabain,Methyl aminolevulinate may decrease the cardiotoxic activities of Ouabain.,COC(=O)CCC(=O)CN,CC1C(C(C(C(O1)OC2CC(C3(C4C(CCC3(C2)O)C5(CCC(C5(CC4O)C)C6=CC(=O)OC6)O)CO)O)O)O)O
Enoxacin,Ouabain,Enoxacin may decrease the cardiotoxic activities of Ouabain.,CCN1C=C(C(=O)C2=CC(=C(N=C21)N3CCNCC3)F)C(=O)O,CC1C(C(C(C(O1)OC2CC(C3(C4C(CCC3(C2)O)C5(CCC(C5(CC4O)C)C6=CC(=O)OC6)O)CO)O)O)O)O
Pefloxacin,Ouabain,Pefloxacin may decrease the cardiotoxic activities of Ouabain.,CCN1C=C(C(=O)C2=CC(=C(C=C21)N3CCN(CC3)C)F)C(=O)O,CC1C(C(C(C(O1)OC2CC(C3(C4C(CCC3(C2)O)C5(CCC(C5(CC4O)C)C6=CC(=O)OC6)O)CO)O)O)O)O
Azelaic acid,Ouabain,Azelaic acid may decrease the cardiotoxic activities of Ouabain.,C(CCCC(=O)O)CCCC(=O)O,CC1C(C(C(C(O1)OC2CC(C3(C4C(CCC3(C2)O)C5(CCC(C5(CC4O)C)C6=CC(=O)OC6)O)CO)O)O)O)O
Cinoxacin,Ouabain,Cinoxacin may decrease the cardiotoxic activities of Ouabain.,CCN1C2=CC3=C(C=C2C(=O)C(=N1)C(=O)O)OCO3,CC1C(C(C(C(O1)OC2CC(C3(C4C(CCC3(C2)O)C5(CCC(C5(CC4O)C)C6=CC(=O)OC6)O)CO)O)O)O)O
Phenylacetic acid,Ouabain,Phenylacetic acid may decrease the cardiotoxic activities of Ouabain.,C1=CC=C(C=C1)CC(=O)O,CC1C(C(C(C(O1)OC2CC(C3(C4C(CCC3(C2)O)C5(CCC(C5(CC4O)C)C6=CC(=O)OC6)O)CO)O)O)O)O
Sparfloxacin,Ouabain,Sparfloxacin may decrease the cardiotoxic activities of Ouabain.,CC1CN(CC(N1)C)C2=C(C(=C3C(=C2F)N(C=C(C3=O)C(=O)O)C4CC4)N)F,CC1C(C(C(C(O1)OC2CC(C3(C4C(CCC3(C2)O)C5(CCC(C5(CC4O)C)C6=CC(=O)OC6)O)CO)O)O)O)O
Niraparib,Ouabain,Niraparib may decrease the cardiotoxic activities of Ouabain.,C1CC(CNC1)C2=CC=C(C=C2)N3C=C4C=CC=C(C4=N3)C(=O)N,CC1C(C(C(C(O1)OC2CC(C3(C4C(CCC3(C2)O)C5(CCC(C5(CC4O)C)C6=CC(=O)OC6)O)CO)O)O)O)O
Vapreotide,Ouabain,Vapreotide may decrease the cardiotoxic activities of Ouabain.,CC(C)C1C(=O)NC(CSSCC(C(=O)NC(C(=O)NC(C(=O)NC(C(=O)N1)CCCCN)CC2=CNC3=CC=CC=C32)CC4=CC=C(C=C4)O)NC(=O)C(CC5=CC=CC=C5)N)C(=O)NC(CC6=CNC7=CC=CC=C76)C(=O)N,CC1C(C(C(C(O1)OC2CC(C3(C4C(CCC3(C2)O)C5(CCC(C5(CC4O)C)C6=CC(=O)OC6)O)CO)O)O)O)O
Trilostane,Ouabain,Trilostane may decrease the cardiotoxic activities of Ouabain.,CC12CCC3C(C1CCC2O)CCC45C3(CC(=C(C4O5)O)C#N)C,CC1C(C(C(C(O1)OC2CC(C3(C4C(CCC3(C2)O)C5(CCC(C5(CC4O)C)C6=CC(=O)OC6)O)CO)O)O)O)O
Sonidegib,Ouabain,Sonidegib may decrease the cardiotoxic activities of Ouabain.,CC1CN(CC(O1)C)C2=NC=C(C=C2)NC(=O)C3=CC=CC(=C3C)C4=CC=C(C=C4)OC(F)(F)F,CC1C(C(C(C(O1)OC2CC(C3(C4C(CCC3(C2)O)C5(CCC(C5(CC4O)C)C6=CC(=O)OC6)O)CO)O)O)O)O
Cyproterone acetate,Ouabain,Cyproterone acetate may decrease the cardiotoxic activities of Ouabain.,CC(=O)C1(CCC2C1(CCC3C2C=C(C4=CC(=O)C5CC5C34C)Cl)C)OC(=O)C,CC1C(C(C(C(O1)OC2CC(C3(C4C(CCC3(C2)O)C5(CCC(C5(CC4O)C)C6=CC(=O)OC6)O)CO)O)O)O)O
Suramin,Ouabain,Suramin may decrease the cardiotoxic activities of Ouabain.,CC1=C(C=C(C=C1)C(=O)NC2=C3C(=CC(=CC3=C(C=C2)S(=O)(=O)O)S(=O)(=O)O)S(=O)(=O)O)NC(=O)C4=CC(=CC=C4)NC(=O)NC5=CC=CC(=C5)C(=O)NC6=C(C=CC(=C6)C(=O)NC7=C8C(=CC(=CC8=C(C=C7)S(=O)(=O)O)S(=O)(=O)O)S(=O)(=O)O)C,CC1C(C(C(C(O1)OC2CC(C3(C4C(CCC3(C2)O)C5(CCC(C5(CC4O)C)C6=CC(=O)OC6)O)CO)O)O)O)O
Iobenguane,Ouabain,Iobenguane may decrease the cardiotoxic activities of Ouabain.,C1=CC(=CC(=C1)I)CN=C(N)N,CC1C(C(C(C(O1)OC2CC(C3(C4C(CCC3(C2)O)C5(CCC(C5(CC4O)C)C6=CC(=O)OC6)O)CO)O)O)O)O
Omacetaxine mepesuccinate,Ouabain,Omacetaxine mepesuccinate may decrease the cardiotoxic activities of Ouabain.,CC(C)(CCCC(CC(=O)OC)(C(=O)OC1C2C3=CC4=C(C=C3CCN5C2(CCC5)C=C1OC)OCO4)O)O,CC1C(C(C(C(O1)OC2CC(C3(C4C(CCC3(C2)O)C5(CCC(C5(CC4O)C)C6=CC(=O)OC6)O)CO)O)O)O)O
Aminoglutethimide,Ouabain,Aminoglutethimide may decrease the cardiotoxic activities of Ouabain.,CCC1(CCC(=O)NC1=O)C2=CC=C(C=C2)N,CC1C(C(C(C(O1)OC2CC(C3(C4C(CCC3(C2)O)C5(CCC(C5(CC4O)C)C6=CC(=O)OC6)O)CO)O)O)O)O
Gatifloxacin,Ouabain,Gatifloxacin may decrease the cardiotoxic activities of Ouabain.,CC1CN(CCN1)C2=C(C=C3C(=C2OC)N(C=C(C3=O)C(=O)O)C4CC4)F,CC1C(C(C(C(O1)OC2CC(C3(C4C(CCC3(C2)O)C5(CCC(C5(CC4O)C)C6=CC(=O)OC6)O)CO)O)O)O)O
Mequinol,Ouabain,Mequinol may decrease the cardiotoxic activities of Ouabain.,COC1=CC=C(C=C1)O,CC1C(C(C(C(O1)OC2CC(C3(C4C(CCC3(C2)O)C5(CCC(C5(CC4O)C)C6=CC(=O)OC6)O)CO)O)O)O)O
Podophyllin,Ouabain,Podophyllin may decrease the cardiotoxic activities of Ouabain.,COC1=CC(=CC(=C1OC)OC)C2C3C(COC3=O)C(C4=CC5=C(C=C24)OCO5)O.COC1=CC(=CC(=C1OC)OC)C2C3C(COC3=O)C(C4=CC5=C(C=C24)OCO5)O.COC1=CC(=CC(=C1OC)OC)C2C(C(C(C3=CC4=C(C=C23)OCO4)O)CO)C(=O)O.COC1=CC(=CC(=C1OC)OC)C2C(C(C(C3=CC4=C(C=C23)OCO4)O)CO)C(=O)O,CC1C(C(C(C(O1)OC2CC(C3(C4C(CCC3(C2)O)C5(CCC(C5(CC4O)C)C6=CC(=O)OC6)O)CO)O)O)O)O
Megestrol acetate,Ouabain,Megestrol acetate may decrease the cardiotoxic activities of Ouabain.,CC1=CC2C(CCC3(C2CCC3(C(=O)C)OC(=O)C)C)C4(C1=CC(=O)CC4)C,CC1C(C(C(C(O1)OC2CC(C3(C4C(CCC3(C2)O)C5(CCC(C5(CC4O)C)C6=CC(=O)OC6)O)CO)O)O)O)O
Fleroxacin,Ouabain,Fleroxacin may decrease the cardiotoxic activities of Ouabain.,CN1CCN(CC1)C2=C(C=C3C(=C2F)N(C=C(C3=O)C(=O)O)CCF)F,CC1C(C(C(C(O1)OC2CC(C3(C4C(CCC3(C2)O)C5(CCC(C5(CC4O)C)C6=CC(=O)OC6)O)CO)O)O)O)O
Phenylbutyric acid,Ouabain,Phenylbutyric acid may decrease the cardiotoxic activities of Ouabain.,C1=CC=C(C=C1)CCCC(=O)O,CC1C(C(C(C(O1)OC2CC(C3(C4C(CCC3(C2)O)C5(CCC(C5(CC4O)C)C6=CC(=O)OC6)O)CO)O)O)O)O
Pixantrone,Ouabain,Pixantrone may decrease the cardiotoxic activities of Ouabain.,C1=CC(=C2C(=C1NCCN)C(=O)C3=C(C2=O)C=NC=C3)NCCN,CC1C(C(C(C(O1)OC2CC(C3(C4C(CCC3(C2)O)C5(CCC(C5(CC4O)C)C6=CC(=O)OC6)O)CO)O)O)O)O
Trifluridine,Ouabain,Trifluridine may decrease the cardiotoxic activities of Ouabain.,C1C(C(OC1N2C=C(C(=O)NC2=O)C(F)(F)F)CO)O,CC1C(C(C(C(O1)OC2CC(C3(C4C(CCC3(C2)O)C5(CCC(C5(CC4O)C)C6=CC(=O)OC6)O)CO)O)O)O)O
Medrogestone,Ouabain,Medrogestone may decrease the cardiotoxic activities of Ouabain.,CC1=CC2C(CCC3(C2CCC3(C)C(=O)C)C)C4(C1=CC(=O)CC4)C,CC1C(C(C(C(O1)OC2CC(C3(C4C(CCC3(C2)O)C5(CCC(C5(CC4O)C)C6=CC(=O)OC6)O)CO)O)O)O)O
Lycopene,Ouabain,Lycopene may decrease the cardiotoxic activities of Ouabain.,CC(=CCCC(=CC=CC(=CC=CC(=CC=CC=C(C)C=CC=C(C)C=CC=C(C)CCC=C(C)C)C)C)C)C,CC1C(C(C(C(O1)OC2CC(C3(C4C(CCC3(C2)O)C5(CCC(C5(CC4O)C)C6=CC(=O)OC6)O)CO)O)O)O)O
Spironolactone,Ouabain,The therapeutic efficacy of Ouabain can be decreased when used in combination with Spironolactone.,CC(=O)SC1CC2=CC(=O)CCC2(C3C1C4CCC5(C4(CC3)C)CCC(=O)O5)C,CC1C(C(C(C(O1)OC2CC(C3(C4C(CCC3(C2)O)C5(CCC(C5(CC4O)C)C6=CC(=O)OC6)O)CO)O)O)O)O
Labetalol,Ouabain,Labetalol may increase the bradycardic activities of Ouabain.,CC(CCC1=CC=CC=C1)NCC(C2=CC(=C(C=C2)O)C(=O)N)O,CC1C(C(C(C(O1)OC2CC(C3(C4C(CCC3(C2)O)C5(CCC(C5(CC4O)C)C6=CC(=O)OC6)O)CO)O)O)O)O
Carvedilol,Ouabain,Carvedilol may increase the bradycardic activities of Ouabain.,COC1=CC=CC=C1OCCNCC(COC2=CC=CC3=C2C4=CC=CC=C4N3)O,CC1C(C(C(C(O1)OC2CC(C3(C4C(CCC3(C2)O)C5(CCC(C5(CC4O)C)C6=CC(=O)OC6)O)CO)O)O)O)O
Mesalazine,Ouabain,The serum concentration of Ouabain can be decreased when it is combined with Mesalazine.,C1=CC(=C(C=C1N)C(=O)O)O,CC1C(C(C(C(O1)OC2CC(C3(C4C(CCC3(C2)O)C5(CCC(C5(CC4O)C)C6=CC(=O)OC6)O)CO)O)O)O)O
Balsalazide,Ouabain,The serum concentration of Ouabain can be decreased when it is combined with Balsalazide.,C1=CC(=CC=C1C(=O)NCCC(=O)O)N=NC2=CC(=C(C=C2)O)C(=O)O,CC1C(C(C(C(O1)OC2CC(C3(C4C(CCC3(C2)O)C5(CCC(C5(CC4O)C)C6=CC(=O)OC6)O)CO)O)O)O)O
Olsalazine,Ouabain,The serum concentration of Ouabain can be decreased when it is combined with Olsalazine.,C1=CC(=C(C=C1N=NC2=CC(=C(C=C2)O)C(=O)O)C(=O)O)O,CC1C(C(C(C(O1)OC2CC(C3(C4C(CCC3(C2)O)C5(CCC(C5(CC4O)C)C6=CC(=O)OC6)O)CO)O)O)O)O
Resveratrol,Ouabain,Resveratrol may decrease the cardiotoxic activities of Ouabain.,C1=CC(=CC=C1C=CC2=CC(=CC(=C2)O)O)O,CC1C(C(C(C(O1)OC2CC(C3(C4C(CCC3(C2)O)C5(CCC(C5(CC4O)C)C6=CC(=O)OC6)O)CO)O)O)O)O
Bisoprolol,Ouabain,Bisoprolol may increase the bradycardic activities of Ouabain.,CC(C)NCC(COC1=CC=C(C=C1)COCCOC(C)C)O,CC1C(C(C(C(O1)OC2CC(C3(C4C(CCC3(C2)O)C5(CCC(C5(CC4O)C)C6=CC(=O)OC6)O)CO)O)O)O)O
Penbutolol,Ouabain,Penbutolol may increase the bradycardic activities of Ouabain.,CC(C)(C)NCC(COC1=CC=CC=C1C2CCCC2)O,CC1C(C(C(C(O1)OC2CC(C3(C4C(CCC3(C2)O)C5(CCC(C5(CC4O)C)C6=CC(=O)OC6)O)CO)O)O)O)O
Nebivolol,Ouabain,Nebivolol may increase the bradycardic activities of Ouabain.,C1CC2=C(C=CC(=C2)F)OC1C(CNCC(C3CCC4=C(O3)C=CC(=C4)F)O)O,CC1C(C(C(C(O1)OC2CC(C3(C4C(CCC3(C2)O)C5(CCC(C5(CC4O)C)C6=CC(=O)OC6)O)CO)O)O)O)O
Acebutolol,Ouabain,Acebutolol may increase the bradycardic activities of Ouabain.,CCCC(=O)NC1=CC(=C(C=C1)OCC(CNC(C)C)O)C(=O)C,CC1C(C(C(C(O1)OC2CC(C3(C4C(CCC3(C2)O)C5(CCC(C5(CC4O)C)C6=CC(=O)OC6)O)CO)O)O)O)O
Carteolol,Ouabain,Carteolol may increase the bradycardic activities of Ouabain.,CC(C)(C)NCC(COC1=CC=CC2=C1CCC(=O)N2)O,CC1C(C(C(C(O1)OC2CC(C3(C4C(CCC3(C2)O)C5(CCC(C5(CC4O)C)C6=CC(=O)OC6)O)CO)O)O)O)O
Vandetanib,Ouabain,Vandetanib may decrease the cardiotoxic activities of Ouabain.,CN1CCC(CC1)COC2=C(C=C3C(=C2)N=CN=C3NC4=C(C=C(C=C4)Br)F)OC,CC1C(C(C(C(O1)OC2CC(C3(C4C(CCC3(C2)O)C5(CCC(C5(CC4O)C)C6=CC(=O)OC6)O)CO)O)O)O)O
Sotalol,Ouabain,Sotalol may increase the bradycardic activities of Ouabain.,CC(C)NCC(C1=CC=C(C=C1)NS(=O)(=O)C)O,CC1C(C(C(C(O1)OC2CC(C3(C4C(CCC3(C2)O)C5(CCC(C5(CC4O)C)C6=CC(=O)OC6)O)CO)O)O)O)O
Levobunolol,Ouabain,Levobunolol may increase the bradycardic activities of Ouabain.,CC(C)(C)NCC(COC1=CC=CC2=C1CCCC2=O)O,CC1C(C(C(C(O1)OC2CC(C3(C4C(CCC3(C2)O)C5(CCC(C5(CC4O)C)C6=CC(=O)OC6)O)CO)O)O)O)O
Pindolol,Ouabain,Pindolol may increase the bradycardic activities of Ouabain.,CC(C)NCC(COC1=CC=CC2=C1C=CN2)O,CC1C(C(C(C(O1)OC2CC(C3(C4C(CCC3(C2)O)C5(CCC(C5(CC4O)C)C6=CC(=O)OC6)O)CO)O)O)O)O
Metipranolol,Ouabain,Metipranolol may increase the bradycardic activities of Ouabain.,CC1=CC(=C(C(=C1OC(=O)C)C)C)OCC(CNC(C)C)O,CC1C(C(C(C(O1)OC2CC(C3(C4C(CCC3(C2)O)C5(CCC(C5(CC4O)C)C6=CC(=O)OC6)O)CO)O)O)O)O
Nadolol,Ouabain,Nadolol may increase the bradycardic activities of Ouabain.,CC(C)(C)NCC(COC1=CC=CC2=C1CC(C(C2)O)O)O,CC1C(C(C(C(O1)OC2CC(C3(C4C(CCC3(C2)O)C5(CCC(C5(CC4O)C)C6=CC(=O)OC6)O)CO)O)O)O)O
Propranolol,Ouabain,Propranolol may increase the bradycardic activities of Ouabain.,CC(C)NCC(COC1=CC=CC2=CC=CC=C21)O,CC1C(C(C(C(O1)OC2CC(C3(C4C(CCC3(C2)O)C5(CCC(C5(CC4O)C)C6=CC(=O)OC6)O)CO)O)O)O)O
Masoprocol,Ouabain,Masoprocol may decrease the cardiotoxic activities of Ouabain.,CC(CC1=CC(=C(C=C1)O)O)C(C)CC2=CC(=C(C=C2)O)O,CC1C(C(C(C(O1)OC2CC(C3(C4C(CCC3(C2)O)C5(CCC(C5(CC4O)C)C6=CC(=O)OC6)O)CO)O)O)O)O
Sulindac,Ouabain,Sulindac may decrease the cardiotoxic activities of Ouabain.,CC1=C(C2=C(C1=CC3=CC=C(C=C3)S(=O)C)C=CC(=C2)F)CC(=O)O,CC1C(C(C(C(O1)OC2CC(C3(C4C(CCC3(C2)O)C5(CCC(C5(CC4O)C)C6=CC(=O)OC6)O)CO)O)O)O)O
Pirfenidone,Ouabain,Pirfenidone may decrease the cardiotoxic activities of Ouabain.,CC1=CN(C(=O)C=C1)C2=CC=CC=C2,CC1C(C(C(C(O1)OC2CC(C3(C4C(CCC3(C2)O)C5(CCC(C5(CC4O)C)C6=CC(=O)OC6)O)CO)O)O)O)O
Mycophenolate mofetil,Ouabain,Mycophenolate mofetil may decrease the cardiotoxic activities of Ouabain.,CC1=C2COC(=O)C2=C(C(=C1OC)CC=C(C)CCC(=O)OCCN3CCOCC3)O,CC1C(C(C(C(O1)OC2CC(C3(C4C(CCC3(C2)O)C5(CCC(C5(CC4O)C)C6=CC(=O)OC6)O)CO)O)O)O)O
Leflunomide,Ouabain,Leflunomide may decrease the cardiotoxic activities of Ouabain.,CC1=C(C=NO1)C(=O)NC2=CC=C(C=C2)C(F)(F)F,CC1C(C(C(C(O1)OC2CC(C3(C4C(CCC3(C2)O)C5(CCC(C5(CC4O)C)C6=CC(=O)OC6)O)CO)O)O)O)O
Mycophenolic acid,Ouabain,Mycophenolic acid may decrease the cardiotoxic activities of Ouabain.,CC1=C2COC(=O)C2=C(C(=C1OC)CC=C(C)CCC(=O)O)O,CC1C(C(C(C(O1)OC2CC(C3(C4C(CCC3(C2)O)C5(CCC(C5(CC4O)C)C6=CC(=O)OC6)O)CO)O)O)O)O
Lenalidomide,Ouabain,Lenalidomide may decrease the cardiotoxic activities of Ouabain.,C1CC(=O)NC(=O)C1N2CC3=C(C2=O)C=CC=C3N,CC1C(C(C(C(O1)OC2CC(C3(C4C(CCC3(C2)O)C5(CCC(C5(CC4O)C)C6=CC(=O)OC6)O)CO)O)O)O)O
Ixazomib,Ouabain,Ixazomib may decrease the cardiotoxic activities of Ouabain.,B(C(CC(C)C)NC(=O)CNC(=O)C1=C(C=CC(=C1)Cl)Cl)(O)O,CC1C(C(C(C(O1)OC2CC(C3(C4C(CCC3(C2)O)C5(CCC(C5(CC4O)C)C6=CC(=O)OC6)O)CO)O)O)O)O
Ecabet,Ouabain,Ecabet may decrease the cardiotoxic activities of Ouabain.,CC(C)C1=C(C=C2C(=C1)CCC3C2(CCCC3(C)C(=O)O)C)S(=O)(=O)O,CC1C(C(C(C(O1)OC2CC(C3(C4C(CCC3(C2)O)C5(CCC(C5(CC4O)C)C6=CC(=O)OC6)O)CO)O)O)O)O
Afatinib,Ouabain,Afatinib may decrease the cardiotoxic activities of Ouabain.,CN(C)CC=CC(=O)NC1=C(C=C2C(=C1)C(=NC=N2)NC3=CC(=C(C=C3)F)Cl)OC4CCOC4,CC1C(C(C(C(O1)OC2CC(C3(C4C(CCC3(C2)O)C5(CCC(C5(CC4O)C)C6=CC(=O)OC6)O)CO)O)O)O)O
Diltiazem,Ouabain,Diltiazem may increase the atrioventricular blocking (AV block) activities of Ouabain.,CC(=O)OC1C(SC2=CC=CC=C2N(C1=O)CCN(C)C)C3=CC=C(C=C3)OC,CC1C(C(C(C(O1)OC2CC(C3(C4C(CCC3(C2)O)C5(CCC(C5(CC4O)C)C6=CC(=O)OC6)O)CO)O)O)O)O
Idelalisib,Ouabain,Idelalisib may decrease the cardiotoxic activities of Ouabain.,CCC(C1=NC2=C(C(=CC=C2)F)C(=O)N1C3=CC=CC=C3)NC4=NC=NC5=C4NC=N5,CC1C(C(C(C(O1)OC2CC(C3(C4C(CCC3(C2)O)C5(CCC(C5(CC4O)C)C6=CC(=O)OC6)O)CO)O)O)O)O
Verapamil,Ouabain,Verapamil may increase the atrioventricular blocking (AV block) activities of Ouabain.,CC(C)C(CCCN(C)CCC1=CC(=C(C=C1)OC)OC)(C#N)C2=CC(=C(C=C2)OC)OC,CC1C(C(C(C(O1)OC2CC(C3(C4C(CCC3(C2)O)C5(CCC(C5(CC4O)C)C6=CC(=O)OC6)O)CO)O)O)O)O
Vemurafenib,Ouabain,Vemurafenib may decrease the cardiotoxic activities of Ouabain.,CCCS(=O)(=O)NC1=C(C(=C(C=C1)F)C(=O)C2=CNC3=C2C=C(C=N3)C4=CC=C(C=C4)Cl)F,CC1C(C(C(C(O1)OC2CC(C3(C4C(CCC3(C2)O)C5(CCC(C5(CC4O)C)C6=CC(=O)OC6)O)CO)O)O)O)O
Ceritinib,Ouabain,Ceritinib may decrease the cardiotoxic activities of Ouabain.,CC1=CC(=C(C=C1C2CCNCC2)OC(C)C)NC3=NC=C(C(=N3)NC4=CC=CC=C4S(=O)(=O)C(C)C)Cl,CC1C(C(C(C(O1)OC2CC(C3(C4C(CCC3(C2)O)C5(CCC(C5(CC4O)C)C6=CC(=O)OC6)O)CO)O)O)O)O
Dasatinib,Ouabain,Dasatinib may decrease the cardiotoxic activities of Ouabain.,CC1=C(C(=CC=C1)Cl)NC(=O)C2=CN=C(S2)NC3=CC(=NC(=N3)C)N4CCN(CC4)CCO,CC1C(C(C(C(O1)OC2CC(C3(C4C(CCC3(C2)O)C5(CCC(C5(CC4O)C)C6=CC(=O)OC6)O)CO)O)O)O)O
Palbociclib,Ouabain,Palbociclib may decrease the cardiotoxic activities of Ouabain.,CC1=C(C(=O)N(C2=NC(=NC=C12)NC3=NC=C(C=C3)N4CCNCC4)C5CCCC5)C(=O)C,CC1C(C(C(C(O1)OC2CC(C3(C4C(CCC3(C2)O)C5(CCC(C5(CC4O)C)C6=CC(=O)OC6)O)CO)O)O)O)O
Osimertinib,Ouabain,Osimertinib may decrease the cardiotoxic activities of Ouabain.,CN1C=C(C2=CC=CC=C21)C3=NC(=NC=C3)NC4=C(C=C(C(=C4)NC(=O)C=C)N(C)CCN(C)C)OC,CC1C(C(C(C(O1)OC2CC(C3(C4C(CCC3(C2)O)C5(CCC(C5(CC4O)C)C6=CC(=O)OC6)O)CO)O)O)O)O
Tiaprofenic acid,Gatifloxacin,Tiaprofenic acid may increase the neuroexcitatory activities of Gatifloxacin.,CC(C1=CC=C(S1)C(=O)C2=CC=CC=C2)C(=O)O,CC1CN(CCN1)C2=C(C=C3C(=C2OC)N(C=C(C3=O)C(=O)O)C4CC4)F
Carprofen,Gatifloxacin,Carprofen may increase the neuroexcitatory activities of Gatifloxacin.,CC(C1=CC2=C(C=C1)C3=C(N2)C=CC(=C3)Cl)C(=O)O,CC1CN(CCN1)C2=C(C=C3C(=C2OC)N(C=C(C3=O)C(=O)O)C4CC4)F
Cyclophosphamide,Gatifloxacin,Cyclophosphamide may increase the cardiotoxic activities of Gatifloxacin.,C1CNP(=O)(OC1)N(CCCl)CCCl,CC1CN(CCN1)C2=C(C=C3C(=C2OC)N(C=C(C3=O)C(=O)O)C4CC4)F
Paclitaxel,Gatifloxacin,The risk or severity of adverse effects can be increased when Paclitaxel is combined with Gatifloxacin.,CC1=C2C(C(=O)C3(C(CC4C(C3C(C(C2(C)C)(CC1OC(=O)C(C(C5=CC=CC=C5)NC(=O)C6=CC=CC=C6)O)O)OC(=O)C7=CC=CC=C7)(CO4)OC(=O)C)O)C)OC(=O)C,CC1CN(CCN1)C2=C(C=C3C(=C2OC)N(C=C(C3=O)C(=O)O)C4CC4)F
Docetaxel,Gatifloxacin,The risk or severity of adverse effects can be increased when Docetaxel is combined with Gatifloxacin.,CC1=C2C(C(=O)C3(C(CC4C(C3C(C(C2(C)C)(CC1OC(=O)C(C(C5=CC=CC=C5)NC(=O)OC(C)(C)C)O)O)OC(=O)C6=CC=CC=C6)(CO4)OC(=O)C)O)C)O,CC1CN(CCN1)C2=C(C=C3C(=C2OC)N(C=C(C3=O)C(=O)O)C4CC4)F
Cabazitaxel,Gatifloxacin,The risk or severity of adverse effects can be increased when Cabazitaxel is combined with Gatifloxacin.,CC1=C2C(C(=O)C3(C(CC4C(C3C(C(C2(C)C)(CC1OC(=O)C(C(C5=CC=CC=C5)NC(=O)OC(C)(C)C)O)O)OC(=O)C6=CC=CC=C6)(CO4)OC(=O)C)OC)C)OC,CC1CN(CCN1)C2=C(C=C3C(=C2OC)N(C=C(C3=O)C(=O)O)C4CC4)F
Acarbose,Gatifloxacin,Acarbose may increase the hypoglycemic activities of Gatifloxacin.,CC1C(C(C(C(O1)OC2C(OC(C(C2O)O)OC(C(CO)O)C(C(C=O)O)O)CO)O)O)NC3C=C(C(C(C3O)O)O)CO,CC1CN(CCN1)C2=C(C=C3C(=C2OC)N(C=C(C3=O)C(=O)O)C4CC4)F
Sunitinib,Gatifloxacin,Sunitinib may increase the hypoglycemic activities of Gatifloxacin.,CCN(CC)CCNC(=O)C1=C(NC(=C1C)C=C2C3=C(C=CC(=C3)F)NC2=O)C,CC1CN(CCN1)C2=C(C=C3C(=C2OC)N(C=C(C3=O)C(=O)O)C4CC4)F
Prednisolone,Gatifloxacin,The risk or severity of adverse effects can be increased when Prednisolone is combined with Gatifloxacin.,CC12CC(C3C(C1CCC2(C(=O)CO)O)CCC4=CC(=O)C=CC34C)O,CC1CN(CCN1)C2=C(C=C3C(=C2OC)N(C=C(C3=O)C(=O)O)C4CC4)F
Dexamethasone,Gatifloxacin,The risk or severity of adverse effects can be increased when Dexamethasone is combined with Gatifloxacin.,CC1CC2C3CCC4=CC(=O)C=CC4(C3(C(CC2(C1(C(=O)CO)O)C)O)F)C,CC1CN(CCN1)C2=C(C=C3C(=C2OC)N(C=C(C3=O)C(=O)O)C4CC4)F
Prednisone,Gatifloxacin,The risk or severity of adverse effects can be increased when Prednisone is combined with Gatifloxacin.,CC12CC(=O)C3C(C1CCC2(C(=O)CO)O)CCC4=CC(=O)C=CC34C,CC1CN(CCN1)C2=C(C=C3C(=C2OC)N(C=C(C3=O)C(=O)O)C4CC4)F
Methylprednisolone,Gatifloxacin,The risk or severity of adverse effects can be increased when Methylprednisolone is combined with Gatifloxacin.,CC1CC2C3CCC(C3(CC(C2C4(C1=CC(=O)C=C4)C)O)C)(C(=O)CO)O,CC1CN(CCN1)C2=C(C=C3C(=C2OC)N(C=C(C3=O)C(=O)O)C4CC4)F
Formestane,Gatifloxacin,The risk or severity of adverse effects can be increased when Formestane is combined with Gatifloxacin.,CC12CCC(=O)C(=C1CCC3C2CCC4(C3CCC4=O)C)O,CC1CN(CCN1)C2=C(C=C3C(=C2OC)N(C=C(C3=O)C(=O)O)C4CC4)F
Mesalazine,Gatifloxacin,Mesalazine may increase the neuroexcitatory activities of Gatifloxacin.,C1=CC(=C(C=C1N)C(=O)O)O,CC1CN(CCN1)C2=C(C=C3C(=C2OC)N(C=C(C3=O)C(=O)O)C4CC4)F
Balsalazide,Gatifloxacin,Balsalazide may increase the neuroexcitatory activities of Gatifloxacin.,C1=CC(=CC=C1C(=O)NCCC(=O)O)N=NC2=CC(=C(C=C2)O)C(=O)O,CC1CN(CCN1)C2=C(C=C3C(=C2OC)N(C=C(C3=O)C(=O)O)C4CC4)F
Olsalazine,Gatifloxacin,Olsalazine may increase the neuroexcitatory activities of Gatifloxacin.,C1=CC(=C(C=C1N=NC2=CC(=C(C=C2)O)C(=O)O)C(=O)O)O,CC1CN(CCN1)C2=C(C=C3C(=C2OC)N(C=C(C3=O)C(=O)O)C4CC4)F
Resveratrol,Gatifloxacin,Resveratrol may increase the neuroexcitatory activities of Gatifloxacin.,C1=CC(=CC=C1C=CC2=CC(=CC(=C2)O)O)O,CC1CN(CCN1)C2=C(C=C3C(=C2OC)N(C=C(C3=O)C(=O)O)C4CC4)F
Masoprocol,Gatifloxacin,Masoprocol may increase the neuroexcitatory activities of Gatifloxacin.,CC(CC1=CC(=C(C=C1)O)O)C(C)CC2=CC(=C(C=C2)O)O,CC1CN(CCN1)C2=C(C=C3C(=C2OC)N(C=C(C3=O)C(=O)O)C4CC4)F
Sulindac,Gatifloxacin,Sulindac may increase the neuroexcitatory activities of Gatifloxacin.,CC1=C(C2=C(C1=CC3=CC=C(C=C3)S(=O)C)C=CC(=C2)F)CC(=O)O,CC1CN(CCN1)C2=C(C=C3C(=C2OC)N(C=C(C3=O)C(=O)O)C4CC4)F
Pirfenidone,Gatifloxacin,Pirfenidone may increase the neuroexcitatory activities of Gatifloxacin.,CC1=CN(C(=O)C=C1)C2=CC=CC=C2,CC1CN(CCN1)C2=C(C=C3C(=C2OC)N(C=C(C3=O)C(=O)O)C4CC4)F
Mycophenolate mofetil,Gatifloxacin,Mycophenolate mofetil may increase the neuroexcitatory activities of Gatifloxacin.,CC1=C2COC(=O)C2=C(C(=C1OC)CC=C(C)CCC(=O)OCCN3CCOCC3)O,CC1CN(CCN1)C2=C(C=C3C(=C2OC)N(C=C(C3=O)C(=O)O)C4CC4)F
Leflunomide,Gatifloxacin,Leflunomide may increase the neuroexcitatory activities of Gatifloxacin.,CC1=C(C=NO1)C(=O)NC2=CC=C(C=C2)C(F)(F)F,CC1CN(CCN1)C2=C(C=C3C(=C2OC)N(C=C(C3=O)C(=O)O)C4CC4)F
Vemurafenib,Gatifloxacin,The risk or severity of QTc prolongation can be increased when Vemurafenib is combined with Gatifloxacin.,CCCS(=O)(=O)NC1=C(C(=C(C=C1)F)C(=O)C2=CNC3=C2C=C(C=N3)C4=CC=C(C=C4)Cl)F,CC1CN(CCN1)C2=C(C=C3C(=C2OC)N(C=C(C3=O)C(=O)O)C4CC4)F
Warfarin,Gatifloxacin,Warfarin may increase the anticoagulant activities of Gatifloxacin.,CC(=O)CC(C1=CC=CC=C1)C2=C(C3=CC=CC=C3OC2=O)O,CC1CN(CCN1)C2=C(C=C3C(=C2OC)N(C=C(C3=O)C(=O)O)C4CC4)F
Phenprocoumon,Gatifloxacin,Phenprocoumon may increase the anticoagulant activities of Gatifloxacin.,CCC(C1=CC=CC=C1)C2=C(C3=CC=CC=C3OC2=O)O,CC1CN(CCN1)C2=C(C=C3C(=C2OC)N(C=C(C3=O)C(=O)O)C4CC4)F
Phenindione,Gatifloxacin,Phenindione may increase the anticoagulant activities of Gatifloxacin.,C1=CC=C(C=C1)C2C(=O)C3=CC=CC=C3C2=O,CC1CN(CCN1)C2=C(C=C3C(=C2OC)N(C=C(C3=O)C(=O)O)C4CC4)F
Acenocoumarol,Gatifloxacin,Acenocoumarol may increase the anticoagulant activities of Gatifloxacin.,CC(=O)CC(C1=CC=C(C=C1)[N+](=O)[O-])C2=C(C3=CC=CC=C3OC2=O)O,CC1CN(CCN1)C2=C(C=C3C(=C2OC)N(C=C(C3=O)C(=O)O)C4CC4)F
Dicoumarol,Gatifloxacin,Dicoumarol may increase the anticoagulant activities of Gatifloxacin.,C1=CC=C2C(=C1)C(=C(C(=O)O2)CC3=C(C4=CC=CC=C4OC3=O)O)O,CC1CN(CCN1)C2=C(C=C3C(=C2OC)N(C=C(C3=O)C(=O)O)C4CC4)F
Nafamostat,Gatifloxacin,Nafamostat may increase the neuroexcitatory activities of Gatifloxacin.,C1=CC(=CC=C1C(=O)OC2=CC3=C(C=C2)C=C(C=C3)C(=N)N)N=C(N)N,CC1CN(CCN1)C2=C(C=C3C(=C2OC)N(C=C(C3=O)C(=O)O)C4CC4)F
Rosiglitazone,Gatifloxacin,Rosiglitazone may increase the hypoglycemic activities of Gatifloxacin.,CN(CCOC1=CC=C(C=C1)CC2C(=O)NC(=O)S2)C3=CC=CC=N3,CC1CN(CCN1)C2=C(C=C3C(=C2OC)N(C=C(C3=O)C(=O)O)C4CC4)F
Nimesulide,Gatifloxacin,Nimesulide may increase the neuroexcitatory activities of Gatifloxacin.,CS(=O)(=O)NC1=C(C=C(C=C1)[N+](=O)[O-])OC2=CC=CC=C2,CC1CN(CCN1)C2=C(C=C3C(=C2OC)N(C=C(C3=O)C(=O)O)C4CC4)F
Acetylsalicylic acid,Gatifloxacin,Acetylsalicylic acid may increase the neuroexcitatory activities of Gatifloxacin.,CC(=O)OC1=CC=CC=C1C(=O)O,CC1CN(CCN1)C2=C(C=C3C(=C2OC)N(C=C(C3=O)C(=O)O)C4CC4)F
Diflunisal,Gatifloxacin,Diflunisal may increase the neuroexcitatory activities of Gatifloxacin.,C1=CC(=C(C=C1C2=C(C=C(C=C2)F)F)C(=O)O)O,CC1CN(CCN1)C2=C(C=C3C(=C2OC)N(C=C(C3=O)C(=O)O)C4CC4)F
Azelastine,Gatifloxacin,Azelastine may increase the neuroexcitatory activities of Gatifloxacin.,CN1CCCC(CC1)N2C(=O)C3=CC=CC=C3C(=N2)CC4=CC=C(C=C4)Cl,CC1CN(CCN1)C2=C(C=C3C(=C2OC)N(C=C(C3=O)C(=O)O)C4CC4)F
Tranilast,Gatifloxacin,Tranilast may increase the neuroexcitatory activities of Gatifloxacin.,COC1=C(C=C(C=C1)C=CC(=O)NC2=CC=CC=C2C(=O)O)OC,CC1CN(CCN1)C2=C(C=C3C(=C2OC)N(C=C(C3=O)C(=O)O)C4CC4)F
Sulfisoxazole,Gatifloxacin,Sulfisoxazole may increase the hypoglycemic activities of Gatifloxacin.,CC1=C(ON=C1C)NS(=O)(=O)C2=CC=C(C=C2)N,CC1CN(CCN1)C2=C(C=C3C(=C2OC)N(C=C(C3=O)C(=O)O)C4CC4)F
Chlorpropamide,Gatifloxacin,Chlorpropamide may increase the hypoglycemic activities of Gatifloxacin.,CCCNC(=O)NS(=O)(=O)C1=CC=C(C=C1)Cl,CC1CN(CCN1)C2=C(C=C3C(=C2OC)N(C=C(C3=O)C(=O)O)C4CC4)F
Canagliflozin,Gatifloxacin,Canagliflozin may increase the hypoglycemic activities of Gatifloxacin.,CC1=C(C=C(C=C1)C2C(C(C(C(O2)CO)O)O)O)CC3=CC=C(S3)C4=CC=C(C=C4)F,CC1CN(CCN1)C2=C(C=C3C(=C2OC)N(C=C(C3=O)C(=O)O)C4CC4)F
Pentamidine,Gatifloxacin,Pentamidine may increase the hypoglycemic activities of Gatifloxacin.,C1=CC(=CC=C1C(=N)N)OCCCCCOC2=CC=C(C=C2)C(=N)N,CC1CN(CCN1)C2=C(C=C3C(=C2OC)N(C=C(C3=O)C(=O)O)C4CC4)F
Glipizide,Gatifloxacin,Glipizide may increase the hypoglycemic activities of Gatifloxacin.,CC1=CN=C(C=N1)C(=O)NCCC2=CC=C(C=C2)S(=O)(=O)NC(=O)NC3CCCCC3,CC1CN(CCN1)C2=C(C=C3C(=C2OC)N(C=C(C3=O)C(=O)O)C4CC4)F
Disopyramide,Gatifloxacin,Disopyramide may increase the hypoglycemic activities of Gatifloxacin.,CC(C)N(CCC(C1=CC=CC=C1)(C2=CC=CC=N2)C(=O)N)C(C)C,CC1CN(CCN1)C2=C(C=C3C(=C2OC)N(C=C(C3=O)C(=O)O)C4CC4)F
Tolbutamide,Gatifloxacin,Tolbutamide may increase the hypoglycemic activities of Gatifloxacin.,CCCCNC(=O)NS(=O)(=O)C1=CC=C(C=C1)C,CC1CN(CCN1)C2=C(C=C3C(=C2OC)N(C=C(C3=O)C(=O)O)C4CC4)F
Miglitol,Gatifloxacin,Miglitol may increase the hypoglycemic activities of Gatifloxacin.,C1C(C(C(C(N1CCO)CO)O)O)O,CC1CN(CCN1)C2=C(C=C3C(=C2OC)N(C=C(C3=O)C(=O)O)C4CC4)F
Sulfamethoxazole,Gatifloxacin,Sulfamethoxazole may increase the hypoglycemic activities of Gatifloxacin.,CC1=CC(=NO1)NS(=O)(=O)C2=CC=C(C=C2)N,CC1CN(CCN1)C2=C(C=C3C(=C2OC)N(C=C(C3=O)C(=O)O)C4CC4)F
Sitagliptin,Gatifloxacin,Sitagliptin may increase the hypoglycemic activities of Gatifloxacin.,C1CN2C(=NN=C2C(F)(F)F)CN1C(=O)CC(CC3=CC(=C(C=C3F)F)F)N,CC1CN(CCN1)C2=C(C=C3C(=C2OC)N(C=C(C3=O)C(=O)O)C4CC4)F
Dapagliflozin,Gatifloxacin,Dapagliflozin may increase the hypoglycemic activities of Gatifloxacin.,CCOC1=CC=C(C=C1)CC2=C(C=CC(=C2)C3C(C(C(C(O3)CO)O)O)O)Cl,CC1CN(CCN1)C2=C(C=C3C(=C2OC)N(C=C(C3=O)C(=O)O)C4CC4)F
Alogliptin,Gatifloxacin,Alogliptin may increase the hypoglycemic activities of Gatifloxacin.,CN1C(=O)C=C(N(C1=O)CC2=CC=CC=C2C#N)N3CCCC(C3)N,CC1CN(CCN1)C2=C(C=C3C(=C2OC)N(C=C(C3=O)C(=O)O)C4CC4)F
Saxagliptin,Gatifloxacin,Saxagliptin may increase the hypoglycemic activities of Gatifloxacin.,C1C2CC2N(C1C#N)C(=O)C(C34CC5CC(C3)CC(C5)(C4)O)N,CC1CN(CCN1)C2=C(C=C3C(=C2OC)N(C=C(C3=O)C(=O)O)C4CC4)F
Sulfadiazine,Gatifloxacin,Sulfadiazine may increase the hypoglycemic activities of Gatifloxacin.,C1=CN=C(N=C1)NS(=O)(=O)C2=CC=C(C=C2)N,CC1CN(CCN1)C2=C(C=C3C(=C2OC)N(C=C(C3=O)C(=O)O)C4CC4)F
Nateglinide,Gatifloxacin,Nateglinide may increase the hypoglycemic activities of Gatifloxacin.,CC(C)C1CCC(CC1)C(=O)NC(CC2=CC=CC=C2)C(=O)O,CC1CN(CCN1)C2=C(C=C3C(=C2OC)N(C=C(C3=O)C(=O)O)C4CC4)F
Gliclazide,Gatifloxacin,Gliclazide may increase the hypoglycemic activities of Gatifloxacin.,CC1=CC=C(C=C1)S(=O)(=O)NC(=O)NN2CC3CCCC3C2,CC1CN(CCN1)C2=C(C=C3C(=C2OC)N(C=C(C3=O)C(=O)O)C4CC4)F
Pioglitazone,Gatifloxacin,Pioglitazone may increase the hypoglycemic activities of Gatifloxacin.,CCC1=CN=C(C=C1)CCOC2=CC=C(C=C2)CC3C(=O)NC(=O)S3,CC1CN(CCN1)C2=C(C=C3C(=C2OC)N(C=C(C3=O)C(=O)O)C4CC4)F
Mifepristone,Gatifloxacin,Mifepristone may increase the hypoglycemic activities of Gatifloxacin.,CC#CC1(CCC2C1(CC(C3=C4CCC(=O)C=C4CCC23)C5=CC=C(C=C5)N(C)C)C)O,CC1CN(CCN1)C2=C(C=C3C(=C2OC)N(C=C(C3=O)C(=O)O)C4CC4)F
Quinine,Gatifloxacin,Quinine may increase the hypoglycemic activities of Gatifloxacin.,COC1=CC2=C(C=CN=C2C=C1)C(C3CC4CCN3CC4C=C)O,CC1CN(CCN1)C2=C(C=C3C(=C2OC)N(C=C(C3=O)C(=O)O)C4CC4)F
Metformin,Gatifloxacin,Metformin may increase the hypoglycemic activities of Gatifloxacin.,CN(C)C(=N)N=C(N)N,CC1CN(CCN1)C2=C(C=C3C(=C2OC)N(C=C(C3=O)C(=O)O)C4CC4)F
Tolazamide,Gatifloxacin,Tolazamide may increase the hypoglycemic activities of Gatifloxacin.,CC1=CC=C(C=C1)S(=O)(=O)NC(=O)NN2CCCCCC2,CC1CN(CCN1)C2=C(C=C3C(=C2OC)N(C=C(C3=O)C(=O)O)C4CC4)F
Glimepiride,Gatifloxacin,Glimepiride may increase the hypoglycemic activities of Gatifloxacin.,CCC1=C(CN(C1=O)C(=O)NCCC2=CC=C(C=C2)S(=O)(=O)NC(=O)NC3CCC(CC3)C)C,CC1CN(CCN1)C2=C(C=C3C(=C2OC)N(C=C(C3=O)C(=O)O)C4CC4)F
Empagliflozin,Gatifloxacin,Empagliflozin may increase the hypoglycemic activities of Gatifloxacin.,C1COCC1OC2=CC=C(C=C2)CC3=C(C=CC(=C3)C4C(C(C(C(O4)CO)O)O)O)Cl,CC1CN(CCN1)C2=C(C=C3C(=C2OC)N(C=C(C3=O)C(=O)O)C4CC4)F
Repaglinide,Gatifloxacin,Repaglinide may increase the hypoglycemic activities of Gatifloxacin.,CCOC1=C(C=CC(=C1)CC(=O)NC(CC(C)C)C2=CC=CC=C2N3CCCCC3)C(=O)O,CC1CN(CCN1)C2=C(C=C3C(=C2OC)N(C=C(C3=O)C(=O)O)C4CC4)F
Glyburide,Gatifloxacin,Glyburide may increase the hypoglycemic activities of Gatifloxacin.,COC1=C(C=C(C=C1)Cl)C(=O)NCCC2=CC=C(C=C2)S(=O)(=O)NC(=O)NC3CCCCC3,CC1CN(CCN1)C2=C(C=C3C(=C2OC)N(C=C(C3=O)C(=O)O)C4CC4)F
Bromocriptine,Gatifloxacin,Bromocriptine may increase the hypoglycemic activities of Gatifloxacin.,CC(C)CC1C(=O)N2CCCC2C3(N1C(=O)C(O3)(C(C)C)NC(=O)C4CN(C5CC6=C(NC7=CC=CC(=C67)C5=C4)Br)C)O,CC1CN(CCN1)C2=C(C=C3C(=C2OC)N(C=C(C3=O)C(=O)O)C4CC4)F
Seratrodast,Gatifloxacin,Seratrodast may increase the neuroexcitatory activities of Gatifloxacin.,CC1=C(C(=O)C(=C(C1=O)C)C(CCCCCC(=O)O)C2=CC=CC=C2)C,CC1CN(CCN1)C2=C(C=C3C(=C2OC)N(C=C(C3=O)C(=O)O)C4CC4)F
Chloroquine,Gatifloxacin,Chloroquine may increase the neuroexcitatory activities of Gatifloxacin.,CCN(CC)CCCC(C)NC1=C2C=CC(=CC2=NC=C1)Cl,CC1CN(CCN1)C2=C(C=C3C(=C2OC)N(C=C(C3=O)C(=O)O)C4CC4)F
Celecoxib,Gatifloxacin,Celecoxib may increase the neuroexcitatory activities of Gatifloxacin.,CC1=CC=C(C=C1)C2=CC(=NN2C3=CC=C(C=C3)S(=O)(=O)N)C(F)(F)F,CC1CN(CCN1)C2=C(C=C3C(=C2OC)N(C=C(C3=O)C(=O)O)C4CC4)F
Salicylic acid,Gatifloxacin,Salicylic acid may increase the neuroexcitatory activities of Gatifloxacin.,C1=CC=C(C(=C1)C(=O)O)O,CC1CN(CCN1)C2=C(C=C3C(=C2OC)N(C=C(C3=O)C(=O)O)C4CC4)F
Naftifine,Gatifloxacin,Naftifine may increase the neuroexcitatory activities of Gatifloxacin.,CN(CC=CC1=CC=CC=C1)CC2=CC=CC3=CC=CC=C32,CC1CN(CCN1)C2=C(C=C3C(=C2OC)N(C=C(C3=O)C(=O)O)C4CC4)F
Fluticasone propionate,Gatifloxacin,The risk or severity of adverse effects can be increased when Fluticasone propionate is combined with Gatifloxacin.,CCC(=O)OC1(C(CC2C1(CC(C3(C2CC(C4=CC(=O)C=CC43C)F)F)O)C)C)C(=O)SCF,CC1CN(CCN1)C2=C(C=C3C(=C2OC)N(C=C(C3=O)C(=O)O)C4CC4)F
Magnesium sulfate,Gatifloxacin,The serum concentration of Gatifloxacin can be decreased when it is combined with Magnesium sulfate.,[O-]S(=O)(=O)[O-].[Mg+2],CC1CN(CCN1)C2=C(C=C3C(=C2OC)N(C=C(C3=O)C(=O)O)C4CC4)F
Olopatadine,Gatifloxacin,Olopatadine may increase the neuroexcitatory activities of Gatifloxacin.,CN(C)CCC=C1C2=CC=CC=C2COC3=C1C=C(C=C3)CC(=O)O,CC1CN(CCN1)C2=C(C=C3C(=C2OC)N(C=C(C3=O)C(=O)O)C4CC4)F
Fluticasone furoate,Gatifloxacin,The risk or severity of adverse effects can be increased when Fluticasone furoate is combined with Gatifloxacin.,CC1CC2C3CC(C4=CC(=O)C=CC4(C3(C(CC2(C1(C(=O)SCF)OC(=O)C5=CC=CO5)C)O)F)C)F,CC1CN(CCN1)C2=C(C=C3C(=C2OC)N(C=C(C3=O)C(=O)O)C4CC4)F
Prasterone,Gatifloxacin,The risk or severity of adverse effects can be increased when Prasterone is combined with Gatifloxacin.,CC12CCC3C(C1CCC2=O)CC=C4C3(CCC(C4)O)C,CC1CN(CCN1)C2=C(C=C3C(=C2OC)N(C=C(C3=O)C(=O)O)C4CC4)F
Diflorasone,Gatifloxacin,The risk or severity of adverse effects can be increased when Diflorasone is combined with Gatifloxacin.,CC1CC2C3CC(C4=CC(=O)C=CC4(C3(C(CC2(C1(C(=O)CO)O)C)O)F)C)F,CC1CN(CCN1)C2=C(C=C3C(=C2OC)N(C=C(C3=O)C(=O)O)C4CC4)F
Flumethasone,Gatifloxacin,The risk or severity of adverse effects can be increased when Flumethasone is combined with Gatifloxacin.,CC1CC2C3CC(C4=CC(=O)C=CC4(C3(C(CC2(C1(C(=O)CO)O)C)O)F)C)F,CC1CN(CCN1)C2=C(C=C3C(=C2OC)N(C=C(C3=O)C(=O)O)C4CC4)F
Desoximetasone,Gatifloxacin,The risk or severity of adverse effects can be increased when Desoximetasone is combined with Gatifloxacin.,CC1CC2C3CCC4=CC(=O)C=CC4(C3(C(CC2(C1C(=O)CO)C)O)F)C,CC1CN(CCN1)C2=C(C=C3C(=C2OC)N(C=C(C3=O)C(=O)O)C4CC4)F
Mometasone,Gatifloxacin,The risk or severity of adverse effects can be increased when Mometasone is combined with Gatifloxacin.,CC1CC2C3CCC4=CC(=O)C=CC4(C3(C(CC2(C1(C(=O)CCl)O)C)O)Cl)C,CC1CN(CCN1)C2=C(C=C3C(=C2OC)N(C=C(C3=O)C(=O)O)C4CC4)F
Clobetasol propionate,Gatifloxacin,The risk or severity of adverse effects can be increased when Clobetasol propionate is combined with Gatifloxacin.,CCC(=O)OC1(C(CC2C1(CC(C3(C2CCC4=CC(=O)C=CC43C)F)O)C)C)C(=O)CCl,CC1CN(CCN1)C2=C(C=C3C(=C2OC)N(C=C(C3=O)C(=O)O)C4CC4)F
Estrone,Gatifloxacin,The risk or severity of adverse effects can be increased when Estrone is combined with Gatifloxacin.,CC12CCC3C(C1CCC2=O)CCC4=C3C=CC(=C4)O,CC1CN(CCN1)C2=C(C=C3C(=C2OC)N(C=C(C3=O)C(=O)O)C4CC4)F
Difluprednate,Gatifloxacin,The risk or severity of adverse effects can be increased when Difluprednate is combined with Gatifloxacin.,CCCC(=O)OC1(CCC2C1(CC(C3(C2CC(C4=CC(=O)C=CC43C)F)F)O)C)C(=O)COC(=O)C,CC1CN(CCN1)C2=C(C=C3C(=C2OC)N(C=C(C3=O)C(=O)O)C4CC4)F
Fluprednidene,Gatifloxacin,The risk or severity of adverse effects can be increased when Fluprednidene is combined with Gatifloxacin.,CC12CC(C3(C(C1CC(=C)C2(C(=O)CO)O)CCC4=CC(=O)C=CC43C)F)O,CC1CN(CCN1)C2=C(C=C3C(=C2OC)N(C=C(C3=O)C(=O)O)C4CC4)F
Beclomethasone dipropionate,Gatifloxacin,The risk or severity of adverse effects can be increased when Beclomethasone dipropionate is combined with Gatifloxacin.,CCC(=O)OCC(=O)C1(C(CC2C1(CC(C3(C2CCC4=CC(=O)C=CC43C)Cl)O)C)C)OC(=O)CC,CC1CN(CCN1)C2=C(C=C3C(=C2OC)N(C=C(C3=O)C(=O)O)C4CC4)F
Tixocortol,Gatifloxacin,The risk or severity of adverse effects can be increased when Tixocortol is combined with Gatifloxacin.,CC12CCC(=O)C=C1CCC3C2C(CC4(C3CCC4(C(=O)CS)O)C)O,CC1CN(CCN1)C2=C(C=C3C(=C2OC)N(C=C(C3=O)C(=O)O)C4CC4)F
Fluocinonide,Gatifloxacin,The risk or severity of adverse effects can be increased when Fluocinonide is combined with Gatifloxacin.,CC(=O)OCC(=O)C12C(CC3C1(CC(C4(C3CC(C5=CC(=O)C=CC54C)F)F)O)C)OC(O2)(C)C,CC1CN(CCN1)C2=C(C=C3C(=C2OC)N(C=C(C3=O)C(=O)O)C4CC4)F
Ciclesonide,Gatifloxacin,The risk or severity of adverse effects can be increased when Ciclesonide is combined with Gatifloxacin.,CC(C)C(=O)OCC(=O)C12C(CC3C1(CC(C4C3CCC5=CC(=O)C=CC45C)O)C)OC(O2)C6CCCCC6,CC1CN(CCN1)C2=C(C=C3C(=C2OC)N(C=C(C3=O)C(=O)O)C4CC4)F
Cortisone acetate,Gatifloxacin,The risk or severity of adverse effects can be increased when Cortisone acetate is combined with Gatifloxacin.,CC(=O)OCC(=O)C1(CCC2C1(CC(=O)C3C2CCC4=CC(=O)CCC34C)C)O,CC1CN(CCN1)C2=C(C=C3C(=C2OC)N(C=C(C3=O)C(=O)O)C4CC4)F
Alclometasone,Gatifloxacin,The risk or severity of adverse effects can be increased when Alclometasone is combined with Gatifloxacin.,CC1CC2C3C(CC4=CC(=O)C=CC4(C3C(CC2(C1(C(=O)CO)O)C)O)C)Cl,CC1CN(CCN1)C2=C(C=C3C(=C2OC)N(C=C(C3=O)C(=O)O)C4CC4)F
Fludrocortisone,Gatifloxacin,The risk or severity of adverse effects can be increased when Fludrocortisone is combined with Gatifloxacin.,CC12CCC(=O)C=C1CCC3C2(C(CC4(C3CCC4(C(=O)CO)O)C)O)F,CC1CN(CCN1)C2=C(C=C3C(=C2OC)N(C=C(C3=O)C(=O)O)C4CC4)F
Flunisolide,Gatifloxacin,The risk or severity of adverse effects can be increased when Flunisolide is combined with Gatifloxacin.,CC1(OC2CC3C4CC(C5=CC(=O)C=CC5(C4C(CC3(C2(O1)C(=O)CO)C)O)C)F)C,CC1CN(CCN1)C2=C(C=C3C(=C2OC)N(C=C(C3=O)C(=O)O)C4CC4)F
Triamcinolone,Gatifloxacin,The risk or severity of adverse effects can be increased when Triamcinolone is combined with Gatifloxacin.,CC12CC(C3(C(C1CC(C2(C(=O)CO)O)O)CCC4=CC(=O)C=CC43C)F)O,CC1CN(CCN1)C2=C(C=C3C(=C2OC)N(C=C(C3=O)C(=O)O)C4CC4)F
Fluocinolone acetonide,Gatifloxacin,The risk or severity of adverse effects can be increased when Fluocinolone acetonide is combined with Gatifloxacin.,CC1(OC2CC3C4CC(C5=CC(=O)C=CC5(C4(C(CC3(C2(O1)C(=O)CO)C)O)F)C)F)C,CC1CN(CCN1)C2=C(C=C3C(=C2OC)N(C=C(C3=O)C(=O)O)C4CC4)F
Paramethasone,Gatifloxacin,The risk or severity of adverse effects can be increased when Paramethasone is combined with Gatifloxacin.,CC1CC2C3CC(C4=CC(=O)C=CC4(C3C(CC2(C1(C(=O)CO)O)C)O)C)F,CC1CN(CCN1)C2=C(C=C3C(=C2OC)N(C=C(C3=O)C(=O)O)C4CC4)F
Prednicarbate,Gatifloxacin,The risk or severity of adverse effects can be increased when Prednicarbate is combined with Gatifloxacin.,CCC(=O)OCC(=O)C1(CCC2C1(CC(C3C2CCC4=CC(=O)C=CC34C)O)C)OC(=O)OCC,CC1CN(CCN1)C2=C(C=C3C(=C2OC)N(C=C(C3=O)C(=O)O)C4CC4)F
Rimexolone,Gatifloxacin,The risk or severity of adverse effects can be increased when Rimexolone is combined with Gatifloxacin.,CCC(=O)C1(C(CC2C1(CC(C3C2CCC4=CC(=O)C=CC34C)O)C)C)C,CC1CN(CCN1)C2=C(C=C3C(=C2OC)N(C=C(C3=O)C(=O)O)C4CC4)F
Betamethasone,Gatifloxacin,The risk or severity of adverse effects can be increased when Betamethasone is combined with Gatifloxacin.,CC1CC2C3CCC4=CC(=O)C=CC4(C3(C(CC2(C1(C(=O)CO)O)C)O)F)C,CC1CN(CCN1)C2=C(C=C3C(=C2OC)N(C=C(C3=O)C(=O)O)C4CC4)F
Deflazacort,Gatifloxacin,The risk or severity of adverse effects can be increased when Deflazacort is combined with Gatifloxacin.,CC1=NC2(C(O1)CC3C2(CC(C4C3CCC5=CC(=O)C=CC45C)O)C)C(=O)COC(=O)C,CC1CN(CCN1)C2=C(C=C3C(=C2OC)N(C=C(C3=O)C(=O)O)C4CC4)F
Desonide,Gatifloxacin,The risk or severity of adverse effects can be increased when Desonide is combined with Gatifloxacin.,CC1(OC2CC3C4CCC5=CC(=O)C=CC5(C4C(CC3(C2(O1)C(=O)CO)C)O)C)C,CC1CN(CCN1)C2=C(C=C3C(=C2OC)N(C=C(C3=O)C(=O)O)C4CC4)F
Amcinonide,Gatifloxacin,The risk or severity of adverse effects can be increased when Amcinonide is combined with Gatifloxacin.,CC(=O)OCC(=O)C12C(CC3C1(CC(C4(C3CCC5=CC(=O)C=CC54C)F)O)C)OC6(O2)CCCC6,CC1CN(CCN1)C2=C(C=C3C(=C2OC)N(C=C(C3=O)C(=O)O)C4CC4)F
Estrone sulfate,Gatifloxacin,The risk or severity of adverse effects can be increased when Estrone sulfate is combined with Gatifloxacin.,CC12CCC3C(C1CCC2=O)CCC4=C3C=CC(=C4)OS(=O)(=O)O,CC1CN(CCN1)C2=C(C=C3C(=C2OC)N(C=C(C3=O)C(=O)O)C4CC4)F
Equilin,Gatifloxacin,The risk or severity of adverse effects can be increased when Equilin is combined with Gatifloxacin.,CC12CCC3C(=CCC4=C3C=CC(=C4)O)C1CCC2=O,CC1CN(CCN1)C2=C(C=C3C(=C2OC)N(C=C(C3=O)C(=O)O)C4CC4)F
Ulobetasol,Gatifloxacin,The risk or severity of adverse effects can be increased when Ulobetasol is combined with Gatifloxacin.,CC1CC2C3CC(C4=CC(=O)C=CC4(C3(C(CC2(C1(C(=O)CCl)O)C)O)F)C)F,CC1CN(CCN1)C2=C(C=C3C(=C2OC)N(C=C(C3=O)C(=O)O)C4CC4)F
Loteprednol,Gatifloxacin,The risk or severity of adverse effects can be increased when Loteprednol is combined with Gatifloxacin.,CC12CC(C3C(C1CCC2(C(=O)OCCl)O)CCC4=CC(=O)C=CC34C)O,CC1CN(CCN1)C2=C(C=C3C(=C2OC)N(C=C(C3=O)C(=O)O)C4CC4)F
Halcinonide,Gatifloxacin,The risk or severity of adverse effects can be increased when Halcinonide is combined with Gatifloxacin.,CC1(OC2CC3C4CCC5=CC(=O)CCC5(C4(C(CC3(C2(O1)C(=O)CCl)C)O)F)C)C,CC1CN(CCN1)C2=C(C=C3C(=C2OC)N(C=C(C3=O)C(=O)O)C4CC4)F
Fluocortolone,Gatifloxacin,The risk or severity of adverse effects can be increased when Fluocortolone is combined with Gatifloxacin.,CC1CC2C3CC(C4=CC(=O)C=CC4(C3C(CC2(C1C(=O)CO)C)O)C)F,CC1CN(CCN1)C2=C(C=C3C(=C2OC)N(C=C(C3=O)C(=O)O)C4CC4)F
Flurandrenolide,Gatifloxacin,The risk or severity of adverse effects can be increased when Flurandrenolide is combined with Gatifloxacin.,CC1(OC2CC3C4CC(C5=CC(=O)CCC5(C4C(CC3(C2(O1)C(=O)CO)C)O)C)F)C,CC1CN(CCN1)C2=C(C=C3C(=C2OC)N(C=C(C3=O)C(=O)O)C4CC4)F
Budesonide,Gatifloxacin,The risk or severity of adverse effects can be increased when Budesonide is combined with Gatifloxacin.,CCCC1OC2CC3C4CCC5=CC(=O)C=CC5(C4C(CC3(C2(O1)C(=O)CO)C)O)C,CC1CN(CCN1)C2=C(C=C3C(=C2OC)N(C=C(C3=O)C(=O)O)C4CC4)F
Difluocortolone,Gatifloxacin,The risk or severity of adverse effects can be increased when Difluocortolone is combined with Gatifloxacin.,CC1CC2C3CC(C4=CC(=O)C=CC4(C3(C(CC2(C1C(=O)CO)C)O)F)C)F,CC1CN(CCN1)C2=C(C=C3C(=C2OC)N(C=C(C3=O)C(=O)O)C4CC4)F
Medrysone,Gatifloxacin,The risk or severity of adverse effects can be increased when Medrysone is combined with Gatifloxacin.,CC1CC2C3CCC(C3(CC(C2C4(C1=CC(=O)CC4)C)O)C)C(=O)C,CC1CN(CCN1)C2=C(C=C3C(=C2OC)N(C=C(C3=O)C(=O)O)C4CC4)F
Clocortolone,Gatifloxacin,The risk or severity of adverse effects can be increased when Clocortolone is combined with Gatifloxacin.,CC1CC2C3CC(C4=CC(=O)C=CC4(C3(C(CC2(C1C(=O)CO)C)O)Cl)C)F,CC1CN(CCN1)C2=C(C=C3C(=C2OC)N(C=C(C3=O)C(=O)O)C4CC4)F
Hydrocortisone,Gatifloxacin,The risk or severity of adverse effects can be increased when Hydrocortisone is combined with Gatifloxacin.,CC12CCC(=O)C=C1CCC3C2C(CC4(C3CCC4(C(=O)CO)O)C)O,CC1CN(CCN1)C2=C(C=C3C(=C2OC)N(C=C(C3=O)C(=O)O)C4CC4)F
Fluorometholone,Gatifloxacin,The risk or severity of adverse effects can be increased when Fluorometholone is combined with Gatifloxacin.,CC1CC2C3CCC(C3(CC(C2(C4(C1=CC(=O)C=C4)C)F)O)C)(C(=O)C)O,CC1CN(CCN1)C2=C(C=C3C(=C2OC)N(C=C(C3=O)C(=O)O)C4CC4)F
Clobetasone,Gatifloxacin,The risk or severity of adverse effects can be increased when Clobetasone is combined with Gatifloxacin.,CC1CC2C3CCC4=CC(=O)C=CC4(C3(C(=O)CC2(C1(C(=O)CCl)O)C)F)C,CC1CN(CCN1)C2=C(C=C3C(=C2OC)N(C=C(C3=O)C(=O)O)C4CC4)F
Fenbufen,Gatifloxacin,Fenbufen may increase the neuroexcitatory activities of Gatifloxacin.,C1=CC=C(C=C1)C2=CC=C(C=C2)C(=O)CCC(=O)O,CC1CN(CCN1)C2=C(C=C3C(=C2OC)N(C=C(C3=O)C(=O)O)C4CC4)F
Meclofenamic acid,Gatifloxacin,Meclofenamic acid may increase the neuroexcitatory activities of Gatifloxacin.,CC1=C(C(=C(C=C1)Cl)NC2=CC=CC=C2C(=O)O)Cl,CC1CN(CCN1)C2=C(C=C3C(=C2OC)N(C=C(C3=O)C(=O)O)C4CC4)F
Lumiracoxib,Gatifloxacin,Lumiracoxib may increase the neuroexcitatory activities of Gatifloxacin.,CC1=CC(=C(C=C1)NC2=C(C=CC=C2Cl)F)CC(=O)O,CC1CN(CCN1)C2=C(C=C3C(=C2OC)N(C=C(C3=O)C(=O)O)C4CC4)F
Tolmetin,Gatifloxacin,Tolmetin may increase the neuroexcitatory activities of Gatifloxacin.,CC1=CC=C(C=C1)C(=O)C2=CC=C(N2C)CC(=O)O,CC1CN(CCN1)C2=C(C=C3C(=C2OC)N(C=C(C3=O)C(=O)O)C4CC4)F
Tenoxicam,Gatifloxacin,Tenoxicam may increase the neuroexcitatory activities of Gatifloxacin.,CN1C(=C(C2=C(S1(=O)=O)C=CS2)O)C(=O)NC3=CC=CC=N3,CC1CN(CCN1)C2=C(C=C3C(=C2OC)N(C=C(C3=O)C(=O)O)C4CC4)F
Choline magnesium trisalicylate,Gatifloxacin,Choline magnesium trisalicylate may increase the neuroexcitatory activities of Gatifloxacin.,C[N+](C)(C)CCO.C1=CC=C(C(=C1)C(=O)O)[O-].C1=CC=C(C(=C1)C(=O)O)[O-].C1=CC=C(C(=C1)C(=O)O)[O-].[Mg+2],CC1CN(CCN1)C2=C(C=C3C(=C2OC)N(C=C(C3=O)C(=O)O)C4CC4)F
Etoricoxib,Gatifloxacin,Etoricoxib may increase the neuroexcitatory activities of Gatifloxacin.,CC1=NC=C(C=C1)C2=C(C=C(C=N2)Cl)C3=CC=C(C=C3)S(=O)(=O)C,CC1CN(CCN1)C2=C(C=C3C(=C2OC)N(C=C(C3=O)C(=O)O)C4CC4)F
Suprofen,Gatifloxacin,Suprofen may increase the neuroexcitatory activities of Gatifloxacin.,CC(C1=CC=C(C=C1)C(=O)C2=CC=CS2)C(=O)O,CC1CN(CCN1)C2=C(C=C3C(=C2OC)N(C=C(C3=O)C(=O)O)C4CC4)F
Flurbiprofen,Gatifloxacin,Flurbiprofen may increase the neuroexcitatory activities of Gatifloxacin.,CC(C1=CC(=C(C=C1)C2=CC=CC=C2)F)C(=O)O,CC1CN(CCN1)C2=C(C=C3C(=C2OC)N(C=C(C3=O)C(=O)O)C4CC4)F
Indomethacin,Gatifloxacin,Indomethacin may increase the neuroexcitatory activities of Gatifloxacin.,CC1=C(C2=C(N1C(=O)C3=CC=C(C=C3)Cl)C=CC(=C2)OC)CC(=O)O,CC1CN(CCN1)C2=C(C=C3C(=C2OC)N(C=C(C3=O)C(=O)O)C4CC4)F
Oxyphenbutazone,Gatifloxacin,Oxyphenbutazone may increase the neuroexcitatory activities of Gatifloxacin.,CCCCC1C(=O)N(N(C1=O)C2=CC=C(C=C2)O)C3=CC=CC=C3,CC1CN(CCN1)C2=C(C=C3C(=C2OC)N(C=C(C3=O)C(=O)O)C4CC4)F
Icatibant,Gatifloxacin,Icatibant may increase the neuroexcitatory activities of Gatifloxacin.,C1CCC2C(C1)CC(N2C(=O)C3CC4=CC=CC=C4CN3C(=O)C(CO)NC(=O)C(CC5=CC=CS5)NC(=O)CNC(=O)C6CC(CN6C(=O)C7CCCN7C(=O)C(CCCN=C(N)N)NC(=O)C(CCCN=C(N)N)N)O)C(=O)NC(CCCN=C(N)N)C(=O)O,CC1CN(CCN1)C2=C(C=C3C(=C2OC)N(C=C(C3=O)C(=O)O)C4CC4)F
Alclofenac,Gatifloxacin,Alclofenac may increase the neuroexcitatory activities of Gatifloxacin.,C=CCOC1=C(C=C(C=C1)CC(=O)O)Cl,CC1CN(CCN1)C2=C(C=C3C(=C2OC)N(C=C(C3=O)C(=O)O)C4CC4)F
Etodolac,Gatifloxacin,Etodolac may increase the neuroexcitatory activities of Gatifloxacin.,CCC1=C2C(=CC=C1)C3=C(N2)C(OCC3)(CC)CC(=O)O,CC1CN(CCN1)C2=C(C=C3C(=C2OC)N(C=C(C3=O)C(=O)O)C4CC4)F
Droxicam,Gatifloxacin,Droxicam may increase the neuroexcitatory activities of Gatifloxacin.,CN1C2=C(C3=CC=CC=C3S1(=O)=O)OC(=O)N(C2=O)C4=CC=CC=N4,CC1CN(CCN1)C2=C(C=C3C(=C2OC)N(C=C(C3=O)C(=O)O)C4CC4)F
Apremilast,Gatifloxacin,Apremilast may increase the neuroexcitatory activities of Gatifloxacin.,CCOC1=C(C=CC(=C1)C(CS(=O)(=O)C)N2C(=O)C3=C(C2=O)C(=CC=C3)NC(=O)C)OC,CC1CN(CCN1)C2=C(C=C3C(=C2OC)N(C=C(C3=O)C(=O)O)C4CC4)F
Tolfenamic acid,Gatifloxacin,Tolfenamic acid may increase the neuroexcitatory activities of Gatifloxacin.,CC1=C(C=CC=C1Cl)NC2=CC=CC=C2C(=O)O,CC1CN(CCN1)C2=C(C=C3C(=C2OC)N(C=C(C3=O)C(=O)O)C4CC4)F
Lornoxicam,Gatifloxacin,Lornoxicam may increase the neuroexcitatory activities of Gatifloxacin.,CN1C(=C(C2=C(S1(=O)=O)C=C(S2)Cl)O)C(=O)NC3=CC=CC=N3,CC1CN(CCN1)C2=C(C=C3C(=C2OC)N(C=C(C3=O)C(=O)O)C4CC4)F
Bromfenac,Gatifloxacin,Bromfenac may increase the neuroexcitatory activities of Gatifloxacin.,C1=CC(=C(C(=C1)C(=O)C2=CC=C(C=C2)Br)N)CC(=O)O,CC1CN(CCN1)C2=C(C=C3C(=C2OC)N(C=C(C3=O)C(=O)O)C4CC4)F
Propacetamol,Gatifloxacin,Propacetamol may increase the neuroexcitatory activities of Gatifloxacin.,CCN(CC)CC(=O)OC1=CC=C(C=C1)NC(=O)C,CC1CN(CCN1)C2=C(C=C3C(=C2OC)N(C=C(C3=O)C(=O)O)C4CC4)F
Parecoxib,Gatifloxacin,Parecoxib may increase the neuroexcitatory activities of Gatifloxacin.,CCC(=O)NS(=O)(=O)C1=CC=C(C=C1)C2=C(ON=C2C3=CC=CC=C3)C,CC1CN(CCN1)C2=C(C=C3C(=C2OC)N(C=C(C3=O)C(=O)O)C4CC4)F
Phenylbutazone,Gatifloxacin,Phenylbutazone may increase the neuroexcitatory activities of Gatifloxacin.,CCCCC1C(=O)N(N(C1=O)C2=CC=CC=C2)C3=CC=CC=C3,CC1CN(CCN1)C2=C(C=C3C(=C2OC)N(C=C(C3=O)C(=O)O)C4CC4)F
Acemetacin,Gatifloxacin,Acemetacin may increase the neuroexcitatory activities of Gatifloxacin.,CC1=C(C2=C(N1C(=O)C3=CC=C(C=C3)Cl)C=CC(=C2)OC)CC(=O)OCC(=O)O,CC1CN(CCN1)C2=C(C=C3C(=C2OC)N(C=C(C3=O)C(=O)O)C4CC4)F
Teriflunomide,Gatifloxacin,Teriflunomide may increase the neuroexcitatory activities of Gatifloxacin.,CC(=C(C#N)C(=O)NC1=CC=C(C=C1)C(F)(F)F)O,CC1CN(CCN1)C2=C(C=C3C(=C2OC)N(C=C(C3=O)C(=O)O)C4CC4)F
Nabumetone,Gatifloxacin,Nabumetone may increase the neuroexcitatory activities of Gatifloxacin.,CC(=O)CCC1=CC2=C(C=C1)C=C(C=C2)OC,CC1CN(CCN1)C2=C(C=C3C(=C2OC)N(C=C(C3=O)C(=O)O)C4CC4)F
Epirizole,Gatifloxacin,Epirizole may increase the neuroexcitatory activities of Gatifloxacin.,CC1=CC(=NC(=N1)N2C(=CC(=N2)C)OC)OC,CC1CN(CCN1)C2=C(C=C3C(=C2OC)N(C=C(C3=O)C(=O)O)C4CC4)F
Ketorolac,Gatifloxacin,Ketorolac may increase the neuroexcitatory activities of Gatifloxacin.,C1CN2C(=CC=C2C(=O)C3=CC=CC=C3)C1C(=O)O,CC1CN(CCN1)C2=C(C=C3C(=C2OC)N(C=C(C3=O)C(=O)O)C4CC4)F
Salsalate,Gatifloxacin,Salsalate may increase the neuroexcitatory activities of Gatifloxacin.,C1=CC=C(C(=C1)C(=O)OC2=CC=CC=C2C(=O)O)O,CC1CN(CCN1)C2=C(C=C3C(=C2OC)N(C=C(C3=O)C(=O)O)C4CC4)F
Aceclofenac,Gatifloxacin,Aceclofenac may increase the neuroexcitatory activities of Gatifloxacin.,C1=CC=C(C(=C1)CC(=O)OCC(=O)O)NC2=C(C=CC=C2Cl)Cl,CC1CN(CCN1)C2=C(C=C3C(=C2OC)N(C=C(C3=O)C(=O)O)C4CC4)F
Niflumic acid,Gatifloxacin,Niflumic acid may increase the neuroexcitatory activities of Gatifloxacin.,C1=CC(=CC(=C1)NC2=C(C=CC=N2)C(=O)O)C(F)(F)F,CC1CN(CCN1)C2=C(C=C3C(=C2OC)N(C=C(C3=O)C(=O)O)C4CC4)F
Zaltoprofen,Gatifloxacin,Zaltoprofen may increase the neuroexcitatory activities of Gatifloxacin.,CC(C1=CC2=C(C=C1)SC3=CC=CC=C3C(=O)C2)C(=O)O,CC1CN(CCN1)C2=C(C=C3C(=C2OC)N(C=C(C3=O)C(=O)O)C4CC4)F
Naproxen,Gatifloxacin,Naproxen may increase the neuroexcitatory activities of Gatifloxacin.,CC(C1=CC2=C(C=C1)C=C(C=C2)OC)C(=O)O,CC1CN(CCN1)C2=C(C=C3C(=C2OC)N(C=C(C3=O)C(=O)O)C4CC4)F
Pimecrolimus,Gatifloxacin,Pimecrolimus may increase the neuroexcitatory activities of Gatifloxacin.,CCC1C=C(CC(CC(C2C(CC(C(O2)(C(=O)C(=O)N3CCCCC3C(=O)OC(C(C(CC1=O)O)C)C(=CC4CCC(C(C4)OC)Cl)C)O)C)OC)OC)C)C,CC1CN(CCN1)C2=C(C=C3C(=C2OC)N(C=C(C3=O)C(=O)O)C4CC4)F
Antipyrine,Gatifloxacin,Antipyrine may increase the neuroexcitatory activities of Gatifloxacin.,CC1=CC(=O)N(N1C)C2=CC=CC=C2,CC1CN(CCN1)C2=C(C=C3C(=C2OC)N(C=C(C3=O)C(=O)O)C4CC4)F
Meloxicam,Gatifloxacin,Meloxicam may increase the neuroexcitatory activities of Gatifloxacin.,CC1=CN=C(S1)NC(=O)C2=C(C3=CC=CC=C3S(=O)(=O)N2C)O,CC1CN(CCN1)C2=C(C=C3C(=C2OC)N(C=C(C3=O)C(=O)O)C4CC4)F
Clonixin,Gatifloxacin,Clonixin may increase the neuroexcitatory activities of Gatifloxacin.,CC1=C(C=CC=C1Cl)NC2=C(C=CC=N2)C(=O)O,CC1CN(CCN1)C2=C(C=C3C(=C2OC)N(C=C(C3=O)C(=O)O)C4CC4)F
Piroxicam,Gatifloxacin,Piroxicam may increase the neuroexcitatory activities of Gatifloxacin.,CN1C(=C(C2=CC=CC=C2S1(=O)=O)O)C(=O)NC3=CC=CC=N3,CC1CN(CCN1)C2=C(C=C3C(=C2OC)N(C=C(C3=O)C(=O)O)C4CC4)F
Fenoprofen,Gatifloxacin,Fenoprofen may increase the neuroexcitatory activities of Gatifloxacin.,CC(C1=CC(=CC=C1)OC2=CC=CC=C2)C(=O)O,CC1CN(CCN1)C2=C(C=C3C(=C2OC)N(C=C(C3=O)C(=O)O)C4CC4)F
Oxaprozin,Gatifloxacin,Oxaprozin may increase the neuroexcitatory activities of Gatifloxacin.,C1=CC=C(C=C1)C2=C(OC(=N2)CCC(=O)O)C3=CC=CC=C3,CC1CN(CCN1)C2=C(C=C3C(=C2OC)N(C=C(C3=O)C(=O)O)C4CC4)F
Salicylamide,Gatifloxacin,Salicylamide may increase the neuroexcitatory activities of Gatifloxacin.,C1=CC=C(C(=C1)C(=O)N)O,CC1CN(CCN1)C2=C(C=C3C(=C2OC)N(C=C(C3=O)C(=O)O)C4CC4)F
Loxoprofen,Gatifloxacin,Loxoprofen may increase the neuroexcitatory activities of Gatifloxacin.,CC(C1=CC=C(C=C1)CC2CCCC2=O)C(=O)O,CC1CN(CCN1)C2=C(C=C3C(=C2OC)N(C=C(C3=O)C(=O)O)C4CC4)F
Zileuton,Gatifloxacin,Zileuton may increase the neuroexcitatory activities of Gatifloxacin.,CC(C1=CC2=CC=CC=C2S1)N(C(=O)N)O,CC1CN(CCN1)C2=C(C=C3C(=C2OC)N(C=C(C3=O)C(=O)O)C4CC4)F
Floctafenine,Gatifloxacin,Floctafenine may increase the neuroexcitatory activities of Gatifloxacin.,C1=CC=C(C(=C1)C(=O)OCC(CO)O)NC2=C3C=CC=C(C3=NC=C2)C(F)(F)F,CC1CN(CCN1)C2=C(C=C3C(=C2OC)N(C=C(C3=O)C(=O)O)C4CC4)F
Ibuprofen,Gatifloxacin,Ibuprofen may increase the neuroexcitatory activities of Gatifloxacin.,CC(C)CC1=CC=C(C=C1)C(C)C(=O)O,CC1CN(CCN1)C2=C(C=C3C(=C2OC)N(C=C(C3=O)C(=O)O)C4CC4)F
Etofenamate,Gatifloxacin,Etofenamate may increase the neuroexcitatory activities of Gatifloxacin.,C1=CC=C(C(=C1)C(=O)OCCOCCO)NC2=CC=CC(=C2)C(F)(F)F,CC1CN(CCN1)C2=C(C=C3C(=C2OC)N(C=C(C3=O)C(=O)O)C4CC4)F
Diclofenac,Gatifloxacin,Diclofenac may increase the neuroexcitatory activities of Gatifloxacin.,C1=CC=C(C(=C1)CC(=O)O)NC2=C(C=CC=C2Cl)Cl,CC1CN(CCN1)C2=C(C=C3C(=C2OC)N(C=C(C3=O)C(=O)O)C4CC4)F
Nepafenac,Gatifloxacin,Nepafenac may increase the neuroexcitatory activities of Gatifloxacin.,C1=CC=C(C=C1)C(=O)C2=CC=CC(=C2N)CC(=O)N,CC1CN(CCN1)C2=C(C=C3C(=C2OC)N(C=C(C3=O)C(=O)O)C4CC4)F
Sulfasalazine,Gatifloxacin,Sulfasalazine may increase the neuroexcitatory activities of Gatifloxacin.,C1=CC=NC(=C1)NS(=O)(=O)C2=CC=C(C=C2)N=NC3=CC(=C(C=C3)O)C(=O)O,CC1CN(CCN1)C2=C(C=C3C(=C2OC)N(C=C(C3=O)C(=O)O)C4CC4)F
Benzydamine,Gatifloxacin,Benzydamine may increase the neuroexcitatory activities of Gatifloxacin.,CN(C)CCCOC1=NN(C2=CC=CC=C21)CC3=CC=CC=C3,CC1CN(CCN1)C2=C(C=C3C(=C2OC)N(C=C(C3=O)C(=O)O)C4CC4)F
Ketoprofen,Gatifloxacin,Ketoprofen may increase the neuroexcitatory activities of Gatifloxacin.,CC(C1=CC(=CC=C1)C(=O)C2=CC=CC=C2)C(=O)O,CC1CN(CCN1)C2=C(C=C3C(=C2OC)N(C=C(C3=O)C(=O)O)C4CC4)F
Mefenamic acid,Gatifloxacin,Mefenamic acid may increase the neuroexcitatory activities of Gatifloxacin.,CC1=C(C(=CC=C1)NC2=CC=CC=C2C(=O)O)C,CC1CN(CCN1)C2=C(C=C3C(=C2OC)N(C=C(C3=O)C(=O)O)C4CC4)F
Adapalene,Gatifloxacin,Adapalene may increase the neuroexcitatory activities of Gatifloxacin.,COC1=C(C=C(C=C1)C2=CC3=C(C=C2)C=C(C=C3)C(=O)O)C45CC6CC(C4)CC(C6)C5,CC1CN(CCN1)C2=C(C=C3C(=C2OC)N(C=C(C3=O)C(=O)O)C4CC4)F
Magnesium salicylate,Gatifloxacin,The serum concentration of Gatifloxacin can be decreased when it is combined with Magnesium salicylate.,C1=CC=C(C(=C1)C(=O)O)[O-].C1=CC=C(C(=C1)C(=O)O)[O-].[Mg+2],CC1CN(CCN1)C2=C(C=C3C(=C2OC)N(C=C(C3=O)C(=O)O)C4CC4)F
Quinapril,Gatifloxacin,The serum concentration of Gatifloxacin can be decreased when it is combined with Quinapril.,CCOC(=O)C(CCC1=CC=CC=C1)NC(C)C(=O)N2CC3=CC=CC=C3CC2C(=O)O,CC1CN(CCN1)C2=C(C=C3C(=C2OC)N(C=C(C3=O)C(=O)O)C4CC4)F
Ribociclib,Gatifloxacin,The risk or severity of QTc prolongation can be increased when Ribociclib is combined with Gatifloxacin.,CN(C)C(=O)C1=CC2=CN=C(N=C2N1C3CCCC3)NC4=NC=C(C=C4)N5CCNCC5,CC1CN(CCN1)C2=C(C=C3C(=C2OC)N(C=C(C3=O)C(=O)O)C4CC4)F
Theophylline,Gatifloxacin,The metabolism of Gatifloxacin can be decreased when combined with Theophylline.,CN1C2=C(C(=O)N(C1=O)C)NC=N2,CC1CN(CCN1)C2=C(C=C3C(=C2OC)N(C=C(C3=O)C(=O)O)C4CC4)F
Dyphylline,Gatifloxacin,The metabolism of Gatifloxacin can be decreased when combined with Dyphylline.,CN1C2=C(C(=O)N(C1=O)C)N(C=N2)CC(CO)O,CC1CN(CCN1)C2=C(C=C3C(=C2OC)N(C=C(C3=O)C(=O)O)C4CC4)F
Aminophylline,Gatifloxacin,The metabolism of Gatifloxacin can be decreased when combined with Aminophylline.,CN1C2=C(C(=O)N(C1=O)C)NC=N2.CN1C2=C(C(=O)N(C1=O)C)NC=N2.C(CN)N,CC1CN(CCN1)C2=C(C=C3C(=C2OC)N(C=C(C3=O)C(=O)O)C4CC4)F
Varenicline,Gatifloxacin,The serum concentration of Gatifloxacin can be increased when it is combined with Varenicline.,C1C2CNCC1C3=CC4=NC=CN=C4C=C23,CC1CN(CCN1)C2=C(C=C3C(=C2OC)N(C=C(C3=O)C(=O)O)C4CC4)F
Iron,Gatifloxacin,The serum concentration of Gatifloxacin can be decreased when it is combined with Iron.,[Fe],CC1CN(CCN1)C2=C(C=C3C(=C2OC)N(C=C(C3=O)C(=O)O)C4CC4)F
Ferric pyrophosphate,Gatifloxacin,The serum concentration of Gatifloxacin can be decreased when it is combined with Ferric pyrophosphate.,[O-]P(=O)([O-])OP(=O)([O-])[O-].[O-]P(=O)([O-])OP(=O)([O-])[O-].[O-]P(=O)([O-])OP(=O)([O-])[O-].[Fe+3].[Fe+3].[Fe+3].[Fe+3],CC1CN(CCN1)C2=C(C=C3C(=C2OC)N(C=C(C3=O)C(=O)O)C4CC4)F
Lanthanum carbonate,Gatifloxacin,The serum concentration of Gatifloxacin can be decreased when it is combined with Lanthanum carbonate.,C(=O)([O-])[O-].C(=O)([O-])[O-].C(=O)([O-])[O-].[La+3].[La+3],CC1CN(CCN1)C2=C(C=C3C(=C2OC)N(C=C(C3=O)C(=O)O)C4CC4)F
Strontium ranelate,Gatifloxacin,The serum concentration of Gatifloxacin can be decreased when it is combined with Strontium ranelate.,C(C1=C(SC(=C1C#N)N(CC(=O)[O-])CC(=O)[O-])C(=O)[O-])C(=O)[O-].[Sr+2].[Sr+2],CC1CN(CCN1)C2=C(C=C3C(=C2OC)N(C=C(C3=O)C(=O)O)C4CC4)F
Tiaprofenic acid,Rosoxacin,Tiaprofenic acid may increase the neuroexcitatory activities of Rosoxacin.,CC(C1=CC=C(S1)C(=O)C2=CC=CC=C2)C(=O)O,CCN1C=C(C(=O)C2=C1C=C(C=C2)C3=CC=NC=C3)C(=O)O
Carprofen,Rosoxacin,Carprofen may increase the neuroexcitatory activities of Rosoxacin.,CC(C1=CC2=C(C=C1)C3=C(N2)C=CC(=C3)Cl)C(=O)O,CCN1C=C(C(=O)C2=C1C=C(C=C2)C3=CC=NC=C3)C(=O)O
Acarbose,Rosoxacin,Acarbose may increase the hypoglycemic activities of Rosoxacin.,CC1C(C(C(C(O1)OC2C(OC(C(C2O)O)OC(C(CO)O)C(C(C=O)O)O)CO)O)O)NC3C=C(C(C(C3O)O)O)CO,CCN1C=C(C(=O)C2=C1C=C(C=C2)C3=CC=NC=C3)C(=O)O
Sunitinib,Rosoxacin,Sunitinib may increase the hypoglycemic activities of Rosoxacin.,CCN(CC)CCNC(=O)C1=C(NC(=C1C)C=C2C3=C(C=CC(=C3)F)NC2=O)C,CCN1C=C(C(=O)C2=C1C=C(C=C2)C3=CC=NC=C3)C(=O)O
Prednisolone,Rosoxacin,The risk or severity of adverse effects can be increased when Prednisolone is combined with Rosoxacin.,CC12CC(C3C(C1CCC2(C(=O)CO)O)CCC4=CC(=O)C=CC34C)O,CCN1C=C(C(=O)C2=C1C=C(C=C2)C3=CC=NC=C3)C(=O)O
Dexamethasone,Rosoxacin,The risk or severity of adverse effects can be increased when Dexamethasone is combined with Rosoxacin.,CC1CC2C3CCC4=CC(=O)C=CC4(C3(C(CC2(C1(C(=O)CO)O)C)O)F)C,CCN1C=C(C(=O)C2=C1C=C(C=C2)C3=CC=NC=C3)C(=O)O
Prednisone,Rosoxacin,The risk or severity of adverse effects can be increased when Prednisone is combined with Rosoxacin.,CC12CC(=O)C3C(C1CCC2(C(=O)CO)O)CCC4=CC(=O)C=CC34C,CCN1C=C(C(=O)C2=C1C=C(C=C2)C3=CC=NC=C3)C(=O)O
Methylprednisolone,Rosoxacin,The risk or severity of adverse effects can be increased when Methylprednisolone is combined with Rosoxacin.,CC1CC2C3CCC(C3(CC(C2C4(C1=CC(=O)C=C4)C)O)C)(C(=O)CO)O,CCN1C=C(C(=O)C2=C1C=C(C=C2)C3=CC=NC=C3)C(=O)O
Formestane,Rosoxacin,The risk or severity of adverse effects can be increased when Formestane is combined with Rosoxacin.,CC12CCC(=O)C(=C1CCC3C2CCC4(C3CCC4=O)C)O,CCN1C=C(C(=O)C2=C1C=C(C=C2)C3=CC=NC=C3)C(=O)O
Mesalazine,Rosoxacin,Mesalazine may increase the neuroexcitatory activities of Rosoxacin.,C1=CC(=C(C=C1N)C(=O)O)O,CCN1C=C(C(=O)C2=C1C=C(C=C2)C3=CC=NC=C3)C(=O)O
Balsalazide,Rosoxacin,Balsalazide may increase the neuroexcitatory activities of Rosoxacin.,C1=CC(=CC=C1C(=O)NCCC(=O)O)N=NC2=CC(=C(C=C2)O)C(=O)O,CCN1C=C(C(=O)C2=C1C=C(C=C2)C3=CC=NC=C3)C(=O)O
Olsalazine,Rosoxacin,Olsalazine may increase the neuroexcitatory activities of Rosoxacin.,C1=CC(=C(C=C1N=NC2=CC(=C(C=C2)O)C(=O)O)C(=O)O)O,CCN1C=C(C(=O)C2=C1C=C(C=C2)C3=CC=NC=C3)C(=O)O
Resveratrol,Rosoxacin,Resveratrol may increase the neuroexcitatory activities of Rosoxacin.,C1=CC(=CC=C1C=CC2=CC(=CC(=C2)O)O)O,CCN1C=C(C(=O)C2=C1C=C(C=C2)C3=CC=NC=C3)C(=O)O
Masoprocol,Rosoxacin,Masoprocol may increase the neuroexcitatory activities of Rosoxacin.,CC(CC1=CC(=C(C=C1)O)O)C(C)CC2=CC(=C(C=C2)O)O,CCN1C=C(C(=O)C2=C1C=C(C=C2)C3=CC=NC=C3)C(=O)O
Sulindac,Rosoxacin,Sulindac may increase the neuroexcitatory activities of Rosoxacin.,CC1=C(C2=C(C1=CC3=CC=C(C=C3)S(=O)C)C=CC(=C2)F)CC(=O)O,CCN1C=C(C(=O)C2=C1C=C(C=C2)C3=CC=NC=C3)C(=O)O
Pirfenidone,Rosoxacin,Pirfenidone may increase the neuroexcitatory activities of Rosoxacin.,CC1=CN(C(=O)C=C1)C2=CC=CC=C2,CCN1C=C(C(=O)C2=C1C=C(C=C2)C3=CC=NC=C3)C(=O)O
Mycophenolate mofetil,Rosoxacin,Mycophenolate mofetil may increase the neuroexcitatory activities of Rosoxacin.,CC1=C2COC(=O)C2=C(C(=C1OC)CC=C(C)CCC(=O)OCCN3CCOCC3)O,CCN1C=C(C(=O)C2=C1C=C(C=C2)C3=CC=NC=C3)C(=O)O
Leflunomide,Rosoxacin,Leflunomide may increase the neuroexcitatory activities of Rosoxacin.,CC1=C(C=NO1)C(=O)NC2=CC=C(C=C2)C(F)(F)F,CCN1C=C(C(=O)C2=C1C=C(C=C2)C3=CC=NC=C3)C(=O)O
Vemurafenib,Rosoxacin,The risk or severity of QTc prolongation can be increased when Vemurafenib is combined with Rosoxacin.,CCCS(=O)(=O)NC1=C(C(=C(C=C1)F)C(=O)C2=CNC3=C2C=C(C=N3)C4=CC=C(C=C4)Cl)F,CCN1C=C(C(=O)C2=C1C=C(C=C2)C3=CC=NC=C3)C(=O)O
Warfarin,Rosoxacin,Warfarin may increase the anticoagulant activities of Rosoxacin.,CC(=O)CC(C1=CC=CC=C1)C2=C(C3=CC=CC=C3OC2=O)O,CCN1C=C(C(=O)C2=C1C=C(C=C2)C3=CC=NC=C3)C(=O)O
Phenprocoumon,Rosoxacin,Phenprocoumon may increase the anticoagulant activities of Rosoxacin.,CCC(C1=CC=CC=C1)C2=C(C3=CC=CC=C3OC2=O)O,CCN1C=C(C(=O)C2=C1C=C(C=C2)C3=CC=NC=C3)C(=O)O
Phenindione,Rosoxacin,Phenindione may increase the anticoagulant activities of Rosoxacin.,C1=CC=C(C=C1)C2C(=O)C3=CC=CC=C3C2=O,CCN1C=C(C(=O)C2=C1C=C(C=C2)C3=CC=NC=C3)C(=O)O
Acenocoumarol,Rosoxacin,Acenocoumarol may increase the anticoagulant activities of Rosoxacin.,CC(=O)CC(C1=CC=C(C=C1)[N+](=O)[O-])C2=C(C3=CC=CC=C3OC2=O)O,CCN1C=C(C(=O)C2=C1C=C(C=C2)C3=CC=NC=C3)C(=O)O
Dicoumarol,Rosoxacin,Dicoumarol may increase the anticoagulant activities of Rosoxacin.,C1=CC=C2C(=C1)C(=C(C(=O)O2)CC3=C(C4=CC=CC=C4OC3=O)O)O,CCN1C=C(C(=O)C2=C1C=C(C=C2)C3=CC=NC=C3)C(=O)O
Nafamostat,Rosoxacin,Nafamostat may increase the neuroexcitatory activities of Rosoxacin.,C1=CC(=CC=C1C(=O)OC2=CC3=C(C=C2)C=C(C=C3)C(=N)N)N=C(N)N,CCN1C=C(C(=O)C2=C1C=C(C=C2)C3=CC=NC=C3)C(=O)O
Rosiglitazone,Rosoxacin,Rosiglitazone may increase the hypoglycemic activities of Rosoxacin.,CN(CCOC1=CC=C(C=C1)CC2C(=O)NC(=O)S2)C3=CC=CC=N3,CCN1C=C(C(=O)C2=C1C=C(C=C2)C3=CC=NC=C3)C(=O)O
Nimesulide,Rosoxacin,Nimesulide may increase the neuroexcitatory activities of Rosoxacin.,CS(=O)(=O)NC1=C(C=C(C=C1)[N+](=O)[O-])OC2=CC=CC=C2,CCN1C=C(C(=O)C2=C1C=C(C=C2)C3=CC=NC=C3)C(=O)O
Acetylsalicylic acid,Rosoxacin,Acetylsalicylic acid may increase the neuroexcitatory activities of Rosoxacin.,CC(=O)OC1=CC=CC=C1C(=O)O,CCN1C=C(C(=O)C2=C1C=C(C=C2)C3=CC=NC=C3)C(=O)O
Diflunisal,Rosoxacin,Diflunisal may increase the neuroexcitatory activities of Rosoxacin.,C1=CC(=C(C=C1C2=C(C=C(C=C2)F)F)C(=O)O)O,CCN1C=C(C(=O)C2=C1C=C(C=C2)C3=CC=NC=C3)C(=O)O
Azelastine,Rosoxacin,Azelastine may increase the neuroexcitatory activities of Rosoxacin.,CN1CCCC(CC1)N2C(=O)C3=CC=CC=C3C(=N2)CC4=CC=C(C=C4)Cl,CCN1C=C(C(=O)C2=C1C=C(C=C2)C3=CC=NC=C3)C(=O)O
Tranilast,Rosoxacin,Tranilast may increase the neuroexcitatory activities of Rosoxacin.,COC1=C(C=C(C=C1)C=CC(=O)NC2=CC=CC=C2C(=O)O)OC,CCN1C=C(C(=O)C2=C1C=C(C=C2)C3=CC=NC=C3)C(=O)O
Sulfisoxazole,Rosoxacin,Sulfisoxazole may increase the hypoglycemic activities of Rosoxacin.,CC1=C(ON=C1C)NS(=O)(=O)C2=CC=C(C=C2)N,CCN1C=C(C(=O)C2=C1C=C(C=C2)C3=CC=NC=C3)C(=O)O
Chlorpropamide,Rosoxacin,Chlorpropamide may increase the hypoglycemic activities of Rosoxacin.,CCCNC(=O)NS(=O)(=O)C1=CC=C(C=C1)Cl,CCN1C=C(C(=O)C2=C1C=C(C=C2)C3=CC=NC=C3)C(=O)O
Canagliflozin,Rosoxacin,Canagliflozin may increase the hypoglycemic activities of Rosoxacin.,CC1=C(C=C(C=C1)C2C(C(C(C(O2)CO)O)O)O)CC3=CC=C(S3)C4=CC=C(C=C4)F,CCN1C=C(C(=O)C2=C1C=C(C=C2)C3=CC=NC=C3)C(=O)O
Pentamidine,Rosoxacin,Pentamidine may increase the hypoglycemic activities of Rosoxacin.,C1=CC(=CC=C1C(=N)N)OCCCCCOC2=CC=C(C=C2)C(=N)N,CCN1C=C(C(=O)C2=C1C=C(C=C2)C3=CC=NC=C3)C(=O)O
Glipizide,Rosoxacin,Glipizide may increase the hypoglycemic activities of Rosoxacin.,CC1=CN=C(C=N1)C(=O)NCCC2=CC=C(C=C2)S(=O)(=O)NC(=O)NC3CCCCC3,CCN1C=C(C(=O)C2=C1C=C(C=C2)C3=CC=NC=C3)C(=O)O
Disopyramide,Rosoxacin,Disopyramide may increase the hypoglycemic activities of Rosoxacin.,CC(C)N(CCC(C1=CC=CC=C1)(C2=CC=CC=N2)C(=O)N)C(C)C,CCN1C=C(C(=O)C2=C1C=C(C=C2)C3=CC=NC=C3)C(=O)O
Tolbutamide,Rosoxacin,Tolbutamide may increase the hypoglycemic activities of Rosoxacin.,CCCCNC(=O)NS(=O)(=O)C1=CC=C(C=C1)C,CCN1C=C(C(=O)C2=C1C=C(C=C2)C3=CC=NC=C3)C(=O)O
Miglitol,Rosoxacin,Miglitol may increase the hypoglycemic activities of Rosoxacin.,C1C(C(C(C(N1CCO)CO)O)O)O,CCN1C=C(C(=O)C2=C1C=C(C=C2)C3=CC=NC=C3)C(=O)O
Sulfamethoxazole,Rosoxacin,Sulfamethoxazole may increase the hypoglycemic activities of Rosoxacin.,CC1=CC(=NO1)NS(=O)(=O)C2=CC=C(C=C2)N,CCN1C=C(C(=O)C2=C1C=C(C=C2)C3=CC=NC=C3)C(=O)O
Sitagliptin,Rosoxacin,Sitagliptin may increase the hypoglycemic activities of Rosoxacin.,C1CN2C(=NN=C2C(F)(F)F)CN1C(=O)CC(CC3=CC(=C(C=C3F)F)F)N,CCN1C=C(C(=O)C2=C1C=C(C=C2)C3=CC=NC=C3)C(=O)O
Dapagliflozin,Rosoxacin,Dapagliflozin may increase the hypoglycemic activities of Rosoxacin.,CCOC1=CC=C(C=C1)CC2=C(C=CC(=C2)C3C(C(C(C(O3)CO)O)O)O)Cl,CCN1C=C(C(=O)C2=C1C=C(C=C2)C3=CC=NC=C3)C(=O)O
Alogliptin,Rosoxacin,Alogliptin may increase the hypoglycemic activities of Rosoxacin.,CN1C(=O)C=C(N(C1=O)CC2=CC=CC=C2C#N)N3CCCC(C3)N,CCN1C=C(C(=O)C2=C1C=C(C=C2)C3=CC=NC=C3)C(=O)O
Saxagliptin,Rosoxacin,Saxagliptin may increase the hypoglycemic activities of Rosoxacin.,C1C2CC2N(C1C#N)C(=O)C(C34CC5CC(C3)CC(C5)(C4)O)N,CCN1C=C(C(=O)C2=C1C=C(C=C2)C3=CC=NC=C3)C(=O)O
Sulfadiazine,Rosoxacin,Sulfadiazine may increase the hypoglycemic activities of Rosoxacin.,C1=CN=C(N=C1)NS(=O)(=O)C2=CC=C(C=C2)N,CCN1C=C(C(=O)C2=C1C=C(C=C2)C3=CC=NC=C3)C(=O)O
Nateglinide,Rosoxacin,Nateglinide may increase the hypoglycemic activities of Rosoxacin.,CC(C)C1CCC(CC1)C(=O)NC(CC2=CC=CC=C2)C(=O)O,CCN1C=C(C(=O)C2=C1C=C(C=C2)C3=CC=NC=C3)C(=O)O
Gliclazide,Rosoxacin,Gliclazide may increase the hypoglycemic activities of Rosoxacin.,CC1=CC=C(C=C1)S(=O)(=O)NC(=O)NN2CC3CCCC3C2,CCN1C=C(C(=O)C2=C1C=C(C=C2)C3=CC=NC=C3)C(=O)O
Pioglitazone,Rosoxacin,Pioglitazone may increase the hypoglycemic activities of Rosoxacin.,CCC1=CN=C(C=C1)CCOC2=CC=C(C=C2)CC3C(=O)NC(=O)S3,CCN1C=C(C(=O)C2=C1C=C(C=C2)C3=CC=NC=C3)C(=O)O
Mifepristone,Rosoxacin,Mifepristone may increase the hypoglycemic activities of Rosoxacin.,CC#CC1(CCC2C1(CC(C3=C4CCC(=O)C=C4CCC23)C5=CC=C(C=C5)N(C)C)C)O,CCN1C=C(C(=O)C2=C1C=C(C=C2)C3=CC=NC=C3)C(=O)O
Quinine,Rosoxacin,Quinine may increase the hypoglycemic activities of Rosoxacin.,COC1=CC2=C(C=CN=C2C=C1)C(C3CC4CCN3CC4C=C)O,CCN1C=C(C(=O)C2=C1C=C(C=C2)C3=CC=NC=C3)C(=O)O
Metformin,Rosoxacin,Metformin may increase the hypoglycemic activities of Rosoxacin.,CN(C)C(=N)N=C(N)N,CCN1C=C(C(=O)C2=C1C=C(C=C2)C3=CC=NC=C3)C(=O)O
Tolazamide,Rosoxacin,Tolazamide may increase the hypoglycemic activities of Rosoxacin.,CC1=CC=C(C=C1)S(=O)(=O)NC(=O)NN2CCCCCC2,CCN1C=C(C(=O)C2=C1C=C(C=C2)C3=CC=NC=C3)C(=O)O
Glimepiride,Rosoxacin,Glimepiride may increase the hypoglycemic activities of Rosoxacin.,CCC1=C(CN(C1=O)C(=O)NCCC2=CC=C(C=C2)S(=O)(=O)NC(=O)NC3CCC(CC3)C)C,CCN1C=C(C(=O)C2=C1C=C(C=C2)C3=CC=NC=C3)C(=O)O
Empagliflozin,Rosoxacin,Empagliflozin may increase the hypoglycemic activities of Rosoxacin.,C1COCC1OC2=CC=C(C=C2)CC3=C(C=CC(=C3)C4C(C(C(C(O4)CO)O)O)O)Cl,CCN1C=C(C(=O)C2=C1C=C(C=C2)C3=CC=NC=C3)C(=O)O
Repaglinide,Rosoxacin,Repaglinide may increase the hypoglycemic activities of Rosoxacin.,CCOC1=C(C=CC(=C1)CC(=O)NC(CC(C)C)C2=CC=CC=C2N3CCCCC3)C(=O)O,CCN1C=C(C(=O)C2=C1C=C(C=C2)C3=CC=NC=C3)C(=O)O
Glyburide,Rosoxacin,Glyburide may increase the hypoglycemic activities of Rosoxacin.,COC1=C(C=C(C=C1)Cl)C(=O)NCCC2=CC=C(C=C2)S(=O)(=O)NC(=O)NC3CCCCC3,CCN1C=C(C(=O)C2=C1C=C(C=C2)C3=CC=NC=C3)C(=O)O
Bromocriptine,Rosoxacin,Bromocriptine may increase the hypoglycemic activities of Rosoxacin.,CC(C)CC1C(=O)N2CCCC2C3(N1C(=O)C(O3)(C(C)C)NC(=O)C4CN(C5CC6=C(NC7=CC=CC(=C67)C5=C4)Br)C)O,CCN1C=C(C(=O)C2=C1C=C(C=C2)C3=CC=NC=C3)C(=O)O
Seratrodast,Rosoxacin,Seratrodast may increase the neuroexcitatory activities of Rosoxacin.,CC1=C(C(=O)C(=C(C1=O)C)C(CCCCCC(=O)O)C2=CC=CC=C2)C,CCN1C=C(C(=O)C2=C1C=C(C=C2)C3=CC=NC=C3)C(=O)O
Chloroquine,Rosoxacin,Chloroquine may increase the neuroexcitatory activities of Rosoxacin.,CCN(CC)CCCC(C)NC1=C2C=CC(=CC2=NC=C1)Cl,CCN1C=C(C(=O)C2=C1C=C(C=C2)C3=CC=NC=C3)C(=O)O
Celecoxib,Rosoxacin,Celecoxib may increase the neuroexcitatory activities of Rosoxacin.,CC1=CC=C(C=C1)C2=CC(=NN2C3=CC=C(C=C3)S(=O)(=O)N)C(F)(F)F,CCN1C=C(C(=O)C2=C1C=C(C=C2)C3=CC=NC=C3)C(=O)O
Salicylic acid,Rosoxacin,Salicylic acid may increase the neuroexcitatory activities of Rosoxacin.,C1=CC=C(C(=C1)C(=O)O)O,CCN1C=C(C(=O)C2=C1C=C(C=C2)C3=CC=NC=C3)C(=O)O
Naftifine,Rosoxacin,Naftifine may increase the neuroexcitatory activities of Rosoxacin.,CN(CC=CC1=CC=CC=C1)CC2=CC=CC3=CC=CC=C32,CCN1C=C(C(=O)C2=C1C=C(C=C2)C3=CC=NC=C3)C(=O)O
Fluticasone propionate,Rosoxacin,The risk or severity of adverse effects can be increased when Fluticasone propionate is combined with Rosoxacin.,CCC(=O)OC1(C(CC2C1(CC(C3(C2CC(C4=CC(=O)C=CC43C)F)F)O)C)C)C(=O)SCF,CCN1C=C(C(=O)C2=C1C=C(C=C2)C3=CC=NC=C3)C(=O)O
Magnesium sulfate,Rosoxacin,The serum concentration of Rosoxacin can be decreased when it is combined with Magnesium sulfate.,[O-]S(=O)(=O)[O-].[Mg+2],CCN1C=C(C(=O)C2=C1C=C(C=C2)C3=CC=NC=C3)C(=O)O
Olopatadine,Rosoxacin,Olopatadine may increase the neuroexcitatory activities of Rosoxacin.,CN(C)CCC=C1C2=CC=CC=C2COC3=C1C=C(C=C3)CC(=O)O,CCN1C=C(C(=O)C2=C1C=C(C=C2)C3=CC=NC=C3)C(=O)O
Fluticasone furoate,Rosoxacin,The risk or severity of adverse effects can be increased when Fluticasone furoate is combined with Rosoxacin.,CC1CC2C3CC(C4=CC(=O)C=CC4(C3(C(CC2(C1(C(=O)SCF)OC(=O)C5=CC=CO5)C)O)F)C)F,CCN1C=C(C(=O)C2=C1C=C(C=C2)C3=CC=NC=C3)C(=O)O
Prasterone,Rosoxacin,The risk or severity of adverse effects can be increased when Prasterone is combined with Rosoxacin.,CC12CCC3C(C1CCC2=O)CC=C4C3(CCC(C4)O)C,CCN1C=C(C(=O)C2=C1C=C(C=C2)C3=CC=NC=C3)C(=O)O
Diflorasone,Rosoxacin,The risk or severity of adverse effects can be increased when Diflorasone is combined with Rosoxacin.,CC1CC2C3CC(C4=CC(=O)C=CC4(C3(C(CC2(C1(C(=O)CO)O)C)O)F)C)F,CCN1C=C(C(=O)C2=C1C=C(C=C2)C3=CC=NC=C3)C(=O)O
Flumethasone,Rosoxacin,The risk or severity of adverse effects can be increased when Flumethasone is combined with Rosoxacin.,CC1CC2C3CC(C4=CC(=O)C=CC4(C3(C(CC2(C1(C(=O)CO)O)C)O)F)C)F,CCN1C=C(C(=O)C2=C1C=C(C=C2)C3=CC=NC=C3)C(=O)O
Desoximetasone,Rosoxacin,The risk or severity of adverse effects can be increased when Desoximetasone is combined with Rosoxacin.,CC1CC2C3CCC4=CC(=O)C=CC4(C3(C(CC2(C1C(=O)CO)C)O)F)C,CCN1C=C(C(=O)C2=C1C=C(C=C2)C3=CC=NC=C3)C(=O)O
Mometasone,Rosoxacin,The risk or severity of adverse effects can be increased when Mometasone is combined with Rosoxacin.,CC1CC2C3CCC4=CC(=O)C=CC4(C3(C(CC2(C1(C(=O)CCl)O)C)O)Cl)C,CCN1C=C(C(=O)C2=C1C=C(C=C2)C3=CC=NC=C3)C(=O)O
Clobetasol propionate,Rosoxacin,The risk or severity of adverse effects can be increased when Clobetasol propionate is combined with Rosoxacin.,CCC(=O)OC1(C(CC2C1(CC(C3(C2CCC4=CC(=O)C=CC43C)F)O)C)C)C(=O)CCl,CCN1C=C(C(=O)C2=C1C=C(C=C2)C3=CC=NC=C3)C(=O)O
Estrone,Rosoxacin,The risk or severity of adverse effects can be increased when Estrone is combined with Rosoxacin.,CC12CCC3C(C1CCC2=O)CCC4=C3C=CC(=C4)O,CCN1C=C(C(=O)C2=C1C=C(C=C2)C3=CC=NC=C3)C(=O)O
Difluprednate,Rosoxacin,The risk or severity of adverse effects can be increased when Difluprednate is combined with Rosoxacin.,CCCC(=O)OC1(CCC2C1(CC(C3(C2CC(C4=CC(=O)C=CC43C)F)F)O)C)C(=O)COC(=O)C,CCN1C=C(C(=O)C2=C1C=C(C=C2)C3=CC=NC=C3)C(=O)O
Fluprednidene,Rosoxacin,The risk or severity of adverse effects can be increased when Fluprednidene is combined with Rosoxacin.,CC12CC(C3(C(C1CC(=C)C2(C(=O)CO)O)CCC4=CC(=O)C=CC43C)F)O,CCN1C=C(C(=O)C2=C1C=C(C=C2)C3=CC=NC=C3)C(=O)O
Beclomethasone dipropionate,Rosoxacin,The risk or severity of adverse effects can be increased when Beclomethasone dipropionate is combined with Rosoxacin.,CCC(=O)OCC(=O)C1(C(CC2C1(CC(C3(C2CCC4=CC(=O)C=CC43C)Cl)O)C)C)OC(=O)CC,CCN1C=C(C(=O)C2=C1C=C(C=C2)C3=CC=NC=C3)C(=O)O
Tixocortol,Rosoxacin,The risk or severity of adverse effects can be increased when Tixocortol is combined with Rosoxacin.,CC12CCC(=O)C=C1CCC3C2C(CC4(C3CCC4(C(=O)CS)O)C)O,CCN1C=C(C(=O)C2=C1C=C(C=C2)C3=CC=NC=C3)C(=O)O
Fluocinonide,Rosoxacin,The risk or severity of adverse effects can be increased when Fluocinonide is combined with Rosoxacin.,CC(=O)OCC(=O)C12C(CC3C1(CC(C4(C3CC(C5=CC(=O)C=CC54C)F)F)O)C)OC(O2)(C)C,CCN1C=C(C(=O)C2=C1C=C(C=C2)C3=CC=NC=C3)C(=O)O
Ciclesonide,Rosoxacin,The risk or severity of adverse effects can be increased when Ciclesonide is combined with Rosoxacin.,CC(C)C(=O)OCC(=O)C12C(CC3C1(CC(C4C3CCC5=CC(=O)C=CC45C)O)C)OC(O2)C6CCCCC6,CCN1C=C(C(=O)C2=C1C=C(C=C2)C3=CC=NC=C3)C(=O)O
Cortisone acetate,Rosoxacin,The risk or severity of adverse effects can be increased when Cortisone acetate is combined with Rosoxacin.,CC(=O)OCC(=O)C1(CCC2C1(CC(=O)C3C2CCC4=CC(=O)CCC34C)C)O,CCN1C=C(C(=O)C2=C1C=C(C=C2)C3=CC=NC=C3)C(=O)O
Alclometasone,Rosoxacin,The risk or severity of adverse effects can be increased when Alclometasone is combined with Rosoxacin.,CC1CC2C3C(CC4=CC(=O)C=CC4(C3C(CC2(C1(C(=O)CO)O)C)O)C)Cl,CCN1C=C(C(=O)C2=C1C=C(C=C2)C3=CC=NC=C3)C(=O)O
Fludrocortisone,Rosoxacin,The risk or severity of adverse effects can be increased when Fludrocortisone is combined with Rosoxacin.,CC12CCC(=O)C=C1CCC3C2(C(CC4(C3CCC4(C(=O)CO)O)C)O)F,CCN1C=C(C(=O)C2=C1C=C(C=C2)C3=CC=NC=C3)C(=O)O
Flunisolide,Rosoxacin,The risk or severity of adverse effects can be increased when Flunisolide is combined with Rosoxacin.,CC1(OC2CC3C4CC(C5=CC(=O)C=CC5(C4C(CC3(C2(O1)C(=O)CO)C)O)C)F)C,CCN1C=C(C(=O)C2=C1C=C(C=C2)C3=CC=NC=C3)C(=O)O
Triamcinolone,Rosoxacin,The risk or severity of adverse effects can be increased when Triamcinolone is combined with Rosoxacin.,CC12CC(C3(C(C1CC(C2(C(=O)CO)O)O)CCC4=CC(=O)C=CC43C)F)O,CCN1C=C(C(=O)C2=C1C=C(C=C2)C3=CC=NC=C3)C(=O)O
Fluocinolone acetonide,Rosoxacin,The risk or severity of adverse effects can be increased when Fluocinolone acetonide is combined with Rosoxacin.,CC1(OC2CC3C4CC(C5=CC(=O)C=CC5(C4(C(CC3(C2(O1)C(=O)CO)C)O)F)C)F)C,CCN1C=C(C(=O)C2=C1C=C(C=C2)C3=CC=NC=C3)C(=O)O
Paramethasone,Rosoxacin,The risk or severity of adverse effects can be increased when Paramethasone is combined with Rosoxacin.,CC1CC2C3CC(C4=CC(=O)C=CC4(C3C(CC2(C1(C(=O)CO)O)C)O)C)F,CCN1C=C(C(=O)C2=C1C=C(C=C2)C3=CC=NC=C3)C(=O)O
Prednicarbate,Rosoxacin,The risk or severity of adverse effects can be increased when Prednicarbate is combined with Rosoxacin.,CCC(=O)OCC(=O)C1(CCC2C1(CC(C3C2CCC4=CC(=O)C=CC34C)O)C)OC(=O)OCC,CCN1C=C(C(=O)C2=C1C=C(C=C2)C3=CC=NC=C3)C(=O)O
Rimexolone,Rosoxacin,The risk or severity of adverse effects can be increased when Rimexolone is combined with Rosoxacin.,CCC(=O)C1(C(CC2C1(CC(C3C2CCC4=CC(=O)C=CC34C)O)C)C)C,CCN1C=C(C(=O)C2=C1C=C(C=C2)C3=CC=NC=C3)C(=O)O
Betamethasone,Rosoxacin,The risk or severity of adverse effects can be increased when Betamethasone is combined with Rosoxacin.,CC1CC2C3CCC4=CC(=O)C=CC4(C3(C(CC2(C1(C(=O)CO)O)C)O)F)C,CCN1C=C(C(=O)C2=C1C=C(C=C2)C3=CC=NC=C3)C(=O)O
Deflazacort,Rosoxacin,The risk or severity of adverse effects can be increased when Deflazacort is combined with Rosoxacin.,CC1=NC2(C(O1)CC3C2(CC(C4C3CCC5=CC(=O)C=CC45C)O)C)C(=O)COC(=O)C,CCN1C=C(C(=O)C2=C1C=C(C=C2)C3=CC=NC=C3)C(=O)O
Desonide,Rosoxacin,The risk or severity of adverse effects can be increased when Desonide is combined with Rosoxacin.,CC1(OC2CC3C4CCC5=CC(=O)C=CC5(C4C(CC3(C2(O1)C(=O)CO)C)O)C)C,CCN1C=C(C(=O)C2=C1C=C(C=C2)C3=CC=NC=C3)C(=O)O
Amcinonide,Rosoxacin,The risk or severity of adverse effects can be increased when Amcinonide is combined with Rosoxacin.,CC(=O)OCC(=O)C12C(CC3C1(CC(C4(C3CCC5=CC(=O)C=CC54C)F)O)C)OC6(O2)CCCC6,CCN1C=C(C(=O)C2=C1C=C(C=C2)C3=CC=NC=C3)C(=O)O
Estrone sulfate,Rosoxacin,The risk or severity of adverse effects can be increased when Estrone sulfate is combined with Rosoxacin.,CC12CCC3C(C1CCC2=O)CCC4=C3C=CC(=C4)OS(=O)(=O)O,CCN1C=C(C(=O)C2=C1C=C(C=C2)C3=CC=NC=C3)C(=O)O
Equilin,Rosoxacin,The risk or severity of adverse effects can be increased when Equilin is combined with Rosoxacin.,CC12CCC3C(=CCC4=C3C=CC(=C4)O)C1CCC2=O,CCN1C=C(C(=O)C2=C1C=C(C=C2)C3=CC=NC=C3)C(=O)O
Ulobetasol,Rosoxacin,The risk or severity of adverse effects can be increased when Ulobetasol is combined with Rosoxacin.,CC1CC2C3CC(C4=CC(=O)C=CC4(C3(C(CC2(C1(C(=O)CCl)O)C)O)F)C)F,CCN1C=C(C(=O)C2=C1C=C(C=C2)C3=CC=NC=C3)C(=O)O
Loteprednol,Rosoxacin,The risk or severity of adverse effects can be increased when Loteprednol is combined with Rosoxacin.,CC12CC(C3C(C1CCC2(C(=O)OCCl)O)CCC4=CC(=O)C=CC34C)O,CCN1C=C(C(=O)C2=C1C=C(C=C2)C3=CC=NC=C3)C(=O)O
Halcinonide,Rosoxacin,The risk or severity of adverse effects can be increased when Halcinonide is combined with Rosoxacin.,CC1(OC2CC3C4CCC5=CC(=O)CCC5(C4(C(CC3(C2(O1)C(=O)CCl)C)O)F)C)C,CCN1C=C(C(=O)C2=C1C=C(C=C2)C3=CC=NC=C3)C(=O)O
Fluocortolone,Rosoxacin,The risk or severity of adverse effects can be increased when Fluocortolone is combined with Rosoxacin.,CC1CC2C3CC(C4=CC(=O)C=CC4(C3C(CC2(C1C(=O)CO)C)O)C)F,CCN1C=C(C(=O)C2=C1C=C(C=C2)C3=CC=NC=C3)C(=O)O
Flurandrenolide,Rosoxacin,The risk or severity of adverse effects can be increased when Flurandrenolide is combined with Rosoxacin.,CC1(OC2CC3C4CC(C5=CC(=O)CCC5(C4C(CC3(C2(O1)C(=O)CO)C)O)C)F)C,CCN1C=C(C(=O)C2=C1C=C(C=C2)C3=CC=NC=C3)C(=O)O
Budesonide,Rosoxacin,The risk or severity of adverse effects can be increased when Budesonide is combined with Rosoxacin.,CCCC1OC2CC3C4CCC5=CC(=O)C=CC5(C4C(CC3(C2(O1)C(=O)CO)C)O)C,CCN1C=C(C(=O)C2=C1C=C(C=C2)C3=CC=NC=C3)C(=O)O
Difluocortolone,Rosoxacin,The risk or severity of adverse effects can be increased when Difluocortolone is combined with Rosoxacin.,CC1CC2C3CC(C4=CC(=O)C=CC4(C3(C(CC2(C1C(=O)CO)C)O)F)C)F,CCN1C=C(C(=O)C2=C1C=C(C=C2)C3=CC=NC=C3)C(=O)O
Medrysone,Rosoxacin,The risk or severity of adverse effects can be increased when Medrysone is combined with Rosoxacin.,CC1CC2C3CCC(C3(CC(C2C4(C1=CC(=O)CC4)C)O)C)C(=O)C,CCN1C=C(C(=O)C2=C1C=C(C=C2)C3=CC=NC=C3)C(=O)O
Clocortolone,Rosoxacin,The risk or severity of adverse effects can be increased when Clocortolone is combined with Rosoxacin.,CC1CC2C3CC(C4=CC(=O)C=CC4(C3(C(CC2(C1C(=O)CO)C)O)Cl)C)F,CCN1C=C(C(=O)C2=C1C=C(C=C2)C3=CC=NC=C3)C(=O)O
Hydrocortisone,Rosoxacin,The risk or severity of adverse effects can be increased when Hydrocortisone is combined with Rosoxacin.,CC12CCC(=O)C=C1CCC3C2C(CC4(C3CCC4(C(=O)CO)O)C)O,CCN1C=C(C(=O)C2=C1C=C(C=C2)C3=CC=NC=C3)C(=O)O
Fluorometholone,Rosoxacin,The risk or severity of adverse effects can be increased when Fluorometholone is combined with Rosoxacin.,CC1CC2C3CCC(C3(CC(C2(C4(C1=CC(=O)C=C4)C)F)O)C)(C(=O)C)O,CCN1C=C(C(=O)C2=C1C=C(C=C2)C3=CC=NC=C3)C(=O)O
Clobetasone,Rosoxacin,The risk or severity of adverse effects can be increased when Clobetasone is combined with Rosoxacin.,CC1CC2C3CCC4=CC(=O)C=CC4(C3(C(=O)CC2(C1(C(=O)CCl)O)C)F)C,CCN1C=C(C(=O)C2=C1C=C(C=C2)C3=CC=NC=C3)C(=O)O
Fenbufen,Rosoxacin,Fenbufen may increase the neuroexcitatory activities of Rosoxacin.,C1=CC=C(C=C1)C2=CC=C(C=C2)C(=O)CCC(=O)O,CCN1C=C(C(=O)C2=C1C=C(C=C2)C3=CC=NC=C3)C(=O)O
Meclofenamic acid,Rosoxacin,Meclofenamic acid may increase the neuroexcitatory activities of Rosoxacin.,CC1=C(C(=C(C=C1)Cl)NC2=CC=CC=C2C(=O)O)Cl,CCN1C=C(C(=O)C2=C1C=C(C=C2)C3=CC=NC=C3)C(=O)O
Lumiracoxib,Rosoxacin,Lumiracoxib may increase the neuroexcitatory activities of Rosoxacin.,CC1=CC(=C(C=C1)NC2=C(C=CC=C2Cl)F)CC(=O)O,CCN1C=C(C(=O)C2=C1C=C(C=C2)C3=CC=NC=C3)C(=O)O
Tolmetin,Rosoxacin,Tolmetin may increase the neuroexcitatory activities of Rosoxacin.,CC1=CC=C(C=C1)C(=O)C2=CC=C(N2C)CC(=O)O,CCN1C=C(C(=O)C2=C1C=C(C=C2)C3=CC=NC=C3)C(=O)O
Tenoxicam,Rosoxacin,Tenoxicam may increase the neuroexcitatory activities of Rosoxacin.,CN1C(=C(C2=C(S1(=O)=O)C=CS2)O)C(=O)NC3=CC=CC=N3,CCN1C=C(C(=O)C2=C1C=C(C=C2)C3=CC=NC=C3)C(=O)O
Choline magnesium trisalicylate,Rosoxacin,Choline magnesium trisalicylate may increase the neuroexcitatory activities of Rosoxacin.,C[N+](C)(C)CCO.C1=CC=C(C(=C1)C(=O)O)[O-].C1=CC=C(C(=C1)C(=O)O)[O-].C1=CC=C(C(=C1)C(=O)O)[O-].[Mg+2],CCN1C=C(C(=O)C2=C1C=C(C=C2)C3=CC=NC=C3)C(=O)O
Etoricoxib,Rosoxacin,Etoricoxib may increase the neuroexcitatory activities of Rosoxacin.,CC1=NC=C(C=C1)C2=C(C=C(C=N2)Cl)C3=CC=C(C=C3)S(=O)(=O)C,CCN1C=C(C(=O)C2=C1C=C(C=C2)C3=CC=NC=C3)C(=O)O
Suprofen,Rosoxacin,Suprofen may increase the neuroexcitatory activities of Rosoxacin.,CC(C1=CC=C(C=C1)C(=O)C2=CC=CS2)C(=O)O,CCN1C=C(C(=O)C2=C1C=C(C=C2)C3=CC=NC=C3)C(=O)O
Flurbiprofen,Rosoxacin,Flurbiprofen may increase the neuroexcitatory activities of Rosoxacin.,CC(C1=CC(=C(C=C1)C2=CC=CC=C2)F)C(=O)O,CCN1C=C(C(=O)C2=C1C=C(C=C2)C3=CC=NC=C3)C(=O)O
Indomethacin,Rosoxacin,Indomethacin may increase the neuroexcitatory activities of Rosoxacin.,CC1=C(C2=C(N1C(=O)C3=CC=C(C=C3)Cl)C=CC(=C2)OC)CC(=O)O,CCN1C=C(C(=O)C2=C1C=C(C=C2)C3=CC=NC=C3)C(=O)O
Oxyphenbutazone,Rosoxacin,Oxyphenbutazone may increase the neuroexcitatory activities of Rosoxacin.,CCCCC1C(=O)N(N(C1=O)C2=CC=C(C=C2)O)C3=CC=CC=C3,CCN1C=C(C(=O)C2=C1C=C(C=C2)C3=CC=NC=C3)C(=O)O
Icatibant,Rosoxacin,Icatibant may increase the neuroexcitatory activities of Rosoxacin.,C1CCC2C(C1)CC(N2C(=O)C3CC4=CC=CC=C4CN3C(=O)C(CO)NC(=O)C(CC5=CC=CS5)NC(=O)CNC(=O)C6CC(CN6C(=O)C7CCCN7C(=O)C(CCCN=C(N)N)NC(=O)C(CCCN=C(N)N)N)O)C(=O)NC(CCCN=C(N)N)C(=O)O,CCN1C=C(C(=O)C2=C1C=C(C=C2)C3=CC=NC=C3)C(=O)O
Alclofenac,Rosoxacin,Alclofenac may increase the neuroexcitatory activities of Rosoxacin.,C=CCOC1=C(C=C(C=C1)CC(=O)O)Cl,CCN1C=C(C(=O)C2=C1C=C(C=C2)C3=CC=NC=C3)C(=O)O
Etodolac,Rosoxacin,Etodolac may increase the neuroexcitatory activities of Rosoxacin.,CCC1=C2C(=CC=C1)C3=C(N2)C(OCC3)(CC)CC(=O)O,CCN1C=C(C(=O)C2=C1C=C(C=C2)C3=CC=NC=C3)C(=O)O
Droxicam,Rosoxacin,Droxicam may increase the neuroexcitatory activities of Rosoxacin.,CN1C2=C(C3=CC=CC=C3S1(=O)=O)OC(=O)N(C2=O)C4=CC=CC=N4,CCN1C=C(C(=O)C2=C1C=C(C=C2)C3=CC=NC=C3)C(=O)O
Apremilast,Rosoxacin,Apremilast may increase the neuroexcitatory activities of Rosoxacin.,CCOC1=C(C=CC(=C1)C(CS(=O)(=O)C)N2C(=O)C3=C(C2=O)C(=CC=C3)NC(=O)C)OC,CCN1C=C(C(=O)C2=C1C=C(C=C2)C3=CC=NC=C3)C(=O)O
Tolfenamic acid,Rosoxacin,Tolfenamic acid may increase the neuroexcitatory activities of Rosoxacin.,CC1=C(C=CC=C1Cl)NC2=CC=CC=C2C(=O)O,CCN1C=C(C(=O)C2=C1C=C(C=C2)C3=CC=NC=C3)C(=O)O
Lornoxicam,Rosoxacin,Lornoxicam may increase the neuroexcitatory activities of Rosoxacin.,CN1C(=C(C2=C(S1(=O)=O)C=C(S2)Cl)O)C(=O)NC3=CC=CC=N3,CCN1C=C(C(=O)C2=C1C=C(C=C2)C3=CC=NC=C3)C(=O)O
Bromfenac,Rosoxacin,Bromfenac may increase the neuroexcitatory activities of Rosoxacin.,C1=CC(=C(C(=C1)C(=O)C2=CC=C(C=C2)Br)N)CC(=O)O,CCN1C=C(C(=O)C2=C1C=C(C=C2)C3=CC=NC=C3)C(=O)O
Propacetamol,Rosoxacin,Propacetamol may increase the neuroexcitatory activities of Rosoxacin.,CCN(CC)CC(=O)OC1=CC=C(C=C1)NC(=O)C,CCN1C=C(C(=O)C2=C1C=C(C=C2)C3=CC=NC=C3)C(=O)O
Parecoxib,Rosoxacin,Parecoxib may increase the neuroexcitatory activities of Rosoxacin.,CCC(=O)NS(=O)(=O)C1=CC=C(C=C1)C2=C(ON=C2C3=CC=CC=C3)C,CCN1C=C(C(=O)C2=C1C=C(C=C2)C3=CC=NC=C3)C(=O)O
Phenylbutazone,Rosoxacin,Phenylbutazone may increase the neuroexcitatory activities of Rosoxacin.,CCCCC1C(=O)N(N(C1=O)C2=CC=CC=C2)C3=CC=CC=C3,CCN1C=C(C(=O)C2=C1C=C(C=C2)C3=CC=NC=C3)C(=O)O
Acemetacin,Rosoxacin,Acemetacin may increase the neuroexcitatory activities of Rosoxacin.,CC1=C(C2=C(N1C(=O)C3=CC=C(C=C3)Cl)C=CC(=C2)OC)CC(=O)OCC(=O)O,CCN1C=C(C(=O)C2=C1C=C(C=C2)C3=CC=NC=C3)C(=O)O
Teriflunomide,Rosoxacin,Teriflunomide may increase the neuroexcitatory activities of Rosoxacin.,CC(=C(C#N)C(=O)NC1=CC=C(C=C1)C(F)(F)F)O,CCN1C=C(C(=O)C2=C1C=C(C=C2)C3=CC=NC=C3)C(=O)O
Nabumetone,Rosoxacin,Nabumetone may increase the neuroexcitatory activities of Rosoxacin.,CC(=O)CCC1=CC2=C(C=C1)C=C(C=C2)OC,CCN1C=C(C(=O)C2=C1C=C(C=C2)C3=CC=NC=C3)C(=O)O
Epirizole,Rosoxacin,Epirizole may increase the neuroexcitatory activities of Rosoxacin.,CC1=CC(=NC(=N1)N2C(=CC(=N2)C)OC)OC,CCN1C=C(C(=O)C2=C1C=C(C=C2)C3=CC=NC=C3)C(=O)O
Ketorolac,Rosoxacin,Ketorolac may increase the neuroexcitatory activities of Rosoxacin.,C1CN2C(=CC=C2C(=O)C3=CC=CC=C3)C1C(=O)O,CCN1C=C(C(=O)C2=C1C=C(C=C2)C3=CC=NC=C3)C(=O)O
Salsalate,Rosoxacin,Salsalate may increase the neuroexcitatory activities of Rosoxacin.,C1=CC=C(C(=C1)C(=O)OC2=CC=CC=C2C(=O)O)O,CCN1C=C(C(=O)C2=C1C=C(C=C2)C3=CC=NC=C3)C(=O)O
Aceclofenac,Rosoxacin,Aceclofenac may increase the neuroexcitatory activities of Rosoxacin.,C1=CC=C(C(=C1)CC(=O)OCC(=O)O)NC2=C(C=CC=C2Cl)Cl,CCN1C=C(C(=O)C2=C1C=C(C=C2)C3=CC=NC=C3)C(=O)O
Niflumic acid,Rosoxacin,Niflumic acid may increase the neuroexcitatory activities of Rosoxacin.,C1=CC(=CC(=C1)NC2=C(C=CC=N2)C(=O)O)C(F)(F)F,CCN1C=C(C(=O)C2=C1C=C(C=C2)C3=CC=NC=C3)C(=O)O
Zaltoprofen,Rosoxacin,Zaltoprofen may increase the neuroexcitatory activities of Rosoxacin.,CC(C1=CC2=C(C=C1)SC3=CC=CC=C3C(=O)C2)C(=O)O,CCN1C=C(C(=O)C2=C1C=C(C=C2)C3=CC=NC=C3)C(=O)O
Naproxen,Rosoxacin,Naproxen may increase the neuroexcitatory activities of Rosoxacin.,CC(C1=CC2=C(C=C1)C=C(C=C2)OC)C(=O)O,CCN1C=C(C(=O)C2=C1C=C(C=C2)C3=CC=NC=C3)C(=O)O
Pimecrolimus,Rosoxacin,Pimecrolimus may increase the neuroexcitatory activities of Rosoxacin.,CCC1C=C(CC(CC(C2C(CC(C(O2)(C(=O)C(=O)N3CCCCC3C(=O)OC(C(C(CC1=O)O)C)C(=CC4CCC(C(C4)OC)Cl)C)O)C)OC)OC)C)C,CCN1C=C(C(=O)C2=C1C=C(C=C2)C3=CC=NC=C3)C(=O)O
Antipyrine,Rosoxacin,Antipyrine may increase the neuroexcitatory activities of Rosoxacin.,CC1=CC(=O)N(N1C)C2=CC=CC=C2,CCN1C=C(C(=O)C2=C1C=C(C=C2)C3=CC=NC=C3)C(=O)O
Meloxicam,Rosoxacin,Meloxicam may increase the neuroexcitatory activities of Rosoxacin.,CC1=CN=C(S1)NC(=O)C2=C(C3=CC=CC=C3S(=O)(=O)N2C)O,CCN1C=C(C(=O)C2=C1C=C(C=C2)C3=CC=NC=C3)C(=O)O
Clonixin,Rosoxacin,Clonixin may increase the neuroexcitatory activities of Rosoxacin.,CC1=C(C=CC=C1Cl)NC2=C(C=CC=N2)C(=O)O,CCN1C=C(C(=O)C2=C1C=C(C=C2)C3=CC=NC=C3)C(=O)O
Piroxicam,Rosoxacin,Piroxicam may increase the neuroexcitatory activities of Rosoxacin.,CN1C(=C(C2=CC=CC=C2S1(=O)=O)O)C(=O)NC3=CC=CC=N3,CCN1C=C(C(=O)C2=C1C=C(C=C2)C3=CC=NC=C3)C(=O)O
Fenoprofen,Rosoxacin,Fenoprofen may increase the neuroexcitatory activities of Rosoxacin.,CC(C1=CC(=CC=C1)OC2=CC=CC=C2)C(=O)O,CCN1C=C(C(=O)C2=C1C=C(C=C2)C3=CC=NC=C3)C(=O)O
Oxaprozin,Rosoxacin,Oxaprozin may increase the neuroexcitatory activities of Rosoxacin.,C1=CC=C(C=C1)C2=C(OC(=N2)CCC(=O)O)C3=CC=CC=C3,CCN1C=C(C(=O)C2=C1C=C(C=C2)C3=CC=NC=C3)C(=O)O
Salicylamide,Rosoxacin,Salicylamide may increase the neuroexcitatory activities of Rosoxacin.,C1=CC=C(C(=C1)C(=O)N)O,CCN1C=C(C(=O)C2=C1C=C(C=C2)C3=CC=NC=C3)C(=O)O
Loxoprofen,Rosoxacin,Loxoprofen may increase the neuroexcitatory activities of Rosoxacin.,CC(C1=CC=C(C=C1)CC2CCCC2=O)C(=O)O,CCN1C=C(C(=O)C2=C1C=C(C=C2)C3=CC=NC=C3)C(=O)O
Zileuton,Rosoxacin,Zileuton may increase the neuroexcitatory activities of Rosoxacin.,CC(C1=CC2=CC=CC=C2S1)N(C(=O)N)O,CCN1C=C(C(=O)C2=C1C=C(C=C2)C3=CC=NC=C3)C(=O)O
Floctafenine,Rosoxacin,Floctafenine may increase the neuroexcitatory activities of Rosoxacin.,C1=CC=C(C(=C1)C(=O)OCC(CO)O)NC2=C3C=CC=C(C3=NC=C2)C(F)(F)F,CCN1C=C(C(=O)C2=C1C=C(C=C2)C3=CC=NC=C3)C(=O)O
Ibuprofen,Rosoxacin,Ibuprofen may increase the neuroexcitatory activities of Rosoxacin.,CC(C)CC1=CC=C(C=C1)C(C)C(=O)O,CCN1C=C(C(=O)C2=C1C=C(C=C2)C3=CC=NC=C3)C(=O)O
Etofenamate,Rosoxacin,Etofenamate may increase the neuroexcitatory activities of Rosoxacin.,C1=CC=C(C(=C1)C(=O)OCCOCCO)NC2=CC=CC(=C2)C(F)(F)F,CCN1C=C(C(=O)C2=C1C=C(C=C2)C3=CC=NC=C3)C(=O)O
Diclofenac,Rosoxacin,Diclofenac may increase the neuroexcitatory activities of Rosoxacin.,C1=CC=C(C(=C1)CC(=O)O)NC2=C(C=CC=C2Cl)Cl,CCN1C=C(C(=O)C2=C1C=C(C=C2)C3=CC=NC=C3)C(=O)O
Nepafenac,Rosoxacin,Nepafenac may increase the neuroexcitatory activities of Rosoxacin.,C1=CC=C(C=C1)C(=O)C2=CC=CC(=C2N)CC(=O)N,CCN1C=C(C(=O)C2=C1C=C(C=C2)C3=CC=NC=C3)C(=O)O
Sulfasalazine,Rosoxacin,Sulfasalazine may increase the neuroexcitatory activities of Rosoxacin.,C1=CC=NC(=C1)NS(=O)(=O)C2=CC=C(C=C2)N=NC3=CC(=C(C=C3)O)C(=O)O,CCN1C=C(C(=O)C2=C1C=C(C=C2)C3=CC=NC=C3)C(=O)O
Benzydamine,Rosoxacin,Benzydamine may increase the neuroexcitatory activities of Rosoxacin.,CN(C)CCCOC1=NN(C2=CC=CC=C21)CC3=CC=CC=C3,CCN1C=C(C(=O)C2=C1C=C(C=C2)C3=CC=NC=C3)C(=O)O
Ketoprofen,Rosoxacin,Ketoprofen may increase the neuroexcitatory activities of Rosoxacin.,CC(C1=CC(=CC=C1)C(=O)C2=CC=CC=C2)C(=O)O,CCN1C=C(C(=O)C2=C1C=C(C=C2)C3=CC=NC=C3)C(=O)O
Mefenamic acid,Rosoxacin,Mefenamic acid may increase the neuroexcitatory activities of Rosoxacin.,CC1=C(C(=CC=C1)NC2=CC=CC=C2C(=O)O)C,CCN1C=C(C(=O)C2=C1C=C(C=C2)C3=CC=NC=C3)C(=O)O
Adapalene,Rosoxacin,Adapalene may increase the neuroexcitatory activities of Rosoxacin.,COC1=C(C=C(C=C1)C2=CC3=C(C=C2)C=C(C=C3)C(=O)O)C45CC6CC(C4)CC(C6)C5,CCN1C=C(C(=O)C2=C1C=C(C=C2)C3=CC=NC=C3)C(=O)O
Magnesium salicylate,Rosoxacin,The serum concentration of Rosoxacin can be decreased when it is combined with Magnesium salicylate.,C1=CC=C(C(=C1)C(=O)O)[O-].C1=CC=C(C(=C1)C(=O)O)[O-].[Mg+2],CCN1C=C(C(=O)C2=C1C=C(C=C2)C3=CC=NC=C3)C(=O)O
Quinapril,Rosoxacin,The serum concentration of Rosoxacin can be decreased when it is combined with Quinapril.,CCOC(=O)C(CCC1=CC=CC=C1)NC(C)C(=O)N2CC3=CC=CC=C3CC2C(=O)O,CCN1C=C(C(=O)C2=C1C=C(C=C2)C3=CC=NC=C3)C(=O)O
Theophylline,Rosoxacin,The metabolism of Rosoxacin can be decreased when combined with Theophylline.,CN1C2=C(C(=O)N(C1=O)C)NC=N2,CCN1C=C(C(=O)C2=C1C=C(C=C2)C3=CC=NC=C3)C(=O)O
Dyphylline,Rosoxacin,The metabolism of Rosoxacin can be decreased when combined with Dyphylline.,CN1C2=C(C(=O)N(C1=O)C)N(C=N2)CC(CO)O,CCN1C=C(C(=O)C2=C1C=C(C=C2)C3=CC=NC=C3)C(=O)O
Aminophylline,Rosoxacin,The metabolism of Rosoxacin can be decreased when combined with Aminophylline.,CN1C2=C(C(=O)N(C1=O)C)NC=N2.CN1C2=C(C(=O)N(C1=O)C)NC=N2.C(CN)N,CCN1C=C(C(=O)C2=C1C=C(C=C2)C3=CC=NC=C3)C(=O)O
Varenicline,Rosoxacin,The serum concentration of Rosoxacin can be increased when it is combined with Varenicline.,C1C2CNCC1C3=CC4=NC=CN=C4C=C23,CCN1C=C(C(=O)C2=C1C=C(C=C2)C3=CC=NC=C3)C(=O)O
Iron,Rosoxacin,The serum concentration of Rosoxacin can be decreased when it is combined with Iron.,[Fe],CCN1C=C(C(=O)C2=C1C=C(C=C2)C3=CC=NC=C3)C(=O)O
Ferric pyrophosphate,Rosoxacin,The serum concentration of Rosoxacin can be decreased when it is combined with Ferric pyrophosphate.,[O-]P(=O)([O-])OP(=O)([O-])[O-].[O-]P(=O)([O-])OP(=O)([O-])[O-].[O-]P(=O)([O-])OP(=O)([O-])[O-].[Fe+3].[Fe+3].[Fe+3].[Fe+3],CCN1C=C(C(=O)C2=C1C=C(C=C2)C3=CC=NC=C3)C(=O)O
Lanthanum carbonate,Rosoxacin,The serum concentration of Rosoxacin can be decreased when it is combined with Lanthanum carbonate.,C(=O)([O-])[O-].C(=O)([O-])[O-].C(=O)([O-])[O-].[La+3].[La+3],CCN1C=C(C(=O)C2=C1C=C(C=C2)C3=CC=NC=C3)C(=O)O
Strontium ranelate,Rosoxacin,The serum concentration of Rosoxacin can be decreased when it is combined with Strontium ranelate.,C(C1=C(SC(=C1C#N)N(CC(=O)[O-])CC(=O)[O-])C(=O)[O-])C(=O)[O-].[Sr+2].[Sr+2],CCN1C=C(C(=O)C2=C1C=C(C=C2)C3=CC=NC=C3)C(=O)O
Tiaprofenic acid,Levofloxacin,Tiaprofenic acid may increase the neuroexcitatory activities of Levofloxacin.,CC(C1=CC=C(S1)C(=O)C2=CC=CC=C2)C(=O)O,CC1COC2=C3N1C=C(C(=O)C3=CC(=C2N4CCN(CC4)C)F)C(=O)O
Carprofen,Levofloxacin,Carprofen may increase the neuroexcitatory activities of Levofloxacin.,CC(C1=CC2=C(C=C1)C3=C(N2)C=CC(=C3)Cl)C(=O)O,CC1COC2=C3N1C=C(C(=O)C3=CC(=C2N4CCN(CC4)C)F)C(=O)O
Cyclophosphamide,Levofloxacin,Cyclophosphamide may increase the cardiotoxic activities of Levofloxacin.,C1CNP(=O)(OC1)N(CCCl)CCCl,CC1COC2=C3N1C=C(C(=O)C3=CC(=C2N4CCN(CC4)C)F)C(=O)O
Paclitaxel,Levofloxacin,The risk or severity of adverse effects can be increased when Paclitaxel is combined with Levofloxacin.,CC1=C2C(C(=O)C3(C(CC4C(C3C(C(C2(C)C)(CC1OC(=O)C(C(C5=CC=CC=C5)NC(=O)C6=CC=CC=C6)O)O)OC(=O)C7=CC=CC=C7)(CO4)OC(=O)C)O)C)OC(=O)C,CC1COC2=C3N1C=C(C(=O)C3=CC(=C2N4CCN(CC4)C)F)C(=O)O
Docetaxel,Levofloxacin,The risk or severity of adverse effects can be increased when Docetaxel is combined with Levofloxacin.,CC1=C2C(C(=O)C3(C(CC4C(C3C(C(C2(C)C)(CC1OC(=O)C(C(C5=CC=CC=C5)NC(=O)OC(C)(C)C)O)O)OC(=O)C6=CC=CC=C6)(CO4)OC(=O)C)O)C)O,CC1COC2=C3N1C=C(C(=O)C3=CC(=C2N4CCN(CC4)C)F)C(=O)O
Cabazitaxel,Levofloxacin,The risk or severity of adverse effects can be increased when Cabazitaxel is combined with Levofloxacin.,CC1=C2C(C(=O)C3(C(CC4C(C3C(C(C2(C)C)(CC1OC(=O)C(C(C5=CC=CC=C5)NC(=O)OC(C)(C)C)O)O)OC(=O)C6=CC=CC=C6)(CO4)OC(=O)C)OC)C)OC,CC1COC2=C3N1C=C(C(=O)C3=CC(=C2N4CCN(CC4)C)F)C(=O)O
Rifaximin,Levofloxacin,The serum concentration of Levofloxacin can be increased when it is combined with Rifaximin.,CC1C=CC=C(C(=O)NC2=C(C3=C(C4=C(C(=C3O)C)OC(C4=O)(OC=CC(C(C(C(C(C(C1O)C)O)C)OC(=O)C)C)OC)C)C5=C2N6C=CC(=CC6=N5)C)O)C,CC1COC2=C3N1C=C(C(=O)C3=CC(=C2N4CCN(CC4)C)F)C(=O)O
Lumacaftor,Levofloxacin,The serum concentration of Levofloxacin can be decreased when it is combined with Lumacaftor.,CC1=C(N=C(C=C1)NC(=O)C2(CC2)C3=CC4=C(C=C3)OC(O4)(F)F)C5=CC(=CC=C5)C(=O)O,CC1COC2=C3N1C=C(C(=O)C3=CC(=C2N4CCN(CC4)C)F)C(=O)O
Silodosin,Levofloxacin,The serum concentration of Levofloxacin can be increased when it is combined with Silodosin.,CC(CC1=CC2=C(C(=C1)C(=O)N)N(CC2)CCCO)NCCOC3=CC=CC=C3OCC(F)(F)F,CC1COC2=C3N1C=C(C(=O)C3=CC(=C2N4CCN(CC4)C)F)C(=O)O
Edoxaban,Levofloxacin,The serum concentration of Levofloxacin can be increased when it is combined with Edoxaban.,CN1CCC2=C(C1)SC(=N2)C(=O)NC3CC(CCC3NC(=O)C(=O)NC4=NC=C(C=C4)Cl)C(=O)N(C)C,CC1COC2=C3N1C=C(C(=O)C3=CC(=C2N4CCN(CC4)C)F)C(=O)O
Anagrelide,Levofloxacin,Anagrelide may increase the QTc-prolonging activities of Levofloxacin.,C1C2=C(C=CC(=C2Cl)Cl)N=C3N1CC(=O)N3,CC1COC2=C3N1C=C(C(=O)C3=CC(=C2N4CCN(CC4)C)F)C(=O)O
Acarbose,Levofloxacin,Acarbose may increase the hypoglycemic activities of Levofloxacin.,CC1C(C(C(C(O1)OC2C(OC(C(C2O)O)OC(C(CO)O)C(C(C=O)O)O)CO)O)O)NC3C=C(C(C(C3O)O)O)CO,CC1COC2=C3N1C=C(C(=O)C3=CC(=C2N4CCN(CC4)C)F)C(=O)O
Crizotinib,Levofloxacin,Crizotinib may increase the QTc-prolonging activities of Levofloxacin.,CC(C1=C(C=CC(=C1Cl)F)Cl)OC2=C(N=CC(=C2)C3=CN(N=C3)C4CCNCC4)N,CC1COC2=C3N1C=C(C(=O)C3=CC(=C2N4CCN(CC4)C)F)C(=O)O
Prednisolone,Levofloxacin,The risk or severity of adverse effects can be increased when Prednisolone is combined with Levofloxacin.,CC12CC(C3C(C1CCC2(C(=O)CO)O)CCC4=CC(=O)C=CC34C)O,CC1COC2=C3N1C=C(C(=O)C3=CC(=C2N4CCN(CC4)C)F)C(=O)O
Panobinostat,Levofloxacin,Panobinostat may increase the QTc-prolonging activities of Levofloxacin.,CC1=C(C2=CC=CC=C2N1)CCNCC3=CC=C(C=C3)C=CC(=O)NO,CC1COC2=C3N1C=C(C(=O)C3=CC(=C2N4CCN(CC4)C)F)C(=O)O
Nilotinib,Levofloxacin,Nilotinib may increase the QTc-prolonging activities of Levofloxacin.,CC1=C(C=C(C=C1)C(=O)NC2=CC(=CC(=C2)C(F)(F)F)N3C=C(N=C3)C)NC4=NC=CC(=N4)C5=CN=CC=C5,CC1COC2=C3N1C=C(C(=O)C3=CC(=C2N4CCN(CC4)C)F)C(=O)O
Dexamethasone,Levofloxacin,The risk or severity of adverse effects can be increased when Dexamethasone is combined with Levofloxacin.,CC1CC2C3CCC4=CC(=O)C=CC4(C3(C(CC2(C1(C(=O)CO)O)C)O)F)C,CC1COC2=C3N1C=C(C(=O)C3=CC(=C2N4CCN(CC4)C)F)C(=O)O
Cabergoline,Levofloxacin,The risk or severity of adverse effects can be increased when Cabergoline is combined with Levofloxacin.,CCNC(=O)N(CCCN(C)C)C(=O)C1CC2C(CC3=CNC4=CC=CC2=C34)N(C1)CC=C,CC1COC2=C3N1C=C(C(=O)C3=CC(=C2N4CCN(CC4)C)F)C(=O)O
Pazopanib,Levofloxacin,The serum concentration of Levofloxacin can be increased when it is combined with Pazopanib.,CC1=C(C=C(C=C1)NC2=NC=CC(=N2)N(C)C3=CC4=NN(C(=C4C=C3)C)C)S(=O)(=O)N,CC1COC2=C3N1C=C(C(=O)C3=CC(=C2N4CCN(CC4)C)F)C(=O)O
Gemifloxacin,Levofloxacin,Gemifloxacin may increase the QTc-prolonging activities of Levofloxacin.,CON=C1CN(CC1CN)C2=C(C=C3C(=O)C(=CN(C3=N2)C4CC4)C(=O)O)F,CC1COC2=C3N1C=C(C(=O)C3=CC(=C2N4CCN(CC4)C)F)C(=O)O
Lenvatinib,Levofloxacin,Lenvatinib may increase the QTc-prolonging activities of Levofloxacin.,COC1=CC2=NC=CC(=C2C=C1C(=O)N)OC3=CC(=C(C=C3)NC(=O)NC4CC4)Cl,CC1COC2=C3N1C=C(C(=O)C3=CC(=C2N4CCN(CC4)C)F)C(=O)O
Ofloxacin,Levofloxacin,Ofloxacin may increase the QTc-prolonging activities of Levofloxacin.,CC1COC2=C3N1C=C(C(=O)C3=CC(=C2N4CCN(CC4)C)F)C(=O)O,CC1COC2=C3N1C=C(C(=O)C3=CC(=C2N4CCN(CC4)C)F)C(=O)O
Toremifene,Levofloxacin,Toremifene may increase the QTc-prolonging activities of Levofloxacin.,CN(C)CCOC1=CC=C(C=C1)C(=C(CCCl)C2=CC=CC=C2)C3=CC=CC=C3,CC1COC2=C3N1C=C(C(=O)C3=CC(=C2N4CCN(CC4)C)F)C(=O)O
Arsenic trioxide,Levofloxacin,Arsenic trioxide may increase the QTc-prolonging activities of Levofloxacin.,[O-2].[O-2].[O-2].[As+3].[As+3],CC1COC2=C3N1C=C(C(=O)C3=CC(=C2N4CCN(CC4)C)F)C(=O)O
Doxorubicin,Levofloxacin,The serum concentration of Levofloxacin can be increased when it is combined with Doxorubicin.,CC1C(C(CC(O1)OC2CC(CC3=C2C(=C4C(=C3O)C(=O)C5=C(C4=O)C(=CC=C5)OC)O)(C(=O)CO)O)N)O,CC1COC2=C3N1C=C(C(=O)C3=CC(=C2N4CCN(CC4)C)F)C(=O)O
Prednisone,Levofloxacin,The risk or severity of adverse effects can be increased when Prednisone is combined with Levofloxacin.,CC12CC(=O)C3C(C1CCC2(C(=O)CO)O)CCC4=CC(=O)C=CC34C,CC1COC2=C3N1C=C(C(=O)C3=CC(=C2N4CCN(CC4)C)F)C(=O)O
Methylprednisolone,Levofloxacin,The risk or severity of adverse effects can be increased when Methylprednisolone is combined with Levofloxacin.,CC1CC2C3CCC(C3(CC(C2C4(C1=CC(=O)C=C4)C)O)C)(C(=O)CO)O,CC1COC2=C3N1C=C(C(=O)C3=CC(=C2N4CCN(CC4)C)F)C(=O)O
Formestane,Levofloxacin,The risk or severity of adverse effects can be increased when Formestane is combined with Levofloxacin.,CC12CCC(=O)C(=C1CCC3C2CCC4(C3CCC4=O)C)O,CC1COC2=C3N1C=C(C(=O)C3=CC(=C2N4CCN(CC4)C)F)C(=O)O
Vincristine,Levofloxacin,The serum concentration of Levofloxacin can be increased when it is combined with Vincristine.,CCC1(CC2CC(C3=C(CCN(C2)C1)C4=CC=CC=C4N3)(C5=C(C=C6C(=C5)C78CCN9C7C(C=CC9)(C(C(C8N6C=O)(C(=O)OC)O)OC(=O)C)CC)OC)C(=O)OC)O,CC1COC2=C3N1C=C(C(=O)C3=CC(=C2N4CCN(CC4)C)F)C(=O)O
Everolimus,Levofloxacin,The serum concentration of Levofloxacin can be increased when it is combined with Everolimus.,CC1CCC2CC(C(=CC=CC=CC(CC(C(=O)C(C(C(=CC(C(=O)CC(OC(=O)C3CCCCN3C(=O)C(=O)C1(O2)O)C(C)CC4CCC(C(C4)OC)OCCO)C)C)O)OC)C)C)C)OC,CC1COC2=C3N1C=C(C(=O)C3=CC(=C2N4CCN(CC4)C)F)C(=O)O
Ibrutinib,Levofloxacin,The serum concentration of Levofloxacin can be increased when it is combined with Ibrutinib.,C=CC(=O)N1CCCC(C1)N2C3=NC=NC(=C3C(=N2)C4=CC=C(C=C4)OC5=CC=CC=C5)N,CC1COC2=C3N1C=C(C(=O)C3=CC(=C2N4CCN(CC4)C)F)C(=O)O
Topotecan,Levofloxacin,The serum concentration of Levofloxacin can be increased when it is combined with Topotecan.,CCC1(C2=C(COC1=O)C(=O)N3CC4=CC5=C(C=CC(=C5CN(C)C)O)N=C4C3=C2)O,CC1COC2=C3N1C=C(C(=O)C3=CC(=C2N4CCN(CC4)C)F)C(=O)O
Colchicine,Levofloxacin,The serum concentration of Levofloxacin can be increased when it is combined with Colchicine.,CC(=O)NC1CCC2=CC(=C(C(=C2C3=CC=C(C(=O)C=C13)OC)OC)OC)OC,CC1COC2=C3N1C=C(C(=O)C3=CC(=C2N4CCN(CC4)C)F)C(=O)O
Naloxegol,Levofloxacin,The serum concentration of Levofloxacin can be increased when it is combined with Naloxegol.,COCCOCCOCCOCCOCCOCCOCCOC1CCC2(C3CC4=C5C2(C1OC5=C(C=C4)O)CCN3CC=C)O,CC1COC2=C3N1C=C(C(=O)C3=CC(=C2N4CCN(CC4)C)F)C(=O)O
Bosutinib,Levofloxacin,The serum concentration of Levofloxacin can be increased when it is combined with Bosutinib.,CN1CCN(CC1)CCCOC2=C(C=C3C(=C2)N=CC(=C3NC4=CC(=C(C=C4Cl)Cl)OC)C#N)OC,CC1COC2=C3N1C=C(C(=O)C3=CC(=C2N4CCN(CC4)C)F)C(=O)O
Nintedanib,Levofloxacin,The serum concentration of Levofloxacin can be increased when it is combined with Nintedanib.,CN1CCN(CC1)CC(=O)N(C)C2=CC=C(C=C2)N=C(C3=CC=CC=C3)C4=C(NC5=C4C=CC(=C5)C(=O)OC)O,CC1COC2=C3N1C=C(C(=O)C3=CC(=C2N4CCN(CC4)C)F)C(=O)O
Ledipasvir,Levofloxacin,The serum concentration of Levofloxacin can be increased when it is combined with Ledipasvir.,CC(C)C(C(=O)N1CC2(CC2)CC1C3=NC=C(N3)C4=CC5=C(C=C4)C6=C(C5(F)F)C=C(C=C6)C7=CC8=C(C=C7)N=C(N8)C9C1CCC(C1)N9C(=O)C(C(C)C)NC(=O)OC)NC(=O)OC,CC1COC2=C3N1C=C(C(=O)C3=CC(=C2N4CCN(CC4)C)F)C(=O)O
Prucalopride,Levofloxacin,The serum concentration of Levofloxacin can be increased when it is combined with Prucalopride.,COCCCN1CCC(CC1)NC(=O)C2=CC(=C(C3=C2OCC3)N)Cl,CC1COC2=C3N1C=C(C(=O)C3=CC(=C2N4CCN(CC4)C)F)C(=O)O
Mesalazine,Levofloxacin,Mesalazine may increase the neuroexcitatory activities of Levofloxacin.,C1=CC(=C(C=C1N)C(=O)O)O,CC1COC2=C3N1C=C(C(=O)C3=CC(=C2N4CCN(CC4)C)F)C(=O)O
Balsalazide,Levofloxacin,Balsalazide may increase the neuroexcitatory activities of Levofloxacin.,C1=CC(=CC=C1C(=O)NCCC(=O)O)N=NC2=CC(=C(C=C2)O)C(=O)O,CC1COC2=C3N1C=C(C(=O)C3=CC(=C2N4CCN(CC4)C)F)C(=O)O
Olsalazine,Levofloxacin,Olsalazine may increase the neuroexcitatory activities of Levofloxacin.,C1=CC(=C(C=C1N=NC2=CC(=C(C=C2)O)C(=O)O)C(=O)O)O,CC1COC2=C3N1C=C(C(=O)C3=CC(=C2N4CCN(CC4)C)F)C(=O)O
Resveratrol,Levofloxacin,Resveratrol may increase the neuroexcitatory activities of Levofloxacin.,C1=CC(=CC=C1C=CC2=CC(=CC(=C2)O)O)O,CC1COC2=C3N1C=C(C(=O)C3=CC(=C2N4CCN(CC4)C)F)C(=O)O
Vandetanib,Levofloxacin,Vandetanib may increase the QTc-prolonging activities of Levofloxacin.,CN1CCC(CC1)COC2=C(C=C3C(=C2)N=CN=C3NC4=C(C=C(C=C4)Br)F)OC,CC1COC2=C3N1C=C(C(=O)C3=CC(=C2N4CCN(CC4)C)F)C(=O)O
Sotalol,Levofloxacin,Sotalol may increase the QTc-prolonging activities of Levofloxacin.,CC(C)NCC(C1=CC=C(C=C1)NS(=O)(=O)C)O,CC1COC2=C3N1C=C(C(=O)C3=CC(=C2N4CCN(CC4)C)F)C(=O)O
Masoprocol,Levofloxacin,Masoprocol may increase the neuroexcitatory activities of Levofloxacin.,CC(CC1=CC(=C(C=C1)O)O)C(C)CC2=CC(=C(C=C2)O)O,CC1COC2=C3N1C=C(C(=O)C3=CC(=C2N4CCN(CC4)C)F)C(=O)O
Sulindac,Levofloxacin,Sulindac may increase the neuroexcitatory activities of Levofloxacin.,CC1=C(C2=C(C1=CC3=CC=C(C=C3)S(=O)C)C=CC(=C2)F)CC(=O)O,CC1COC2=C3N1C=C(C(=O)C3=CC(=C2N4CCN(CC4)C)F)C(=O)O
Pirfenidone,Levofloxacin,Pirfenidone may increase the neuroexcitatory activities of Levofloxacin.,CC1=CN(C(=O)C=C1)C2=CC=CC=C2,CC1COC2=C3N1C=C(C(=O)C3=CC(=C2N4CCN(CC4)C)F)C(=O)O
Mycophenolate mofetil,Levofloxacin,Mycophenolate mofetil may increase the neuroexcitatory activities of Levofloxacin.,CC1=C2COC(=O)C2=C(C(=C1OC)CC=C(C)CCC(=O)OCCN3CCOCC3)O,CC1COC2=C3N1C=C(C(=O)C3=CC(=C2N4CCN(CC4)C)F)C(=O)O
Leflunomide,Levofloxacin,Leflunomide may increase the neuroexcitatory activities of Levofloxacin.,CC1=C(C=NO1)C(=O)NC2=CC=C(C=C2)C(F)(F)F,CC1COC2=C3N1C=C(C(=O)C3=CC(=C2N4CCN(CC4)C)F)C(=O)O
Afatinib,Levofloxacin,The serum concentration of Levofloxacin can be increased when it is combined with Afatinib.,CN(C)CC=CC(=O)NC1=C(C=C2C(=C1)C(=NC=N2)NC3=CC(=C(C=C3)F)Cl)OC4CCOC4,CC1COC2=C3N1C=C(C(=O)C3=CC(=C2N4CCN(CC4)C)F)C(=O)O
Ceritinib,Levofloxacin,Ceritinib may increase the QTc-prolonging activities of Levofloxacin.,CC1=CC(=C(C=C1C2CCNCC2)OC(C)C)NC3=NC=C(C(=N3)NC4=CC=CC=C4S(=O)(=O)C(C)C)Cl,CC1COC2=C3N1C=C(C(=O)C3=CC(=C2N4CCN(CC4)C)F)C(=O)O
Warfarin,Levofloxacin,Warfarin may increase the anticoagulant activities of Levofloxacin.,CC(=O)CC(C1=CC=CC=C1)C2=C(C3=CC=CC=C3OC2=O)O,CC1COC2=C3N1C=C(C(=O)C3=CC(=C2N4CCN(CC4)C)F)C(=O)O
Phenprocoumon,Levofloxacin,Phenprocoumon may increase the anticoagulant activities of Levofloxacin.,CCC(C1=CC=CC=C1)C2=C(C3=CC=CC=C3OC2=O)O,CC1COC2=C3N1C=C(C(=O)C3=CC(=C2N4CCN(CC4)C)F)C(=O)O
Phenindione,Levofloxacin,Phenindione may increase the anticoagulant activities of Levofloxacin.,C1=CC=C(C=C1)C2C(=O)C3=CC=CC=C3C2=O,CC1COC2=C3N1C=C(C(=O)C3=CC(=C2N4CCN(CC4)C)F)C(=O)O
Acenocoumarol,Levofloxacin,Acenocoumarol may increase the anticoagulant activities of Levofloxacin.,CC(=O)CC(C1=CC=C(C=C1)[N+](=O)[O-])C2=C(C3=CC=CC=C3OC2=O)O,CC1COC2=C3N1C=C(C(=O)C3=CC(=C2N4CCN(CC4)C)F)C(=O)O
Dicoumarol,Levofloxacin,Dicoumarol may increase the anticoagulant activities of Levofloxacin.,C1=CC=C2C(=C1)C(=C(C(=O)O2)CC3=C(C4=CC=CC=C4OC3=O)O)O,CC1COC2=C3N1C=C(C(=O)C3=CC(=C2N4CCN(CC4)C)F)C(=O)O
Nafamostat,Levofloxacin,Nafamostat may increase the neuroexcitatory activities of Levofloxacin.,C1=CC(=CC=C1C(=O)OC2=CC3=C(C=C2)C=C(C=C3)C(=N)N)N=C(N)N,CC1COC2=C3N1C=C(C(=O)C3=CC(=C2N4CCN(CC4)C)F)C(=O)O
Rosiglitazone,Levofloxacin,Rosiglitazone may increase the hypoglycemic activities of Levofloxacin.,CN(CCOC1=CC=C(C=C1)CC2C(=O)NC(=O)S2)C3=CC=CC=N3,CC1COC2=C3N1C=C(C(=O)C3=CC(=C2N4CCN(CC4)C)F)C(=O)O
Nimesulide,Levofloxacin,Nimesulide may increase the neuroexcitatory activities of Levofloxacin.,CS(=O)(=O)NC1=C(C=C(C=C1)[N+](=O)[O-])OC2=CC=CC=C2,CC1COC2=C3N1C=C(C(=O)C3=CC(=C2N4CCN(CC4)C)F)C(=O)O
Acetylsalicylic acid,Levofloxacin,Acetylsalicylic acid may increase the neuroexcitatory activities of Levofloxacin.,CC(=O)OC1=CC=CC=C1C(=O)O,CC1COC2=C3N1C=C(C(=O)C3=CC(=C2N4CCN(CC4)C)F)C(=O)O
Diflunisal,Levofloxacin,Diflunisal may increase the neuroexcitatory activities of Levofloxacin.,C1=CC(=C(C=C1C2=C(C=C(C=C2)F)F)C(=O)O)O,CC1COC2=C3N1C=C(C(=O)C3=CC(=C2N4CCN(CC4)C)F)C(=O)O
Azelastine,Levofloxacin,Azelastine may increase the neuroexcitatory activities of Levofloxacin.,CN1CCCC(CC1)N2C(=O)C3=CC=CC=C3C(=N2)CC4=CC=C(C=C4)Cl,CC1COC2=C3N1C=C(C(=O)C3=CC(=C2N4CCN(CC4)C)F)C(=O)O
Tranilast,Levofloxacin,Tranilast may increase the neuroexcitatory activities of Levofloxacin.,COC1=C(C=C(C=C1)C=CC(=O)NC2=CC=CC=C2C(=O)O)OC,CC1COC2=C3N1C=C(C(=O)C3=CC(=C2N4CCN(CC4)C)F)C(=O)O
Chlorpropamide,Levofloxacin,Chlorpropamide may increase the hypoglycemic activities of Levofloxacin.,CCCNC(=O)NS(=O)(=O)C1=CC=C(C=C1)Cl,CC1COC2=C3N1C=C(C(=O)C3=CC(=C2N4CCN(CC4)C)F)C(=O)O
Canagliflozin,Levofloxacin,Canagliflozin may increase the hypoglycemic activities of Levofloxacin.,CC1=C(C=C(C=C1)C2C(C(C(C(O2)CO)O)O)O)CC3=CC=C(S3)C4=CC=C(C=C4)F,CC1COC2=C3N1C=C(C(=O)C3=CC(=C2N4CCN(CC4)C)F)C(=O)O
Glipizide,Levofloxacin,Glipizide may increase the hypoglycemic activities of Levofloxacin.,CC1=CN=C(C=N1)C(=O)NCCC2=CC=C(C=C2)S(=O)(=O)NC(=O)NC3CCCCC3,CC1COC2=C3N1C=C(C(=O)C3=CC(=C2N4CCN(CC4)C)F)C(=O)O
Disopyramide,Levofloxacin,Disopyramide may increase the hypoglycemic activities of Levofloxacin.,CC(C)N(CCC(C1=CC=CC=C1)(C2=CC=CC=N2)C(=O)N)C(C)C,CC1COC2=C3N1C=C(C(=O)C3=CC(=C2N4CCN(CC4)C)F)C(=O)O
Tolbutamide,Levofloxacin,Tolbutamide may increase the hypoglycemic activities of Levofloxacin.,CCCCNC(=O)NS(=O)(=O)C1=CC=C(C=C1)C,CC1COC2=C3N1C=C(C(=O)C3=CC(=C2N4CCN(CC4)C)F)C(=O)O
Miglitol,Levofloxacin,Miglitol may increase the hypoglycemic activities of Levofloxacin.,C1C(C(C(C(N1CCO)CO)O)O)O,CC1COC2=C3N1C=C(C(=O)C3=CC(=C2N4CCN(CC4)C)F)C(=O)O
Sitagliptin,Levofloxacin,Sitagliptin may increase the hypoglycemic activities of Levofloxacin.,C1CN2C(=NN=C2C(F)(F)F)CN1C(=O)CC(CC3=CC(=C(C=C3F)F)F)N,CC1COC2=C3N1C=C(C(=O)C3=CC(=C2N4CCN(CC4)C)F)C(=O)O
Dapagliflozin,Levofloxacin,Dapagliflozin may increase the hypoglycemic activities of Levofloxacin.,CCOC1=CC=C(C=C1)CC2=C(C=CC(=C2)C3C(C(C(C(O3)CO)O)O)O)Cl,CC1COC2=C3N1C=C(C(=O)C3=CC(=C2N4CCN(CC4)C)F)C(=O)O
Alogliptin,Levofloxacin,Alogliptin may increase the hypoglycemic activities of Levofloxacin.,CN1C(=O)C=C(N(C1=O)CC2=CC=CC=C2C#N)N3CCCC(C3)N,CC1COC2=C3N1C=C(C(=O)C3=CC(=C2N4CCN(CC4)C)F)C(=O)O
Saxagliptin,Levofloxacin,Saxagliptin may increase the hypoglycemic activities of Levofloxacin.,C1C2CC2N(C1C#N)C(=O)C(C34CC5CC(C3)CC(C5)(C4)O)N,CC1COC2=C3N1C=C(C(=O)C3=CC(=C2N4CCN(CC4)C)F)C(=O)O
Sulfadiazine,Levofloxacin,Sulfadiazine may increase the hypoglycemic activities of Levofloxacin.,C1=CN=C(N=C1)NS(=O)(=O)C2=CC=C(C=C2)N,CC1COC2=C3N1C=C(C(=O)C3=CC(=C2N4CCN(CC4)C)F)C(=O)O
Nateglinide,Levofloxacin,Nateglinide may increase the hypoglycemic activities of Levofloxacin.,CC(C)C1CCC(CC1)C(=O)NC(CC2=CC=CC=C2)C(=O)O,CC1COC2=C3N1C=C(C(=O)C3=CC(=C2N4CCN(CC4)C)F)C(=O)O
Gliclazide,Levofloxacin,Gliclazide may increase the hypoglycemic activities of Levofloxacin.,CC1=CC=C(C=C1)S(=O)(=O)NC(=O)NN2CC3CCCC3C2,CC1COC2=C3N1C=C(C(=O)C3=CC(=C2N4CCN(CC4)C)F)C(=O)O
Pioglitazone,Levofloxacin,Pioglitazone may increase the hypoglycemic activities of Levofloxacin.,CCC1=CN=C(C=C1)CCOC2=CC=C(C=C2)CC3C(=O)NC(=O)S3,CC1COC2=C3N1C=C(C(=O)C3=CC(=C2N4CCN(CC4)C)F)C(=O)O
Quinine,Levofloxacin,Quinine may increase the hypoglycemic activities of Levofloxacin.,COC1=CC2=C(C=CN=C2C=C1)C(C3CC4CCN3CC4C=C)O,CC1COC2=C3N1C=C(C(=O)C3=CC(=C2N4CCN(CC4)C)F)C(=O)O
Metformin,Levofloxacin,Metformin may increase the hypoglycemic activities of Levofloxacin.,CN(C)C(=N)N=C(N)N,CC1COC2=C3N1C=C(C(=O)C3=CC(=C2N4CCN(CC4)C)F)C(=O)O
Tolazamide,Levofloxacin,Tolazamide may increase the hypoglycemic activities of Levofloxacin.,CC1=CC=C(C=C1)S(=O)(=O)NC(=O)NN2CCCCCC2,CC1COC2=C3N1C=C(C(=O)C3=CC(=C2N4CCN(CC4)C)F)C(=O)O
Glimepiride,Levofloxacin,Glimepiride may increase the hypoglycemic activities of Levofloxacin.,CCC1=C(CN(C1=O)C(=O)NCCC2=CC=C(C=C2)S(=O)(=O)NC(=O)NC3CCC(CC3)C)C,CC1COC2=C3N1C=C(C(=O)C3=CC(=C2N4CCN(CC4)C)F)C(=O)O
Empagliflozin,Levofloxacin,Empagliflozin may increase the hypoglycemic activities of Levofloxacin.,C1COCC1OC2=CC=C(C=C2)CC3=C(C=CC(=C3)C4C(C(C(C(O4)CO)O)O)O)Cl,CC1COC2=C3N1C=C(C(=O)C3=CC(=C2N4CCN(CC4)C)F)C(=O)O
Repaglinide,Levofloxacin,Repaglinide may increase the hypoglycemic activities of Levofloxacin.,CCOC1=C(C=CC(=C1)CC(=O)NC(CC(C)C)C2=CC=CC=C2N3CCCCC3)C(=O)O,CC1COC2=C3N1C=C(C(=O)C3=CC(=C2N4CCN(CC4)C)F)C(=O)O
Glyburide,Levofloxacin,Glyburide may increase the hypoglycemic activities of Levofloxacin.,COC1=C(C=C(C=C1)Cl)C(=O)NCCC2=CC=C(C=C2)S(=O)(=O)NC(=O)NC3CCCCC3,CC1COC2=C3N1C=C(C(=O)C3=CC(=C2N4CCN(CC4)C)F)C(=O)O
Bromocriptine,Levofloxacin,Bromocriptine may increase the hypoglycemic activities of Levofloxacin.,CC(C)CC1C(=O)N2CCCC2C3(N1C(=O)C(O3)(C(C)C)NC(=O)C4CN(C5CC6=C(NC7=CC=CC(=C67)C5=C4)Br)C)O,CC1COC2=C3N1C=C(C(=O)C3=CC(=C2N4CCN(CC4)C)F)C(=O)O
Seratrodast,Levofloxacin,Seratrodast may increase the neuroexcitatory activities of Levofloxacin.,CC1=C(C(=O)C(=C(C1=O)C)C(CCCCCC(=O)O)C2=CC=CC=C2)C,CC1COC2=C3N1C=C(C(=O)C3=CC(=C2N4CCN(CC4)C)F)C(=O)O
Celecoxib,Levofloxacin,Celecoxib may increase the neuroexcitatory activities of Levofloxacin.,CC1=CC=C(C=C1)C2=CC(=NN2C3=CC=C(C=C3)S(=O)(=O)N)C(F)(F)F,CC1COC2=C3N1C=C(C(=O)C3=CC(=C2N4CCN(CC4)C)F)C(=O)O
Salicylic acid,Levofloxacin,Salicylic acid may increase the neuroexcitatory activities of Levofloxacin.,C1=CC=C(C(=C1)C(=O)O)O,CC1COC2=C3N1C=C(C(=O)C3=CC(=C2N4CCN(CC4)C)F)C(=O)O
Naftifine,Levofloxacin,Naftifine may increase the neuroexcitatory activities of Levofloxacin.,CN(CC=CC1=CC=CC=C1)CC2=CC=CC3=CC=CC=C32,CC1COC2=C3N1C=C(C(=O)C3=CC(=C2N4CCN(CC4)C)F)C(=O)O
Fluticasone propionate,Levofloxacin,The risk or severity of adverse effects can be increased when Fluticasone propionate is combined with Levofloxacin.,CCC(=O)OC1(C(CC2C1(CC(C3(C2CC(C4=CC(=O)C=CC43C)F)F)O)C)C)C(=O)SCF,CC1COC2=C3N1C=C(C(=O)C3=CC(=C2N4CCN(CC4)C)F)C(=O)O
Magnesium sulfate,Levofloxacin,The serum concentration of Levofloxacin can be decreased when it is combined with Magnesium sulfate.,[O-]S(=O)(=O)[O-].[Mg+2],CC1COC2=C3N1C=C(C(=O)C3=CC(=C2N4CCN(CC4)C)F)C(=O)O
Olopatadine,Levofloxacin,Olopatadine may increase the neuroexcitatory activities of Levofloxacin.,CN(C)CCC=C1C2=CC=CC=C2COC3=C1C=C(C=C3)CC(=O)O,CC1COC2=C3N1C=C(C(=O)C3=CC(=C2N4CCN(CC4)C)F)C(=O)O
Fluticasone furoate,Levofloxacin,The risk or severity of adverse effects can be increased when Fluticasone furoate is combined with Levofloxacin.,CC1CC2C3CC(C4=CC(=O)C=CC4(C3(C(CC2(C1(C(=O)SCF)OC(=O)C5=CC=CO5)C)O)F)C)F,CC1COC2=C3N1C=C(C(=O)C3=CC(=C2N4CCN(CC4)C)F)C(=O)O
Prasterone,Levofloxacin,The risk or severity of adverse effects can be increased when Prasterone is combined with Levofloxacin.,CC12CCC3C(C1CCC2=O)CC=C4C3(CCC(C4)O)C,CC1COC2=C3N1C=C(C(=O)C3=CC(=C2N4CCN(CC4)C)F)C(=O)O
Diflorasone,Levofloxacin,The risk or severity of adverse effects can be increased when Diflorasone is combined with Levofloxacin.,CC1CC2C3CC(C4=CC(=O)C=CC4(C3(C(CC2(C1(C(=O)CO)O)C)O)F)C)F,CC1COC2=C3N1C=C(C(=O)C3=CC(=C2N4CCN(CC4)C)F)C(=O)O
Flumethasone,Levofloxacin,The risk or severity of adverse effects can be increased when Flumethasone is combined with Levofloxacin.,CC1CC2C3CC(C4=CC(=O)C=CC4(C3(C(CC2(C1(C(=O)CO)O)C)O)F)C)F,CC1COC2=C3N1C=C(C(=O)C3=CC(=C2N4CCN(CC4)C)F)C(=O)O
Desoximetasone,Levofloxacin,The risk or severity of adverse effects can be increased when Desoximetasone is combined with Levofloxacin.,CC1CC2C3CCC4=CC(=O)C=CC4(C3(C(CC2(C1C(=O)CO)C)O)F)C,CC1COC2=C3N1C=C(C(=O)C3=CC(=C2N4CCN(CC4)C)F)C(=O)O
Mometasone,Levofloxacin,The risk or severity of adverse effects can be increased when Mometasone is combined with Levofloxacin.,CC1CC2C3CCC4=CC(=O)C=CC4(C3(C(CC2(C1(C(=O)CCl)O)C)O)Cl)C,CC1COC2=C3N1C=C(C(=O)C3=CC(=C2N4CCN(CC4)C)F)C(=O)O
Clobetasol propionate,Levofloxacin,The risk or severity of adverse effects can be increased when Clobetasol propionate is combined with Levofloxacin.,CCC(=O)OC1(C(CC2C1(CC(C3(C2CCC4=CC(=O)C=CC43C)F)O)C)C)C(=O)CCl,CC1COC2=C3N1C=C(C(=O)C3=CC(=C2N4CCN(CC4)C)F)C(=O)O
Estrone,Levofloxacin,The risk or severity of adverse effects can be increased when Estrone is combined with Levofloxacin.,CC12CCC3C(C1CCC2=O)CCC4=C3C=CC(=C4)O,CC1COC2=C3N1C=C(C(=O)C3=CC(=C2N4CCN(CC4)C)F)C(=O)O
Difluprednate,Levofloxacin,The risk or severity of adverse effects can be increased when Difluprednate is combined with Levofloxacin.,CCCC(=O)OC1(CCC2C1(CC(C3(C2CC(C4=CC(=O)C=CC43C)F)F)O)C)C(=O)COC(=O)C,CC1COC2=C3N1C=C(C(=O)C3=CC(=C2N4CCN(CC4)C)F)C(=O)O
Fluprednidene,Levofloxacin,The risk or severity of adverse effects can be increased when Fluprednidene is combined with Levofloxacin.,CC12CC(C3(C(C1CC(=C)C2(C(=O)CO)O)CCC4=CC(=O)C=CC43C)F)O,CC1COC2=C3N1C=C(C(=O)C3=CC(=C2N4CCN(CC4)C)F)C(=O)O
Beclomethasone dipropionate,Levofloxacin,The risk or severity of adverse effects can be increased when Beclomethasone dipropionate is combined with Levofloxacin.,CCC(=O)OCC(=O)C1(C(CC2C1(CC(C3(C2CCC4=CC(=O)C=CC43C)Cl)O)C)C)OC(=O)CC,CC1COC2=C3N1C=C(C(=O)C3=CC(=C2N4CCN(CC4)C)F)C(=O)O
Tixocortol,Levofloxacin,The risk or severity of adverse effects can be increased when Tixocortol is combined with Levofloxacin.,CC12CCC(=O)C=C1CCC3C2C(CC4(C3CCC4(C(=O)CS)O)C)O,CC1COC2=C3N1C=C(C(=O)C3=CC(=C2N4CCN(CC4)C)F)C(=O)O
Fluocinonide,Levofloxacin,The risk or severity of adverse effects can be increased when Fluocinonide is combined with Levofloxacin.,CC(=O)OCC(=O)C12C(CC3C1(CC(C4(C3CC(C5=CC(=O)C=CC54C)F)F)O)C)OC(O2)(C)C,CC1COC2=C3N1C=C(C(=O)C3=CC(=C2N4CCN(CC4)C)F)C(=O)O
Ciclesonide,Levofloxacin,The risk or severity of adverse effects can be increased when Ciclesonide is combined with Levofloxacin.,CC(C)C(=O)OCC(=O)C12C(CC3C1(CC(C4C3CCC5=CC(=O)C=CC45C)O)C)OC(O2)C6CCCCC6,CC1COC2=C3N1C=C(C(=O)C3=CC(=C2N4CCN(CC4)C)F)C(=O)O
Cortisone acetate,Levofloxacin,The risk or severity of adverse effects can be increased when Cortisone acetate is combined with Levofloxacin.,CC(=O)OCC(=O)C1(CCC2C1(CC(=O)C3C2CCC4=CC(=O)CCC34C)C)O,CC1COC2=C3N1C=C(C(=O)C3=CC(=C2N4CCN(CC4)C)F)C(=O)O
Alclometasone,Levofloxacin,The risk or severity of adverse effects can be increased when Alclometasone is combined with Levofloxacin.,CC1CC2C3C(CC4=CC(=O)C=CC4(C3C(CC2(C1(C(=O)CO)O)C)O)C)Cl,CC1COC2=C3N1C=C(C(=O)C3=CC(=C2N4CCN(CC4)C)F)C(=O)O
Fludrocortisone,Levofloxacin,The risk or severity of adverse effects can be increased when Fludrocortisone is combined with Levofloxacin.,CC12CCC(=O)C=C1CCC3C2(C(CC4(C3CCC4(C(=O)CO)O)C)O)F,CC1COC2=C3N1C=C(C(=O)C3=CC(=C2N4CCN(CC4)C)F)C(=O)O
Flunisolide,Levofloxacin,The risk or severity of adverse effects can be increased when Flunisolide is combined with Levofloxacin.,CC1(OC2CC3C4CC(C5=CC(=O)C=CC5(C4C(CC3(C2(O1)C(=O)CO)C)O)C)F)C,CC1COC2=C3N1C=C(C(=O)C3=CC(=C2N4CCN(CC4)C)F)C(=O)O
Triamcinolone,Levofloxacin,The risk or severity of adverse effects can be increased when Triamcinolone is combined with Levofloxacin.,CC12CC(C3(C(C1CC(C2(C(=O)CO)O)O)CCC4=CC(=O)C=CC43C)F)O,CC1COC2=C3N1C=C(C(=O)C3=CC(=C2N4CCN(CC4)C)F)C(=O)O
Fluocinolone acetonide,Levofloxacin,The risk or severity of adverse effects can be increased when Fluocinolone acetonide is combined with Levofloxacin.,CC1(OC2CC3C4CC(C5=CC(=O)C=CC5(C4(C(CC3(C2(O1)C(=O)CO)C)O)F)C)F)C,CC1COC2=C3N1C=C(C(=O)C3=CC(=C2N4CCN(CC4)C)F)C(=O)O
Paramethasone,Levofloxacin,The risk or severity of adverse effects can be increased when Paramethasone is combined with Levofloxacin.,CC1CC2C3CC(C4=CC(=O)C=CC4(C3C(CC2(C1(C(=O)CO)O)C)O)C)F,CC1COC2=C3N1C=C(C(=O)C3=CC(=C2N4CCN(CC4)C)F)C(=O)O
Prednicarbate,Levofloxacin,The risk or severity of adverse effects can be increased when Prednicarbate is combined with Levofloxacin.,CCC(=O)OCC(=O)C1(CCC2C1(CC(C3C2CCC4=CC(=O)C=CC34C)O)C)OC(=O)OCC,CC1COC2=C3N1C=C(C(=O)C3=CC(=C2N4CCN(CC4)C)F)C(=O)O
Rimexolone,Levofloxacin,The risk or severity of adverse effects can be increased when Rimexolone is combined with Levofloxacin.,CCC(=O)C1(C(CC2C1(CC(C3C2CCC4=CC(=O)C=CC34C)O)C)C)C,CC1COC2=C3N1C=C(C(=O)C3=CC(=C2N4CCN(CC4)C)F)C(=O)O
Betamethasone,Levofloxacin,The risk or severity of adverse effects can be increased when Betamethasone is combined with Levofloxacin.,CC1CC2C3CCC4=CC(=O)C=CC4(C3(C(CC2(C1(C(=O)CO)O)C)O)F)C,CC1COC2=C3N1C=C(C(=O)C3=CC(=C2N4CCN(CC4)C)F)C(=O)O
Deflazacort,Levofloxacin,The risk or severity of adverse effects can be increased when Deflazacort is combined with Levofloxacin.,CC1=NC2(C(O1)CC3C2(CC(C4C3CCC5=CC(=O)C=CC45C)O)C)C(=O)COC(=O)C,CC1COC2=C3N1C=C(C(=O)C3=CC(=C2N4CCN(CC4)C)F)C(=O)O
Desonide,Levofloxacin,The risk or severity of adverse effects can be increased when Desonide is combined with Levofloxacin.,CC1(OC2CC3C4CCC5=CC(=O)C=CC5(C4C(CC3(C2(O1)C(=O)CO)C)O)C)C,CC1COC2=C3N1C=C(C(=O)C3=CC(=C2N4CCN(CC4)C)F)C(=O)O
Amcinonide,Levofloxacin,The risk or severity of adverse effects can be increased when Amcinonide is combined with Levofloxacin.,CC(=O)OCC(=O)C12C(CC3C1(CC(C4(C3CCC5=CC(=O)C=CC54C)F)O)C)OC6(O2)CCCC6,CC1COC2=C3N1C=C(C(=O)C3=CC(=C2N4CCN(CC4)C)F)C(=O)O
Estrone sulfate,Levofloxacin,The risk or severity of adverse effects can be increased when Estrone sulfate is combined with Levofloxacin.,CC12CCC3C(C1CCC2=O)CCC4=C3C=CC(=C4)OS(=O)(=O)O,CC1COC2=C3N1C=C(C(=O)C3=CC(=C2N4CCN(CC4)C)F)C(=O)O
Equilin,Levofloxacin,The risk or severity of adverse effects can be increased when Equilin is combined with Levofloxacin.,CC12CCC3C(=CCC4=C3C=CC(=C4)O)C1CCC2=O,CC1COC2=C3N1C=C(C(=O)C3=CC(=C2N4CCN(CC4)C)F)C(=O)O
Ulobetasol,Levofloxacin,The risk or severity of adverse effects can be increased when Ulobetasol is combined with Levofloxacin.,CC1CC2C3CC(C4=CC(=O)C=CC4(C3(C(CC2(C1(C(=O)CCl)O)C)O)F)C)F,CC1COC2=C3N1C=C(C(=O)C3=CC(=C2N4CCN(CC4)C)F)C(=O)O
Loteprednol,Levofloxacin,The risk or severity of adverse effects can be increased when Loteprednol is combined with Levofloxacin.,CC12CC(C3C(C1CCC2(C(=O)OCCl)O)CCC4=CC(=O)C=CC34C)O,CC1COC2=C3N1C=C(C(=O)C3=CC(=C2N4CCN(CC4)C)F)C(=O)O
Halcinonide,Levofloxacin,The risk or severity of adverse effects can be increased when Halcinonide is combined with Levofloxacin.,CC1(OC2CC3C4CCC5=CC(=O)CCC5(C4(C(CC3(C2(O1)C(=O)CCl)C)O)F)C)C,CC1COC2=C3N1C=C(C(=O)C3=CC(=C2N4CCN(CC4)C)F)C(=O)O
Fluocortolone,Levofloxacin,The risk or severity of adverse effects can be increased when Fluocortolone is combined with Levofloxacin.,CC1CC2C3CC(C4=CC(=O)C=CC4(C3C(CC2(C1C(=O)CO)C)O)C)F,CC1COC2=C3N1C=C(C(=O)C3=CC(=C2N4CCN(CC4)C)F)C(=O)O
Flurandrenolide,Levofloxacin,The risk or severity of adverse effects can be increased when Flurandrenolide is combined with Levofloxacin.,CC1(OC2CC3C4CC(C5=CC(=O)CCC5(C4C(CC3(C2(O1)C(=O)CO)C)O)C)F)C,CC1COC2=C3N1C=C(C(=O)C3=CC(=C2N4CCN(CC4)C)F)C(=O)O
Budesonide,Levofloxacin,The risk or severity of adverse effects can be increased when Budesonide is combined with Levofloxacin.,CCCC1OC2CC3C4CCC5=CC(=O)C=CC5(C4C(CC3(C2(O1)C(=O)CO)C)O)C,CC1COC2=C3N1C=C(C(=O)C3=CC(=C2N4CCN(CC4)C)F)C(=O)O
Difluocortolone,Levofloxacin,The risk or severity of adverse effects can be increased when Difluocortolone is combined with Levofloxacin.,CC1CC2C3CC(C4=CC(=O)C=CC4(C3(C(CC2(C1C(=O)CO)C)O)F)C)F,CC1COC2=C3N1C=C(C(=O)C3=CC(=C2N4CCN(CC4)C)F)C(=O)O
Medrysone,Levofloxacin,The risk or severity of adverse effects can be increased when Medrysone is combined with Levofloxacin.,CC1CC2C3CCC(C3(CC(C2C4(C1=CC(=O)CC4)C)O)C)C(=O)C,CC1COC2=C3N1C=C(C(=O)C3=CC(=C2N4CCN(CC4)C)F)C(=O)O
Clocortolone,Levofloxacin,The risk or severity of adverse effects can be increased when Clocortolone is combined with Levofloxacin.,CC1CC2C3CC(C4=CC(=O)C=CC4(C3(C(CC2(C1C(=O)CO)C)O)Cl)C)F,CC1COC2=C3N1C=C(C(=O)C3=CC(=C2N4CCN(CC4)C)F)C(=O)O
Hydrocortisone,Levofloxacin,The risk or severity of adverse effects can be increased when Hydrocortisone is combined with Levofloxacin.,CC12CCC(=O)C=C1CCC3C2C(CC4(C3CCC4(C(=O)CO)O)C)O,CC1COC2=C3N1C=C(C(=O)C3=CC(=C2N4CCN(CC4)C)F)C(=O)O
Fluorometholone,Levofloxacin,The risk or severity of adverse effects can be increased when Fluorometholone is combined with Levofloxacin.,CC1CC2C3CCC(C3(CC(C2(C4(C1=CC(=O)C=C4)C)F)O)C)(C(=O)C)O,CC1COC2=C3N1C=C(C(=O)C3=CC(=C2N4CCN(CC4)C)F)C(=O)O
Clobetasone,Levofloxacin,The risk or severity of adverse effects can be increased when Clobetasone is combined with Levofloxacin.,CC1CC2C3CCC4=CC(=O)C=CC4(C3(C(=O)CC2(C1(C(=O)CCl)O)C)F)C,CC1COC2=C3N1C=C(C(=O)C3=CC(=C2N4CCN(CC4)C)F)C(=O)O
Fenbufen,Levofloxacin,Fenbufen may increase the neuroexcitatory activities of Levofloxacin.,C1=CC=C(C=C1)C2=CC=C(C=C2)C(=O)CCC(=O)O,CC1COC2=C3N1C=C(C(=O)C3=CC(=C2N4CCN(CC4)C)F)C(=O)O
Meclofenamic acid,Levofloxacin,Meclofenamic acid may increase the neuroexcitatory activities of Levofloxacin.,CC1=C(C(=C(C=C1)Cl)NC2=CC=CC=C2C(=O)O)Cl,CC1COC2=C3N1C=C(C(=O)C3=CC(=C2N4CCN(CC4)C)F)C(=O)O
Lumiracoxib,Levofloxacin,Lumiracoxib may increase the neuroexcitatory activities of Levofloxacin.,CC1=CC(=C(C=C1)NC2=C(C=CC=C2Cl)F)CC(=O)O,CC1COC2=C3N1C=C(C(=O)C3=CC(=C2N4CCN(CC4)C)F)C(=O)O
Tolmetin,Levofloxacin,Tolmetin may increase the neuroexcitatory activities of Levofloxacin.,CC1=CC=C(C=C1)C(=O)C2=CC=C(N2C)CC(=O)O,CC1COC2=C3N1C=C(C(=O)C3=CC(=C2N4CCN(CC4)C)F)C(=O)O
Tenoxicam,Levofloxacin,Tenoxicam may increase the neuroexcitatory activities of Levofloxacin.,CN1C(=C(C2=C(S1(=O)=O)C=CS2)O)C(=O)NC3=CC=CC=N3,CC1COC2=C3N1C=C(C(=O)C3=CC(=C2N4CCN(CC4)C)F)C(=O)O
Choline magnesium trisalicylate,Levofloxacin,Choline magnesium trisalicylate may increase the neuroexcitatory activities of Levofloxacin.,C[N+](C)(C)CCO.C1=CC=C(C(=C1)C(=O)O)[O-].C1=CC=C(C(=C1)C(=O)O)[O-].C1=CC=C(C(=C1)C(=O)O)[O-].[Mg+2],CC1COC2=C3N1C=C(C(=O)C3=CC(=C2N4CCN(CC4)C)F)C(=O)O
Etoricoxib,Levofloxacin,Etoricoxib may increase the neuroexcitatory activities of Levofloxacin.,CC1=NC=C(C=C1)C2=C(C=C(C=N2)Cl)C3=CC=C(C=C3)S(=O)(=O)C,CC1COC2=C3N1C=C(C(=O)C3=CC(=C2N4CCN(CC4)C)F)C(=O)O
Suprofen,Levofloxacin,Suprofen may increase the neuroexcitatory activities of Levofloxacin.,CC(C1=CC=C(C=C1)C(=O)C2=CC=CS2)C(=O)O,CC1COC2=C3N1C=C(C(=O)C3=CC(=C2N4CCN(CC4)C)F)C(=O)O
Flurbiprofen,Levofloxacin,Flurbiprofen may increase the neuroexcitatory activities of Levofloxacin.,CC(C1=CC(=C(C=C1)C2=CC=CC=C2)F)C(=O)O,CC1COC2=C3N1C=C(C(=O)C3=CC(=C2N4CCN(CC4)C)F)C(=O)O
Indomethacin,Levofloxacin,Indomethacin may increase the neuroexcitatory activities of Levofloxacin.,CC1=C(C2=C(N1C(=O)C3=CC=C(C=C3)Cl)C=CC(=C2)OC)CC(=O)O,CC1COC2=C3N1C=C(C(=O)C3=CC(=C2N4CCN(CC4)C)F)C(=O)O
Oxyphenbutazone,Levofloxacin,Oxyphenbutazone may increase the neuroexcitatory activities of Levofloxacin.,CCCCC1C(=O)N(N(C1=O)C2=CC=C(C=C2)O)C3=CC=CC=C3,CC1COC2=C3N1C=C(C(=O)C3=CC(=C2N4CCN(CC4)C)F)C(=O)O
Icatibant,Levofloxacin,Icatibant may increase the neuroexcitatory activities of Levofloxacin.,C1CCC2C(C1)CC(N2C(=O)C3CC4=CC=CC=C4CN3C(=O)C(CO)NC(=O)C(CC5=CC=CS5)NC(=O)CNC(=O)C6CC(CN6C(=O)C7CCCN7C(=O)C(CCCN=C(N)N)NC(=O)C(CCCN=C(N)N)N)O)C(=O)NC(CCCN=C(N)N)C(=O)O,CC1COC2=C3N1C=C(C(=O)C3=CC(=C2N4CCN(CC4)C)F)C(=O)O
Alclofenac,Levofloxacin,Alclofenac may increase the neuroexcitatory activities of Levofloxacin.,C=CCOC1=C(C=C(C=C1)CC(=O)O)Cl,CC1COC2=C3N1C=C(C(=O)C3=CC(=C2N4CCN(CC4)C)F)C(=O)O
Etodolac,Levofloxacin,Etodolac may increase the neuroexcitatory activities of Levofloxacin.,CCC1=C2C(=CC=C1)C3=C(N2)C(OCC3)(CC)CC(=O)O,CC1COC2=C3N1C=C(C(=O)C3=CC(=C2N4CCN(CC4)C)F)C(=O)O
Droxicam,Levofloxacin,Droxicam may increase the neuroexcitatory activities of Levofloxacin.,CN1C2=C(C3=CC=CC=C3S1(=O)=O)OC(=O)N(C2=O)C4=CC=CC=N4,CC1COC2=C3N1C=C(C(=O)C3=CC(=C2N4CCN(CC4)C)F)C(=O)O
Apremilast,Levofloxacin,Apremilast may increase the neuroexcitatory activities of Levofloxacin.,CCOC1=C(C=CC(=C1)C(CS(=O)(=O)C)N2C(=O)C3=C(C2=O)C(=CC=C3)NC(=O)C)OC,CC1COC2=C3N1C=C(C(=O)C3=CC(=C2N4CCN(CC4)C)F)C(=O)O
Tolfenamic acid,Levofloxacin,Tolfenamic acid may increase the neuroexcitatory activities of Levofloxacin.,CC1=C(C=CC=C1Cl)NC2=CC=CC=C2C(=O)O,CC1COC2=C3N1C=C(C(=O)C3=CC(=C2N4CCN(CC4)C)F)C(=O)O
Lornoxicam,Levofloxacin,Lornoxicam may increase the neuroexcitatory activities of Levofloxacin.,CN1C(=C(C2=C(S1(=O)=O)C=C(S2)Cl)O)C(=O)NC3=CC=CC=N3,CC1COC2=C3N1C=C(C(=O)C3=CC(=C2N4CCN(CC4)C)F)C(=O)O
Bromfenac,Levofloxacin,Bromfenac may increase the neuroexcitatory activities of Levofloxacin.,C1=CC(=C(C(=C1)C(=O)C2=CC=C(C=C2)Br)N)CC(=O)O,CC1COC2=C3N1C=C(C(=O)C3=CC(=C2N4CCN(CC4)C)F)C(=O)O
Propacetamol,Levofloxacin,Propacetamol may increase the neuroexcitatory activities of Levofloxacin.,CCN(CC)CC(=O)OC1=CC=C(C=C1)NC(=O)C,CC1COC2=C3N1C=C(C(=O)C3=CC(=C2N4CCN(CC4)C)F)C(=O)O
Parecoxib,Levofloxacin,Parecoxib may increase the neuroexcitatory activities of Levofloxacin.,CCC(=O)NS(=O)(=O)C1=CC=C(C=C1)C2=C(ON=C2C3=CC=CC=C3)C,CC1COC2=C3N1C=C(C(=O)C3=CC(=C2N4CCN(CC4)C)F)C(=O)O
Phenylbutazone,Levofloxacin,Phenylbutazone may increase the neuroexcitatory activities of Levofloxacin.,CCCCC1C(=O)N(N(C1=O)C2=CC=CC=C2)C3=CC=CC=C3,CC1COC2=C3N1C=C(C(=O)C3=CC(=C2N4CCN(CC4)C)F)C(=O)O
Acemetacin,Levofloxacin,Acemetacin may increase the neuroexcitatory activities of Levofloxacin.,CC1=C(C2=C(N1C(=O)C3=CC=C(C=C3)Cl)C=CC(=C2)OC)CC(=O)OCC(=O)O,CC1COC2=C3N1C=C(C(=O)C3=CC(=C2N4CCN(CC4)C)F)C(=O)O
Nabumetone,Levofloxacin,Nabumetone may increase the neuroexcitatory activities of Levofloxacin.,CC(=O)CCC1=CC2=C(C=C1)C=C(C=C2)OC,CC1COC2=C3N1C=C(C(=O)C3=CC(=C2N4CCN(CC4)C)F)C(=O)O
Epirizole,Levofloxacin,Epirizole may increase the neuroexcitatory activities of Levofloxacin.,CC1=CC(=NC(=N1)N2C(=CC(=N2)C)OC)OC,CC1COC2=C3N1C=C(C(=O)C3=CC(=C2N4CCN(CC4)C)F)C(=O)O
Ketorolac,Levofloxacin,Ketorolac may increase the neuroexcitatory activities of Levofloxacin.,C1CN2C(=CC=C2C(=O)C3=CC=CC=C3)C1C(=O)O,CC1COC2=C3N1C=C(C(=O)C3=CC(=C2N4CCN(CC4)C)F)C(=O)O
Salsalate,Levofloxacin,Salsalate may increase the neuroexcitatory activities of Levofloxacin.,C1=CC=C(C(=C1)C(=O)OC2=CC=CC=C2C(=O)O)O,CC1COC2=C3N1C=C(C(=O)C3=CC(=C2N4CCN(CC4)C)F)C(=O)O
Aceclofenac,Levofloxacin,Aceclofenac may increase the neuroexcitatory activities of Levofloxacin.,C1=CC=C(C(=C1)CC(=O)OCC(=O)O)NC2=C(C=CC=C2Cl)Cl,CC1COC2=C3N1C=C(C(=O)C3=CC(=C2N4CCN(CC4)C)F)C(=O)O
Niflumic acid,Levofloxacin,Niflumic acid may increase the neuroexcitatory activities of Levofloxacin.,C1=CC(=CC(=C1)NC2=C(C=CC=N2)C(=O)O)C(F)(F)F,CC1COC2=C3N1C=C(C(=O)C3=CC(=C2N4CCN(CC4)C)F)C(=O)O
Zaltoprofen,Levofloxacin,Zaltoprofen may increase the neuroexcitatory activities of Levofloxacin.,CC(C1=CC2=C(C=C1)SC3=CC=CC=C3C(=O)C2)C(=O)O,CC1COC2=C3N1C=C(C(=O)C3=CC(=C2N4CCN(CC4)C)F)C(=O)O
Naproxen,Levofloxacin,Naproxen may increase the neuroexcitatory activities of Levofloxacin.,CC(C1=CC2=C(C=C1)C=C(C=C2)OC)C(=O)O,CC1COC2=C3N1C=C(C(=O)C3=CC(=C2N4CCN(CC4)C)F)C(=O)O
Pimecrolimus,Levofloxacin,Pimecrolimus may increase the neuroexcitatory activities of Levofloxacin.,CCC1C=C(CC(CC(C2C(CC(C(O2)(C(=O)C(=O)N3CCCCC3C(=O)OC(C(C(CC1=O)O)C)C(=CC4CCC(C(C4)OC)Cl)C)O)C)OC)OC)C)C,CC1COC2=C3N1C=C(C(=O)C3=CC(=C2N4CCN(CC4)C)F)C(=O)O
Antipyrine,Levofloxacin,Antipyrine may increase the neuroexcitatory activities of Levofloxacin.,CC1=CC(=O)N(N1C)C2=CC=CC=C2,CC1COC2=C3N1C=C(C(=O)C3=CC(=C2N4CCN(CC4)C)F)C(=O)O
Meloxicam,Levofloxacin,Meloxicam may increase the neuroexcitatory activities of Levofloxacin.,CC1=CN=C(S1)NC(=O)C2=C(C3=CC=CC=C3S(=O)(=O)N2C)O,CC1COC2=C3N1C=C(C(=O)C3=CC(=C2N4CCN(CC4)C)F)C(=O)O
Clonixin,Levofloxacin,Clonixin may increase the neuroexcitatory activities of Levofloxacin.,CC1=C(C=CC=C1Cl)NC2=C(C=CC=N2)C(=O)O,CC1COC2=C3N1C=C(C(=O)C3=CC(=C2N4CCN(CC4)C)F)C(=O)O
Piroxicam,Levofloxacin,Piroxicam may increase the neuroexcitatory activities of Levofloxacin.,CN1C(=C(C2=CC=CC=C2S1(=O)=O)O)C(=O)NC3=CC=CC=N3,CC1COC2=C3N1C=C(C(=O)C3=CC(=C2N4CCN(CC4)C)F)C(=O)O
Fenoprofen,Levofloxacin,Fenoprofen may increase the neuroexcitatory activities of Levofloxacin.,CC(C1=CC(=CC=C1)OC2=CC=CC=C2)C(=O)O,CC1COC2=C3N1C=C(C(=O)C3=CC(=C2N4CCN(CC4)C)F)C(=O)O
Oxaprozin,Levofloxacin,Oxaprozin may increase the neuroexcitatory activities of Levofloxacin.,C1=CC=C(C=C1)C2=C(OC(=N2)CCC(=O)O)C3=CC=CC=C3,CC1COC2=C3N1C=C(C(=O)C3=CC(=C2N4CCN(CC4)C)F)C(=O)O
Salicylamide,Levofloxacin,Salicylamide may increase the neuroexcitatory activities of Levofloxacin.,C1=CC=C(C(=C1)C(=O)N)O,CC1COC2=C3N1C=C(C(=O)C3=CC(=C2N4CCN(CC4)C)F)C(=O)O
Loxoprofen,Levofloxacin,Loxoprofen may increase the neuroexcitatory activities of Levofloxacin.,CC(C1=CC=C(C=C1)CC2CCCC2=O)C(=O)O,CC1COC2=C3N1C=C(C(=O)C3=CC(=C2N4CCN(CC4)C)F)C(=O)O
Zileuton,Levofloxacin,Zileuton may increase the neuroexcitatory activities of Levofloxacin.,CC(C1=CC2=CC=CC=C2S1)N(C(=O)N)O,CC1COC2=C3N1C=C(C(=O)C3=CC(=C2N4CCN(CC4)C)F)C(=O)O
Floctafenine,Levofloxacin,Floctafenine may increase the neuroexcitatory activities of Levofloxacin.,C1=CC=C(C(=C1)C(=O)OCC(CO)O)NC2=C3C=CC=C(C3=NC=C2)C(F)(F)F,CC1COC2=C3N1C=C(C(=O)C3=CC(=C2N4CCN(CC4)C)F)C(=O)O
Ibuprofen,Levofloxacin,Ibuprofen may increase the neuroexcitatory activities of Levofloxacin.,CC(C)CC1=CC=C(C=C1)C(C)C(=O)O,CC1COC2=C3N1C=C(C(=O)C3=CC(=C2N4CCN(CC4)C)F)C(=O)O
Etofenamate,Levofloxacin,Etofenamate may increase the neuroexcitatory activities of Levofloxacin.,C1=CC=C(C(=C1)C(=O)OCCOCCO)NC2=CC=CC(=C2)C(F)(F)F,CC1COC2=C3N1C=C(C(=O)C3=CC(=C2N4CCN(CC4)C)F)C(=O)O
Diclofenac,Levofloxacin,Diclofenac may increase the neuroexcitatory activities of Levofloxacin.,C1=CC=C(C(=C1)CC(=O)O)NC2=C(C=CC=C2Cl)Cl,CC1COC2=C3N1C=C(C(=O)C3=CC(=C2N4CCN(CC4)C)F)C(=O)O
Nepafenac,Levofloxacin,Nepafenac may increase the neuroexcitatory activities of Levofloxacin.,C1=CC=C(C=C1)C(=O)C2=CC=CC(=C2N)CC(=O)N,CC1COC2=C3N1C=C(C(=O)C3=CC(=C2N4CCN(CC4)C)F)C(=O)O
Sulfasalazine,Levofloxacin,Sulfasalazine may increase the neuroexcitatory activities of Levofloxacin.,C1=CC=NC(=C1)NS(=O)(=O)C2=CC=C(C=C2)N=NC3=CC(=C(C=C3)O)C(=O)O,CC1COC2=C3N1C=C(C(=O)C3=CC(=C2N4CCN(CC4)C)F)C(=O)O
Benzydamine,Levofloxacin,Benzydamine may increase the neuroexcitatory activities of Levofloxacin.,CN(C)CCCOC1=NN(C2=CC=CC=C21)CC3=CC=CC=C3,CC1COC2=C3N1C=C(C(=O)C3=CC(=C2N4CCN(CC4)C)F)C(=O)O
Ketoprofen,Levofloxacin,Ketoprofen may increase the neuroexcitatory activities of Levofloxacin.,CC(C1=CC(=CC=C1)C(=O)C2=CC=CC=C2)C(=O)O,CC1COC2=C3N1C=C(C(=O)C3=CC(=C2N4CCN(CC4)C)F)C(=O)O
Mefenamic acid,Levofloxacin,Mefenamic acid may increase the neuroexcitatory activities of Levofloxacin.,CC1=C(C(=CC=C1)NC2=CC=CC=C2C(=O)O)C,CC1COC2=C3N1C=C(C(=O)C3=CC(=C2N4CCN(CC4)C)F)C(=O)O
Adapalene,Levofloxacin,Adapalene may increase the neuroexcitatory activities of Levofloxacin.,COC1=C(C=C(C=C1)C2=CC3=C(C=C2)C=C(C=C3)C(=O)O)C45CC6CC(C4)CC(C6)C5,CC1COC2=C3N1C=C(C(=O)C3=CC(=C2N4CCN(CC4)C)F)C(=O)O
Magnesium salicylate,Levofloxacin,The serum concentration of Levofloxacin can be decreased when it is combined with Magnesium salicylate.,C1=CC=C(C(=C1)C(=O)O)[O-].C1=CC=C(C(=C1)C(=O)O)[O-].[Mg+2],CC1COC2=C3N1C=C(C(=O)C3=CC(=C2N4CCN(CC4)C)F)C(=O)O
Quinapril,Levofloxacin,The serum concentration of Levofloxacin can be decreased when it is combined with Quinapril.,CCOC(=O)C(CCC1=CC=CC=C1)NC(C)C(=O)N2CC3=CC=CC=C3CC2C(=O)O,CC1COC2=C3N1C=C(C(=O)C3=CC(=C2N4CCN(CC4)C)F)C(=O)O
Ribociclib,Levofloxacin,The risk or severity of QTc prolongation can be increased when Ribociclib is combined with Levofloxacin.,CN(C)C(=O)C1=CC2=CN=C(N=C2N1C3CCCC3)NC4=NC=C(C=C4)N5CCNCC5,CC1COC2=C3N1C=C(C(=O)C3=CC(=C2N4CCN(CC4)C)F)C(=O)O
Theophylline,Levofloxacin,The metabolism of Levofloxacin can be decreased when combined with Theophylline.,CN1C2=C(C(=O)N(C1=O)C)NC=N2,CC1COC2=C3N1C=C(C(=O)C3=CC(=C2N4CCN(CC4)C)F)C(=O)O
Dyphylline,Levofloxacin,The metabolism of Levofloxacin can be decreased when combined with Dyphylline.,CN1C2=C(C(=O)N(C1=O)C)N(C=N2)CC(CO)O,CC1COC2=C3N1C=C(C(=O)C3=CC(=C2N4CCN(CC4)C)F)C(=O)O
Aminophylline,Levofloxacin,The metabolism of Levofloxacin can be decreased when combined with Aminophylline.,CN1C2=C(C(=O)N(C1=O)C)NC=N2.CN1C2=C(C(=O)N(C1=O)C)NC=N2.C(CN)N,CC1COC2=C3N1C=C(C(=O)C3=CC(=C2N4CCN(CC4)C)F)C(=O)O
Varenicline,Levofloxacin,The serum concentration of Levofloxacin can be increased when it is combined with Varenicline.,C1C2CNCC1C3=CC4=NC=CN=C4C=C23,CC1COC2=C3N1C=C(C(=O)C3=CC(=C2N4CCN(CC4)C)F)C(=O)O
Iron,Levofloxacin,The serum concentration of Levofloxacin can be decreased when it is combined with Iron.,[Fe],CC1COC2=C3N1C=C(C(=O)C3=CC(=C2N4CCN(CC4)C)F)C(=O)O
Ferric pyrophosphate,Levofloxacin,The serum concentration of Levofloxacin can be decreased when it is combined with Ferric pyrophosphate.,[O-]P(=O)([O-])OP(=O)([O-])[O-].[O-]P(=O)([O-])OP(=O)([O-])[O-].[O-]P(=O)([O-])OP(=O)([O-])[O-].[Fe+3].[Fe+3].[Fe+3].[Fe+3],CC1COC2=C3N1C=C(C(=O)C3=CC(=C2N4CCN(CC4)C)F)C(=O)O
Lanthanum carbonate,Levofloxacin,The serum concentration of Levofloxacin can be decreased when it is combined with Lanthanum carbonate.,C(=O)([O-])[O-].C(=O)([O-])[O-].C(=O)([O-])[O-].[La+3].[La+3],CC1COC2=C3N1C=C(C(=O)C3=CC(=C2N4CCN(CC4)C)F)C(=O)O
Strontium ranelate,Levofloxacin,The serum concentration of Levofloxacin can be decreased when it is combined with Strontium ranelate.,C(C1=C(SC(=C1C#N)N(CC(=O)[O-])CC(=O)[O-])C(=O)[O-])C(=O)[O-].[Sr+2].[Sr+2],CC1COC2=C3N1C=C(C(=O)C3=CC(=C2N4CCN(CC4)C)F)C(=O)O
Quinidine,Levofloxacin,Quinidine may increase the QTc-prolonging activities of Levofloxacin.,COC1=CC2=C(C=CN=C2C=C1)C(C3CC4CCN3CC4C=C)O,CC1COC2=C3N1C=C(C(=O)C3=CC(=C2N4CCN(CC4)C)F)C(=O)O
Lopinavir,Levofloxacin,Lopinavir may increase the QTc-prolonging activities of Levofloxacin.,CC1=C(C(=CC=C1)C)OCC(=O)NC(CC2=CC=CC=C2)C(CC(CC3=CC=CC=C3)NC(=O)C(C(C)C)N4CCCNC4=O)O,CC1COC2=C3N1C=C(C(=O)C3=CC(=C2N4CCN(CC4)C)F)C(=O)O
Ubidecarenone,Levofloxacin,The serum concentration of Levofloxacin can be increased when it is combined with Ubidecarenone.,CC1=C(C(=O)C(=C(C1=O)OC)OC)CC=C(C)CCC=C(C)CCC=C(C)CCC=C(C)CCC=C(C)CCC=C(C)CCC=C(C)CCC=C(C)CCC=C(C)CCC=C(C)C,CC1COC2=C3N1C=C(C(=O)C3=CC(=C2N4CCN(CC4)C)F)C(=O)O
Ranolazine,Levofloxacin,The serum concentration of Levofloxacin can be increased when it is combined with Ranolazine.,CC1=C(C(=CC=C1)C)NC(=O)CN2CCN(CC2)CC(COC3=CC=CC=C3OC)O,CC1COC2=C3N1C=C(C(=O)C3=CC(=C2N4CCN(CC4)C)F)C(=O)O
Citalopram,Levofloxacin,Citalopram may increase the QTc-prolonging activities of Levofloxacin.,CN(C)CCCC1(C2=C(CO1)C=C(C=C2)C#N)C3=CC=C(C=C3)F,CC1COC2=C3N1C=C(C(=O)C3=CC(=C2N4CCN(CC4)C)F)C(=O)O
Amiodarone,Levofloxacin,Amiodarone may increase the QTc-prolonging activities of Levofloxacin.,CCCCC1=C(C2=CC=CC=C2O1)C(=O)C3=CC(=C(C(=C3)I)OCCN(CC)CC)I,CC1COC2=C3N1C=C(C(=O)C3=CC(=C2N4CCN(CC4)C)F)C(=O)O
Clarithromycin,Levofloxacin,Clarithromycin may increase the QTc-prolonging activities of Levofloxacin.,CCC1C(C(C(C(=O)C(CC(C(C(C(C(C(=O)O1)C)OC2CC(C(C(O2)C)O)(C)OC)C)OC3C(C(CC(O3)C)N(C)C)O)(C)OC)C)C)O)(C)O,CC1COC2=C3N1C=C(C(=O)C3=CC(=C2N4CCN(CC4)C)F)C(=O)O
Ziprasidone,Levofloxacin,Ziprasidone may increase the QTc-prolonging activities of Levofloxacin.,C1CN(CCN1CCC2=C(C=C3C(=C2)CC(=O)N3)Cl)C4=NSC5=CC=CC=C54,CC1COC2=C3N1C=C(C(=O)C3=CC(=C2N4CCN(CC4)C)F)C(=O)O
Dronedarone,Levofloxacin,Dronedarone may increase the QTc-prolonging activities of Levofloxacin.,CCCCC1=C(C2=C(O1)C=CC(=C2)NS(=O)(=O)C)C(=O)C3=CC=C(C=C3)OCCCN(CCCC)CCCC,CC1COC2=C3N1C=C(C(=O)C3=CC(=C2N4CCN(CC4)C)F)C(=O)O
Lumefantrine,Levofloxacin,Lumefantrine may increase the QTc-prolonging activities of Levofloxacin.,CCCCN(CCCC)CC(C1=CC(=CC2=C1C3=C(C2=CC4=CC=C(C=C4)Cl)C=C(C=C3)Cl)Cl)O,CC1COC2=C3N1C=C(C(=O)C3=CC(=C2N4CCN(CC4)C)F)C(=O)O
Fluoxetine,Levofloxacin,Fluoxetine may increase the QTc-prolonging activities of Levofloxacin.,CNCCC(C1=CC=CC=C1)OC2=CC=C(C=C2)C(F)(F)F,CC1COC2=C3N1C=C(C(=O)C3=CC(=C2N4CCN(CC4)C)F)C(=O)O
Artemether,Levofloxacin,Artemether may increase the QTc-prolonging activities of Levofloxacin.,CC1CCC2C(C(OC3C24C1CCC(O3)(OO4)C)OC)C,CC1COC2=C3N1C=C(C(=O)C3=CC(=C2N4CCN(CC4)C)F)C(=O)O
Eliglustat,Levofloxacin,Eliglustat may increase the QTc-prolonging activities of Levofloxacin.,CCCCCCCC(=O)NC(CN1CCCC1)C(C2=CC3=C(C=C2)OCCO3)O,CC1COC2=C3N1C=C(C(=O)C3=CC(=C2N4CCN(CC4)C)F)C(=O)O
Saquinavir,Levofloxacin,Saquinavir may increase the QTc-prolonging activities of Levofloxacin.,CC(C)(C)NC(=O)C1CC2CCCCC2CN1CC(C(CC3=CC=CC=C3)NC(=O)C(CC(=O)N)NC(=O)C4=NC5=CC=CC=C5C=C4)O,CC1COC2=C3N1C=C(C(=O)C3=CC(=C2N4CCN(CC4)C)F)C(=O)O
Lovastatin,Levofloxacin,The serum concentration of Levofloxacin can be increased when it is combined with Lovastatin.,CCC(C)C(=O)OC1CC(C=C2C1C(C(C=C2)C)CCC3CC(CC(=O)O3)O)C,CC1COC2=C3N1C=C(C(=O)C3=CC(=C2N4CCN(CC4)C)F)C(=O)O
Dihydroergotamine,Levofloxacin,The risk or severity of adverse effects can be increased when Dihydroergotamine is combined with Levofloxacin.,CC1(C(=O)N2C(C(=O)N3CCCC3C2(O1)O)CC4=CC=CC=C4)NC(=O)C5CC6C(CC7=CNC8=CC=CC6=C78)N(C5)C,CC1COC2=C3N1C=C(C(=O)C3=CC(=C2N4CCN(CC4)C)F)C(=O)O
Tetrabenazine,Levofloxacin,Tetrabenazine may increase the QTc-prolonging activities of Levofloxacin.,CC(C)CC1CN2CCC3=CC(=C(C=C3C2CC1=O)OC)OC,CC1COC2=C3N1C=C(C(=O)C3=CC(=C2N4CCN(CC4)C)F)C(=O)O
Pimozide,Levofloxacin,Pimozide may increase the QTc-prolonging activities of Levofloxacin.,C1CN(CCC1N2C3=CC=CC=C3NC2=O)CCCC(C4=CC=C(C=C4)F)C5=CC=C(C=C5)F,CC1COC2=C3N1C=C(C(=O)C3=CC(=C2N4CCN(CC4)C)F)C(=O)O
Asenapine,Levofloxacin,Asenapine may increase the QTc-prolonging activities of Levofloxacin.,CN1CC2C(C1)C3=C(C=CC(=C3)Cl)OC4=CC=CC=C24,CC1COC2=C3N1C=C(C(=O)C3=CC(=C2N4CCN(CC4)C)F)C(=O)O
Quetiapine,Levofloxacin,Quetiapine may increase the QTc-prolonging activities of Levofloxacin.,C1CN(CCN1CCOCCO)C2=NC3=CC=CC=C3SC4=CC=CC=C42,CC1COC2=C3N1C=C(C(=O)C3=CC(=C2N4CCN(CC4)C)F)C(=O)O
Iloperidone,Levofloxacin,Iloperidone may increase the QTc-prolonging activities of Levofloxacin.,CC(=O)C1=CC(=C(C=C1)OCCCN2CCC(CC2)C3=NOC4=C3C=CC(=C4)F)OC,CC1COC2=C3N1C=C(C(=O)C3=CC(=C2N4CCN(CC4)C)F)C(=O)O
Paliperidone,Levofloxacin,Paliperidone may increase the QTc-prolonging activities of Levofloxacin.,CC1=C(C(=O)N2CCCC(C2=N1)O)CCN3CCC(CC3)C4=NOC5=C4C=CC(=C5)F,CC1COC2=C3N1C=C(C(=O)C3=CC(=C2N4CCN(CC4)C)F)C(=O)O
Flupentixol,Levofloxacin,Flupentixol may increase the QTc-prolonging activities of Levofloxacin.,C1CN(CCN1CCC=C2C3=CC=CC=C3SC4=C2C=C(C=C4)C(F)(F)F)CCO,CC1COC2=C3N1C=C(C(=O)C3=CC(=C2N4CCN(CC4)C)F)C(=O)O
Zuclopenthixol,Levofloxacin,Zuclopenthixol may increase the QTc-prolonging activities of Levofloxacin.,C1CN(CCN1CCC=C2C3=CC=CC=C3SC4=C2C=C(C=C4)Cl)CCO,CC1COC2=C3N1C=C(C(=O)C3=CC(=C2N4CCN(CC4)C)F)C(=O)O
Thioridazine,Levofloxacin,Thioridazine may increase the QTc-prolonging activities of Levofloxacin.,CN1CCCCC1CCN2C3=CC=CC=C3SC4=C2C=C(C=C4)SC,CC1COC2=C3N1C=C(C(=O)C3=CC(=C2N4CCN(CC4)C)F)C(=O)O
Lisuride,Levofloxacin,The risk or severity of adverse effects can be increased when Lisuride is combined with Levofloxacin.,CCN(CC)C(=O)NC1CN(C2CC3=CNC4=CC=CC(=C34)C2=C1)C,CC1COC2=C3N1C=C(C(=O)C3=CC(=C2N4CCN(CC4)C)F)C(=O)O
Ergometrine,Levofloxacin,The risk or severity of adverse effects can be increased when Ergometrine is combined with Levofloxacin.,CC(CO)NC(=O)C1CN(C2CC3=CNC4=CC=CC(=C34)C2=C1)C,CC1COC2=C3N1C=C(C(=O)C3=CC(=C2N4CCN(CC4)C)F)C(=O)O
Methylergometrine,Levofloxacin,The risk or severity of adverse effects can be increased when Methylergometrine is combined with Levofloxacin.,CCC(CO)NC(=O)C1CN(C2CC3=CNC4=CC=CC(=C34)C2=C1)C,CC1COC2=C3N1C=C(C(=O)C3=CC(=C2N4CCN(CC4)C)F)C(=O)O
Ergotamine,Levofloxacin,The risk or severity of adverse effects can be increased when Ergotamine is combined with Levofloxacin.,CC1(C(=O)N2C(C(=O)N3CCCC3C2(O1)O)CC4=CC=CC=C4)NC(=O)C5CN(C6CC7=CNC8=CC=CC(=C78)C6=C5)C,CC1COC2=C3N1C=C(C(=O)C3=CC(=C2N4CCN(CC4)C)F)C(=O)O
Pergolide,Levofloxacin,The risk or severity of adverse effects can be increased when Pergolide is combined with Levofloxacin.,CCCN1CC(CC2C1CC3=CNC4=CC=CC2=C34)CSC,CC1COC2=C3N1C=C(C(=O)C3=CC(=C2N4CCN(CC4)C)F)C(=O)O
Domperidone,Levofloxacin,Domperidone may increase the QTc-prolonging activities of Levofloxacin.,C1CN(CCC1N2C3=C(C=C(C=C3)Cl)NC2=O)CCCN4C5=CC=CC=C5NC4=O,CC1COC2=C3N1C=C(C(=O)C3=CC(=C2N4CCN(CC4)C)F)C(=O)O
Dofetilide,Levofloxacin,Dofetilide may increase the QTc-prolonging activities of Levofloxacin.,CN(CCC1=CC=C(C=C1)NS(=O)(=O)C)CCOC2=CC=C(C=C2)NS(=O)(=O)C,CC1COC2=C3N1C=C(C(=O)C3=CC(=C2N4CCN(CC4)C)F)C(=O)O
Cisapride,Levofloxacin,Cisapride may increase the QTc-prolonging activities of Levofloxacin.,COC1CN(CCC1NC(=O)C2=CC(=C(C=C2OC)N)Cl)CCCOC3=CC=C(C=C3)F,CC1COC2=C3N1C=C(C(=O)C3=CC(=C2N4CCN(CC4)C)F)C(=O)O
Telavancin,Levofloxacin,Telavancin may increase the QTc-prolonging activities of Levofloxacin.,CCCCCCCCCCNCCNC1(CC(OC(C1O)C)OC2C(C(C(OC2OC3=C4C=C5C=C3OC6=C(C=C(C=C6)C(C(C(=O)NC(C(=O)NC5C(=O)NC7C8=CC(=C(C=C8)O)C9=C(C(=C(C=C9C(NC(=O)C(C(C1=CC(=C(O4)C=C1)Cl)O)NC7=O)C(=O)O)O)CNCP(=O)(O)O)O)CC(=O)N)NC(=O)C(CC(C)C)NC)O)Cl)CO)O)O)C,CC1COC2=C3N1C=C(C(=O)C3=CC(=C2N4CCN(CC4)C)F)C(=O)O
Bedaquiline,Levofloxacin,Bedaquiline may increase the QTc-prolonging activities of Levofloxacin.,CN(C)CCC(C1=CC=CC2=CC=CC=C21)(C(C3=CC=CC=C3)C4=C(N=C5C=CC(=CC5=C4)Br)OC)O,CC1COC2=C3N1C=C(C(=O)C3=CC(=C2N4CCN(CC4)C)F)C(=O)O
Ibutilide,Levofloxacin,Ibutilide may increase the QTc-prolonging activities of Levofloxacin.,CCCCCCCN(CC)CCCC(C1=CC=C(C=C1)NS(=O)(=O)C)O,CC1COC2=C3N1C=C(C(=O)C3=CC(=C2N4CCN(CC4)C)F)C(=O)O
Propafenone,Levofloxacin,Propafenone may increase the QTc-prolonging activities of Levofloxacin.,CCCNCC(COC1=CC=CC=C1C(=O)CCC2=CC=CC=C2)O,CC1COC2=C3N1C=C(C(=O)C3=CC(=C2N4CCN(CC4)C)F)C(=O)O
Flecainide,Levofloxacin,Flecainide may increase the QTc-prolonging activities of Levofloxacin.,C1CCNC(C1)CNC(=O)C2=C(C=CC(=C2)OCC(F)(F)F)OCC(F)(F)F,CC1COC2=C3N1C=C(C(=O)C3=CC(=C2N4CCN(CC4)C)F)C(=O)O
Procainamide,Levofloxacin,Procainamide may increase the QTc-prolonging activities of Levofloxacin.,CCN(CC)CCNC(=O)C1=CC=C(C=C1)N,CC1COC2=C3N1C=C(C(=O)C3=CC(=C2N4CCN(CC4)C)F)C(=O)O
Escitalopram,Levofloxacin,Escitalopram may increase the QTc-prolonging activities of Levofloxacin.,CN(C)CCCC1(C2=C(CO1)C=C(C=C2)C#N)C3=CC=C(C=C3)F,CC1COC2=C3N1C=C(C(=O)C3=CC(=C2N4CCN(CC4)C)F)C(=O)O
Tacrolimus,Levofloxacin,Tacrolimus may increase the QTc-prolonging activities of Levofloxacin.,CC1CC(C2C(CC(C(O2)(C(=O)C(=O)N3CCCCC3C(=O)OC(C(C(CC(=O)C(C=C(C1)C)CC=C)O)C)C(=CC4CCC(C(C4)OC)O)C)O)C)OC)OC,CC1COC2=C3N1C=C(C(=O)C3=CC(=C2N4CCN(CC4)C)F)C(=O)O
Rilpivirine,Levofloxacin,The serum concentration of Levofloxacin can be increased when it is combined with Rilpivirine.,CC1=CC(=CC(=C1NC2=NC(=NC=C2)NC3=CC=C(C=C3)C#N)C)C=CC#N,CC1COC2=C3N1C=C(C(=O)C3=CC(=C2N4CCN(CC4)C)F)C(=O)O
Nicergoline,Levofloxacin,The risk or severity of adverse effects can be increased when Nicergoline is combined with Levofloxacin.,CN1CC(CC2(C1CC3=CN(C4=CC=CC2=C34)C)OC)COC(=O)C5=CC(=CN=C5)Br,CC1COC2=C3N1C=C(C(=O)C3=CC(=C2N4CCN(CC4)C)F)C(=O)O
Pravastatin,Levofloxacin,The serum concentration of Levofloxacin can be increased when it is combined with Pravastatin.,CCC(C)C(=O)OC1CC(C=C2C1C(C(C=C2)C)CCC(CC(CC(=O)O)O)O)O,CC1COC2=C3N1C=C(C(=O)C3=CC(=C2N4CCN(CC4)C)F)C(=O)O
Simvastatin,Levofloxacin,The serum concentration of Levofloxacin can be increased when it is combined with Simvastatin.,CCC(C)(C)C(=O)OC1CC(C=C2C1C(C(C=C2)C)CCC3CC(CC(=O)O3)O)C,CC1COC2=C3N1C=C(C(=O)C3=CC(=C2N4CCN(CC4)C)F)C(=O)O
Pitavastatin,Levofloxacin,The serum concentration of Levofloxacin can be increased when it is combined with Pitavastatin.,C1CC1C2=NC3=CC=CC=C3C(=C2C=CC(CC(CC(=O)O)O)O)C4=CC=C(C=C4)F,CC1COC2=C3N1C=C(C(=O)C3=CC(=C2N4CCN(CC4)C)F)C(=O)O
Fluvastatin,Levofloxacin,The serum concentration of Levofloxacin can be increased when it is combined with Fluvastatin.,CC(C)N1C2=CC=CC=C2C(=C1C=CC(CC(CC(=O)O)O)O)C3=CC=C(C=C3)F,CC1COC2=C3N1C=C(C(=O)C3=CC(=C2N4CCN(CC4)C)F)C(=O)O
Rosuvastatin,Levofloxacin,The serum concentration of Levofloxacin can be increased when it is combined with Rosuvastatin.,CC(C)C1=NC(=NC(=C1C=CC(CC(CC(=O)O)O)O)C2=CC=C(C=C2)F)N(C)S(=O)(=O)C,CC1COC2=C3N1C=C(C(=O)C3=CC(=C2N4CCN(CC4)C)F)C(=O)O
Methysergide,Levofloxacin,The risk or severity of adverse effects can be increased when Methysergide is combined with Levofloxacin.,CCC(CO)NC(=O)C1CN(C2CC3=CN(C4=CC=CC(=C34)C2=C1)C)C,CC1COC2=C3N1C=C(C(=O)C3=CC(=C2N4CCN(CC4)C)F)C(=O)O
Tolvaptan,Levofloxacin,The serum concentration of Levofloxacin can be increased when it is combined with Tolvaptan.,CC1=CC=CC=C1C(=O)NC2=CC(=C(C=C2)C(=O)N3CCCC(C4=C3C=CC(=C4)Cl)O)C,CC1COC2=C3N1C=C(C(=O)C3=CC(=C2N4CCN(CC4)C)F)C(=O)O
Tiaprofenic acid,Trovafloxacin,Tiaprofenic acid may increase the neuroexcitatory activities of Trovafloxacin.,CC(C1=CC=C(S1)C(=O)C2=CC=CC=C2)C(=O)O,C1C2C(C2N)CN1C3=C(C=C4C(=O)C(=CN(C4=N3)C5=C(C=C(C=C5)F)F)C(=O)O)F
Carprofen,Trovafloxacin,Carprofen may increase the neuroexcitatory activities of Trovafloxacin.,CC(C1=CC2=C(C=C1)C3=C(N2)C=CC(=C3)Cl)C(=O)O,C1C2C(C2N)CN1C3=C(C=C4C(=O)C(=CN(C4=N3)C5=C(C=C(C=C5)F)F)C(=O)O)F
Cyclophosphamide,Trovafloxacin,Cyclophosphamide may increase the cardiotoxic activities of Trovafloxacin.,C1CNP(=O)(OC1)N(CCCl)CCCl,C1C2C(C2N)CN1C3=C(C=C4C(=O)C(=CN(C4=N3)C5=C(C=C(C=C5)F)F)C(=O)O)F
Paclitaxel,Trovafloxacin,The risk or severity of adverse effects can be increased when Paclitaxel is combined with Trovafloxacin.,CC1=C2C(C(=O)C3(C(CC4C(C3C(C(C2(C)C)(CC1OC(=O)C(C(C5=CC=CC=C5)NC(=O)C6=CC=CC=C6)O)O)OC(=O)C7=CC=CC=C7)(CO4)OC(=O)C)O)C)OC(=O)C,C1C2C(C2N)CN1C3=C(C=C4C(=O)C(=CN(C4=N3)C5=C(C=C(C=C5)F)F)C(=O)O)F
Docetaxel,Trovafloxacin,The risk or severity of adverse effects can be increased when Docetaxel is combined with Trovafloxacin.,CC1=C2C(C(=O)C3(C(CC4C(C3C(C(C2(C)C)(CC1OC(=O)C(C(C5=CC=CC=C5)NC(=O)OC(C)(C)C)O)O)OC(=O)C6=CC=CC=C6)(CO4)OC(=O)C)O)C)O,C1C2C(C2N)CN1C3=C(C=C4C(=O)C(=CN(C4=N3)C5=C(C=C(C=C5)F)F)C(=O)O)F
Cabazitaxel,Trovafloxacin,The risk or severity of adverse effects can be increased when Cabazitaxel is combined with Trovafloxacin.,CC1=C2C(C(=O)C3(C(CC4C(C3C(C(C2(C)C)(CC1OC(=O)C(C(C5=CC=CC=C5)NC(=O)OC(C)(C)C)O)O)OC(=O)C6=CC=CC=C6)(CO4)OC(=O)C)OC)C)OC,C1C2C(C2N)CN1C3=C(C=C4C(=O)C(=CN(C4=N3)C5=C(C=C(C=C5)F)F)C(=O)O)F
Acarbose,Trovafloxacin,Acarbose may increase the hypoglycemic activities of Trovafloxacin.,CC1C(C(C(C(O1)OC2C(OC(C(C2O)O)OC(C(CO)O)C(C(C=O)O)O)CO)O)O)NC3C=C(C(C(C3O)O)O)CO,C1C2C(C2N)CN1C3=C(C=C4C(=O)C(=CN(C4=N3)C5=C(C=C(C=C5)F)F)C(=O)O)F
Sunitinib,Trovafloxacin,Sunitinib may increase the hypoglycemic activities of Trovafloxacin.,CCN(CC)CCNC(=O)C1=C(NC(=C1C)C=C2C3=C(C=CC(=C3)F)NC2=O)C,C1C2C(C2N)CN1C3=C(C=C4C(=O)C(=CN(C4=N3)C5=C(C=C(C=C5)F)F)C(=O)O)F
Prednisolone,Trovafloxacin,The risk or severity of adverse effects can be increased when Prednisolone is combined with Trovafloxacin.,CC12CC(C3C(C1CCC2(C(=O)CO)O)CCC4=CC(=O)C=CC34C)O,C1C2C(C2N)CN1C3=C(C=C4C(=O)C(=CN(C4=N3)C5=C(C=C(C=C5)F)F)C(=O)O)F
Dexamethasone,Trovafloxacin,The risk or severity of adverse effects can be increased when Dexamethasone is combined with Trovafloxacin.,CC1CC2C3CCC4=CC(=O)C=CC4(C3(C(CC2(C1(C(=O)CO)O)C)O)F)C,C1C2C(C2N)CN1C3=C(C=C4C(=O)C(=CN(C4=N3)C5=C(C=C(C=C5)F)F)C(=O)O)F
Prednisone,Trovafloxacin,The risk or severity of adverse effects can be increased when Prednisone is combined with Trovafloxacin.,CC12CC(=O)C3C(C1CCC2(C(=O)CO)O)CCC4=CC(=O)C=CC34C,C1C2C(C2N)CN1C3=C(C=C4C(=O)C(=CN(C4=N3)C5=C(C=C(C=C5)F)F)C(=O)O)F
Methylprednisolone,Trovafloxacin,The risk or severity of adverse effects can be increased when Methylprednisolone is combined with Trovafloxacin.,CC1CC2C3CCC(C3(CC(C2C4(C1=CC(=O)C=C4)C)O)C)(C(=O)CO)O,C1C2C(C2N)CN1C3=C(C=C4C(=O)C(=CN(C4=N3)C5=C(C=C(C=C5)F)F)C(=O)O)F
Formestane,Trovafloxacin,The risk or severity of adverse effects can be increased when Formestane is combined with Trovafloxacin.,CC12CCC(=O)C(=C1CCC3C2CCC4(C3CCC4=O)C)O,C1C2C(C2N)CN1C3=C(C=C4C(=O)C(=CN(C4=N3)C5=C(C=C(C=C5)F)F)C(=O)O)F
Mesalazine,Trovafloxacin,Mesalazine may increase the neuroexcitatory activities of Trovafloxacin.,C1=CC(=C(C=C1N)C(=O)O)O,C1C2C(C2N)CN1C3=C(C=C4C(=O)C(=CN(C4=N3)C5=C(C=C(C=C5)F)F)C(=O)O)F
Balsalazide,Trovafloxacin,Balsalazide may increase the neuroexcitatory activities of Trovafloxacin.,C1=CC(=CC=C1C(=O)NCCC(=O)O)N=NC2=CC(=C(C=C2)O)C(=O)O,C1C2C(C2N)CN1C3=C(C=C4C(=O)C(=CN(C4=N3)C5=C(C=C(C=C5)F)F)C(=O)O)F
Olsalazine,Trovafloxacin,Olsalazine may increase the neuroexcitatory activities of Trovafloxacin.,C1=CC(=C(C=C1N=NC2=CC(=C(C=C2)O)C(=O)O)C(=O)O)O,C1C2C(C2N)CN1C3=C(C=C4C(=O)C(=CN(C4=N3)C5=C(C=C(C=C5)F)F)C(=O)O)F
Resveratrol,Trovafloxacin,Resveratrol may increase the neuroexcitatory activities of Trovafloxacin.,C1=CC(=CC=C1C=CC2=CC(=CC(=C2)O)O)O,C1C2C(C2N)CN1C3=C(C=C4C(=O)C(=CN(C4=N3)C5=C(C=C(C=C5)F)F)C(=O)O)F
Masoprocol,Trovafloxacin,Masoprocol may increase the neuroexcitatory activities of Trovafloxacin.,CC(CC1=CC(=C(C=C1)O)O)C(C)CC2=CC(=C(C=C2)O)O,C1C2C(C2N)CN1C3=C(C=C4C(=O)C(=CN(C4=N3)C5=C(C=C(C=C5)F)F)C(=O)O)F
Sulindac,Trovafloxacin,Sulindac may increase the neuroexcitatory activities of Trovafloxacin.,CC1=C(C2=C(C1=CC3=CC=C(C=C3)S(=O)C)C=CC(=C2)F)CC(=O)O,C1C2C(C2N)CN1C3=C(C=C4C(=O)C(=CN(C4=N3)C5=C(C=C(C=C5)F)F)C(=O)O)F
Pirfenidone,Trovafloxacin,Pirfenidone may increase the neuroexcitatory activities of Trovafloxacin.,CC1=CN(C(=O)C=C1)C2=CC=CC=C2,C1C2C(C2N)CN1C3=C(C=C4C(=O)C(=CN(C4=N3)C5=C(C=C(C=C5)F)F)C(=O)O)F
Mycophenolate mofetil,Trovafloxacin,Mycophenolate mofetil may increase the neuroexcitatory activities of Trovafloxacin.,CC1=C2COC(=O)C2=C(C(=C1OC)CC=C(C)CCC(=O)OCCN3CCOCC3)O,C1C2C(C2N)CN1C3=C(C=C4C(=O)C(=CN(C4=N3)C5=C(C=C(C=C5)F)F)C(=O)O)F
Leflunomide,Trovafloxacin,Leflunomide may increase the neuroexcitatory activities of Trovafloxacin.,CC1=C(C=NO1)C(=O)NC2=CC=C(C=C2)C(F)(F)F,C1C2C(C2N)CN1C3=C(C=C4C(=O)C(=CN(C4=N3)C5=C(C=C(C=C5)F)F)C(=O)O)F
Vemurafenib,Trovafloxacin,The risk or severity of QTc prolongation can be increased when Vemurafenib is combined with Trovafloxacin.,CCCS(=O)(=O)NC1=C(C(=C(C=C1)F)C(=O)C2=CNC3=C2C=C(C=N3)C4=CC=C(C=C4)Cl)F,C1C2C(C2N)CN1C3=C(C=C4C(=O)C(=CN(C4=N3)C5=C(C=C(C=C5)F)F)C(=O)O)F
Warfarin,Trovafloxacin,Warfarin may increase the anticoagulant activities of Trovafloxacin.,CC(=O)CC(C1=CC=CC=C1)C2=C(C3=CC=CC=C3OC2=O)O,C1C2C(C2N)CN1C3=C(C=C4C(=O)C(=CN(C4=N3)C5=C(C=C(C=C5)F)F)C(=O)O)F
Phenprocoumon,Trovafloxacin,Phenprocoumon may increase the anticoagulant activities of Trovafloxacin.,CCC(C1=CC=CC=C1)C2=C(C3=CC=CC=C3OC2=O)O,C1C2C(C2N)CN1C3=C(C=C4C(=O)C(=CN(C4=N3)C5=C(C=C(C=C5)F)F)C(=O)O)F
Phenindione,Trovafloxacin,Phenindione may increase the anticoagulant activities of Trovafloxacin.,C1=CC=C(C=C1)C2C(=O)C3=CC=CC=C3C2=O,C1C2C(C2N)CN1C3=C(C=C4C(=O)C(=CN(C4=N3)C5=C(C=C(C=C5)F)F)C(=O)O)F
Acenocoumarol,Trovafloxacin,Acenocoumarol may increase the anticoagulant activities of Trovafloxacin.,CC(=O)CC(C1=CC=C(C=C1)[N+](=O)[O-])C2=C(C3=CC=CC=C3OC2=O)O,C1C2C(C2N)CN1C3=C(C=C4C(=O)C(=CN(C4=N3)C5=C(C=C(C=C5)F)F)C(=O)O)F
Dicoumarol,Trovafloxacin,Dicoumarol may increase the anticoagulant activities of Trovafloxacin.,C1=CC=C2C(=C1)C(=C(C(=O)O2)CC3=C(C4=CC=CC=C4OC3=O)O)O,C1C2C(C2N)CN1C3=C(C=C4C(=O)C(=CN(C4=N3)C5=C(C=C(C=C5)F)F)C(=O)O)F
Nafamostat,Trovafloxacin,Nafamostat may increase the neuroexcitatory activities of Trovafloxacin.,C1=CC(=CC=C1C(=O)OC2=CC3=C(C=C2)C=C(C=C3)C(=N)N)N=C(N)N,C1C2C(C2N)CN1C3=C(C=C4C(=O)C(=CN(C4=N3)C5=C(C=C(C=C5)F)F)C(=O)O)F
Rosiglitazone,Trovafloxacin,Rosiglitazone may increase the hypoglycemic activities of Trovafloxacin.,CN(CCOC1=CC=C(C=C1)CC2C(=O)NC(=O)S2)C3=CC=CC=N3,C1C2C(C2N)CN1C3=C(C=C4C(=O)C(=CN(C4=N3)C5=C(C=C(C=C5)F)F)C(=O)O)F
Nimesulide,Trovafloxacin,Nimesulide may increase the neuroexcitatory activities of Trovafloxacin.,CS(=O)(=O)NC1=C(C=C(C=C1)[N+](=O)[O-])OC2=CC=CC=C2,C1C2C(C2N)CN1C3=C(C=C4C(=O)C(=CN(C4=N3)C5=C(C=C(C=C5)F)F)C(=O)O)F
Acetylsalicylic acid,Trovafloxacin,Acetylsalicylic acid may increase the neuroexcitatory activities of Trovafloxacin.,CC(=O)OC1=CC=CC=C1C(=O)O,C1C2C(C2N)CN1C3=C(C=C4C(=O)C(=CN(C4=N3)C5=C(C=C(C=C5)F)F)C(=O)O)F
Diflunisal,Trovafloxacin,Diflunisal may increase the neuroexcitatory activities of Trovafloxacin.,C1=CC(=C(C=C1C2=C(C=C(C=C2)F)F)C(=O)O)O,C1C2C(C2N)CN1C3=C(C=C4C(=O)C(=CN(C4=N3)C5=C(C=C(C=C5)F)F)C(=O)O)F
Azelastine,Trovafloxacin,Azelastine may increase the neuroexcitatory activities of Trovafloxacin.,CN1CCCC(CC1)N2C(=O)C3=CC=CC=C3C(=N2)CC4=CC=C(C=C4)Cl,C1C2C(C2N)CN1C3=C(C=C4C(=O)C(=CN(C4=N3)C5=C(C=C(C=C5)F)F)C(=O)O)F
Tranilast,Trovafloxacin,Tranilast may increase the neuroexcitatory activities of Trovafloxacin.,COC1=C(C=C(C=C1)C=CC(=O)NC2=CC=CC=C2C(=O)O)OC,C1C2C(C2N)CN1C3=C(C=C4C(=O)C(=CN(C4=N3)C5=C(C=C(C=C5)F)F)C(=O)O)F
Sulfisoxazole,Trovafloxacin,Sulfisoxazole may increase the hypoglycemic activities of Trovafloxacin.,CC1=C(ON=C1C)NS(=O)(=O)C2=CC=C(C=C2)N,C1C2C(C2N)CN1C3=C(C=C4C(=O)C(=CN(C4=N3)C5=C(C=C(C=C5)F)F)C(=O)O)F
Chlorpropamide,Trovafloxacin,Chlorpropamide may increase the hypoglycemic activities of Trovafloxacin.,CCCNC(=O)NS(=O)(=O)C1=CC=C(C=C1)Cl,C1C2C(C2N)CN1C3=C(C=C4C(=O)C(=CN(C4=N3)C5=C(C=C(C=C5)F)F)C(=O)O)F
Canagliflozin,Trovafloxacin,Canagliflozin may increase the hypoglycemic activities of Trovafloxacin.,CC1=C(C=C(C=C1)C2C(C(C(C(O2)CO)O)O)O)CC3=CC=C(S3)C4=CC=C(C=C4)F,C1C2C(C2N)CN1C3=C(C=C4C(=O)C(=CN(C4=N3)C5=C(C=C(C=C5)F)F)C(=O)O)F
Pentamidine,Trovafloxacin,Pentamidine may increase the hypoglycemic activities of Trovafloxacin.,C1=CC(=CC=C1C(=N)N)OCCCCCOC2=CC=C(C=C2)C(=N)N,C1C2C(C2N)CN1C3=C(C=C4C(=O)C(=CN(C4=N3)C5=C(C=C(C=C5)F)F)C(=O)O)F
Glipizide,Trovafloxacin,Glipizide may increase the hypoglycemic activities of Trovafloxacin.,CC1=CN=C(C=N1)C(=O)NCCC2=CC=C(C=C2)S(=O)(=O)NC(=O)NC3CCCCC3,C1C2C(C2N)CN1C3=C(C=C4C(=O)C(=CN(C4=N3)C5=C(C=C(C=C5)F)F)C(=O)O)F
Disopyramide,Trovafloxacin,Disopyramide may increase the hypoglycemic activities of Trovafloxacin.,CC(C)N(CCC(C1=CC=CC=C1)(C2=CC=CC=N2)C(=O)N)C(C)C,C1C2C(C2N)CN1C3=C(C=C4C(=O)C(=CN(C4=N3)C5=C(C=C(C=C5)F)F)C(=O)O)F
Tolbutamide,Trovafloxacin,Tolbutamide may increase the hypoglycemic activities of Trovafloxacin.,CCCCNC(=O)NS(=O)(=O)C1=CC=C(C=C1)C,C1C2C(C2N)CN1C3=C(C=C4C(=O)C(=CN(C4=N3)C5=C(C=C(C=C5)F)F)C(=O)O)F
Miglitol,Trovafloxacin,Miglitol may increase the hypoglycemic activities of Trovafloxacin.,C1C(C(C(C(N1CCO)CO)O)O)O,C1C2C(C2N)CN1C3=C(C=C4C(=O)C(=CN(C4=N3)C5=C(C=C(C=C5)F)F)C(=O)O)F
Sulfamethoxazole,Trovafloxacin,Sulfamethoxazole may increase the hypoglycemic activities of Trovafloxacin.,CC1=CC(=NO1)NS(=O)(=O)C2=CC=C(C=C2)N,C1C2C(C2N)CN1C3=C(C=C4C(=O)C(=CN(C4=N3)C5=C(C=C(C=C5)F)F)C(=O)O)F
Sitagliptin,Trovafloxacin,Sitagliptin may increase the hypoglycemic activities of Trovafloxacin.,C1CN2C(=NN=C2C(F)(F)F)CN1C(=O)CC(CC3=CC(=C(C=C3F)F)F)N,C1C2C(C2N)CN1C3=C(C=C4C(=O)C(=CN(C4=N3)C5=C(C=C(C=C5)F)F)C(=O)O)F
Dapagliflozin,Trovafloxacin,Dapagliflozin may increase the hypoglycemic activities of Trovafloxacin.,CCOC1=CC=C(C=C1)CC2=C(C=CC(=C2)C3C(C(C(C(O3)CO)O)O)O)Cl,C1C2C(C2N)CN1C3=C(C=C4C(=O)C(=CN(C4=N3)C5=C(C=C(C=C5)F)F)C(=O)O)F
Alogliptin,Trovafloxacin,Alogliptin may increase the hypoglycemic activities of Trovafloxacin.,CN1C(=O)C=C(N(C1=O)CC2=CC=CC=C2C#N)N3CCCC(C3)N,C1C2C(C2N)CN1C3=C(C=C4C(=O)C(=CN(C4=N3)C5=C(C=C(C=C5)F)F)C(=O)O)F
Saxagliptin,Trovafloxacin,Saxagliptin may increase the hypoglycemic activities of Trovafloxacin.,C1C2CC2N(C1C#N)C(=O)C(C34CC5CC(C3)CC(C5)(C4)O)N,C1C2C(C2N)CN1C3=C(C=C4C(=O)C(=CN(C4=N3)C5=C(C=C(C=C5)F)F)C(=O)O)F
Sulfadiazine,Trovafloxacin,Sulfadiazine may increase the hypoglycemic activities of Trovafloxacin.,C1=CN=C(N=C1)NS(=O)(=O)C2=CC=C(C=C2)N,C1C2C(C2N)CN1C3=C(C=C4C(=O)C(=CN(C4=N3)C5=C(C=C(C=C5)F)F)C(=O)O)F
Nateglinide,Trovafloxacin,Nateglinide may increase the hypoglycemic activities of Trovafloxacin.,CC(C)C1CCC(CC1)C(=O)NC(CC2=CC=CC=C2)C(=O)O,C1C2C(C2N)CN1C3=C(C=C4C(=O)C(=CN(C4=N3)C5=C(C=C(C=C5)F)F)C(=O)O)F
Gliclazide,Trovafloxacin,Gliclazide may increase the hypoglycemic activities of Trovafloxacin.,CC1=CC=C(C=C1)S(=O)(=O)NC(=O)NN2CC3CCCC3C2,C1C2C(C2N)CN1C3=C(C=C4C(=O)C(=CN(C4=N3)C5=C(C=C(C=C5)F)F)C(=O)O)F
Pioglitazone,Trovafloxacin,Pioglitazone may increase the hypoglycemic activities of Trovafloxacin.,CCC1=CN=C(C=C1)CCOC2=CC=C(C=C2)CC3C(=O)NC(=O)S3,C1C2C(C2N)CN1C3=C(C=C4C(=O)C(=CN(C4=N3)C5=C(C=C(C=C5)F)F)C(=O)O)F
Mifepristone,Trovafloxacin,Mifepristone may increase the hypoglycemic activities of Trovafloxacin.,CC#CC1(CCC2C1(CC(C3=C4CCC(=O)C=C4CCC23)C5=CC=C(C=C5)N(C)C)C)O,C1C2C(C2N)CN1C3=C(C=C4C(=O)C(=CN(C4=N3)C5=C(C=C(C=C5)F)F)C(=O)O)F
Quinine,Trovafloxacin,Quinine may increase the hypoglycemic activities of Trovafloxacin.,COC1=CC2=C(C=CN=C2C=C1)C(C3CC4CCN3CC4C=C)O,C1C2C(C2N)CN1C3=C(C=C4C(=O)C(=CN(C4=N3)C5=C(C=C(C=C5)F)F)C(=O)O)F
Metformin,Trovafloxacin,Metformin may increase the hypoglycemic activities of Trovafloxacin.,CN(C)C(=N)N=C(N)N,C1C2C(C2N)CN1C3=C(C=C4C(=O)C(=CN(C4=N3)C5=C(C=C(C=C5)F)F)C(=O)O)F
Tolazamide,Trovafloxacin,Tolazamide may increase the hypoglycemic activities of Trovafloxacin.,CC1=CC=C(C=C1)S(=O)(=O)NC(=O)NN2CCCCCC2,C1C2C(C2N)CN1C3=C(C=C4C(=O)C(=CN(C4=N3)C5=C(C=C(C=C5)F)F)C(=O)O)F
Glimepiride,Trovafloxacin,Glimepiride may increase the hypoglycemic activities of Trovafloxacin.,CCC1=C(CN(C1=O)C(=O)NCCC2=CC=C(C=C2)S(=O)(=O)NC(=O)NC3CCC(CC3)C)C,C1C2C(C2N)CN1C3=C(C=C4C(=O)C(=CN(C4=N3)C5=C(C=C(C=C5)F)F)C(=O)O)F
Empagliflozin,Trovafloxacin,Empagliflozin may increase the hypoglycemic activities of Trovafloxacin.,C1COCC1OC2=CC=C(C=C2)CC3=C(C=CC(=C3)C4C(C(C(C(O4)CO)O)O)O)Cl,C1C2C(C2N)CN1C3=C(C=C4C(=O)C(=CN(C4=N3)C5=C(C=C(C=C5)F)F)C(=O)O)F
Repaglinide,Trovafloxacin,Repaglinide may increase the hypoglycemic activities of Trovafloxacin.,CCOC1=C(C=CC(=C1)CC(=O)NC(CC(C)C)C2=CC=CC=C2N3CCCCC3)C(=O)O,C1C2C(C2N)CN1C3=C(C=C4C(=O)C(=CN(C4=N3)C5=C(C=C(C=C5)F)F)C(=O)O)F
Glyburide,Trovafloxacin,Glyburide may increase the hypoglycemic activities of Trovafloxacin.,COC1=C(C=C(C=C1)Cl)C(=O)NCCC2=CC=C(C=C2)S(=O)(=O)NC(=O)NC3CCCCC3,C1C2C(C2N)CN1C3=C(C=C4C(=O)C(=CN(C4=N3)C5=C(C=C(C=C5)F)F)C(=O)O)F
Bromocriptine,Trovafloxacin,Bromocriptine may increase the hypoglycemic activities of Trovafloxacin.,CC(C)CC1C(=O)N2CCCC2C3(N1C(=O)C(O3)(C(C)C)NC(=O)C4CN(C5CC6=C(NC7=CC=CC(=C67)C5=C4)Br)C)O,C1C2C(C2N)CN1C3=C(C=C4C(=O)C(=CN(C4=N3)C5=C(C=C(C=C5)F)F)C(=O)O)F
Seratrodast,Trovafloxacin,Seratrodast may increase the neuroexcitatory activities of Trovafloxacin.,CC1=C(C(=O)C(=C(C1=O)C)C(CCCCCC(=O)O)C2=CC=CC=C2)C,C1C2C(C2N)CN1C3=C(C=C4C(=O)C(=CN(C4=N3)C5=C(C=C(C=C5)F)F)C(=O)O)F
Chloroquine,Trovafloxacin,Chloroquine may increase the neuroexcitatory activities of Trovafloxacin.,CCN(CC)CCCC(C)NC1=C2C=CC(=CC2=NC=C1)Cl,C1C2C(C2N)CN1C3=C(C=C4C(=O)C(=CN(C4=N3)C5=C(C=C(C=C5)F)F)C(=O)O)F
Celecoxib,Trovafloxacin,Celecoxib may increase the neuroexcitatory activities of Trovafloxacin.,CC1=CC=C(C=C1)C2=CC(=NN2C3=CC=C(C=C3)S(=O)(=O)N)C(F)(F)F,C1C2C(C2N)CN1C3=C(C=C4C(=O)C(=CN(C4=N3)C5=C(C=C(C=C5)F)F)C(=O)O)F
Salicylic acid,Trovafloxacin,Salicylic acid may increase the neuroexcitatory activities of Trovafloxacin.,C1=CC=C(C(=C1)C(=O)O)O,C1C2C(C2N)CN1C3=C(C=C4C(=O)C(=CN(C4=N3)C5=C(C=C(C=C5)F)F)C(=O)O)F
Naftifine,Trovafloxacin,Naftifine may increase the neuroexcitatory activities of Trovafloxacin.,CN(CC=CC1=CC=CC=C1)CC2=CC=CC3=CC=CC=C32,C1C2C(C2N)CN1C3=C(C=C4C(=O)C(=CN(C4=N3)C5=C(C=C(C=C5)F)F)C(=O)O)F
Fluticasone propionate,Trovafloxacin,The risk or severity of adverse effects can be increased when Fluticasone propionate is combined with Trovafloxacin.,CCC(=O)OC1(C(CC2C1(CC(C3(C2CC(C4=CC(=O)C=CC43C)F)F)O)C)C)C(=O)SCF,C1C2C(C2N)CN1C3=C(C=C4C(=O)C(=CN(C4=N3)C5=C(C=C(C=C5)F)F)C(=O)O)F
Magnesium sulfate,Trovafloxacin,The serum concentration of Trovafloxacin can be decreased when it is combined with Magnesium sulfate.,[O-]S(=O)(=O)[O-].[Mg+2],C1C2C(C2N)CN1C3=C(C=C4C(=O)C(=CN(C4=N3)C5=C(C=C(C=C5)F)F)C(=O)O)F
Olopatadine,Trovafloxacin,Olopatadine may increase the neuroexcitatory activities of Trovafloxacin.,CN(C)CCC=C1C2=CC=CC=C2COC3=C1C=C(C=C3)CC(=O)O,C1C2C(C2N)CN1C3=C(C=C4C(=O)C(=CN(C4=N3)C5=C(C=C(C=C5)F)F)C(=O)O)F
Fluticasone furoate,Trovafloxacin,The risk or severity of adverse effects can be increased when Fluticasone furoate is combined with Trovafloxacin.,CC1CC2C3CC(C4=CC(=O)C=CC4(C3(C(CC2(C1(C(=O)SCF)OC(=O)C5=CC=CO5)C)O)F)C)F,C1C2C(C2N)CN1C3=C(C=C4C(=O)C(=CN(C4=N3)C5=C(C=C(C=C5)F)F)C(=O)O)F
Prasterone,Trovafloxacin,The risk or severity of adverse effects can be increased when Prasterone is combined with Trovafloxacin.,CC12CCC3C(C1CCC2=O)CC=C4C3(CCC(C4)O)C,C1C2C(C2N)CN1C3=C(C=C4C(=O)C(=CN(C4=N3)C5=C(C=C(C=C5)F)F)C(=O)O)F
Diflorasone,Trovafloxacin,The risk or severity of adverse effects can be increased when Diflorasone is combined with Trovafloxacin.,CC1CC2C3CC(C4=CC(=O)C=CC4(C3(C(CC2(C1(C(=O)CO)O)C)O)F)C)F,C1C2C(C2N)CN1C3=C(C=C4C(=O)C(=CN(C4=N3)C5=C(C=C(C=C5)F)F)C(=O)O)F
Flumethasone,Trovafloxacin,The risk or severity of adverse effects can be increased when Flumethasone is combined with Trovafloxacin.,CC1CC2C3CC(C4=CC(=O)C=CC4(C3(C(CC2(C1(C(=O)CO)O)C)O)F)C)F,C1C2C(C2N)CN1C3=C(C=C4C(=O)C(=CN(C4=N3)C5=C(C=C(C=C5)F)F)C(=O)O)F
Desoximetasone,Trovafloxacin,The risk or severity of adverse effects can be increased when Desoximetasone is combined with Trovafloxacin.,CC1CC2C3CCC4=CC(=O)C=CC4(C3(C(CC2(C1C(=O)CO)C)O)F)C,C1C2C(C2N)CN1C3=C(C=C4C(=O)C(=CN(C4=N3)C5=C(C=C(C=C5)F)F)C(=O)O)F
Mometasone,Trovafloxacin,The risk or severity of adverse effects can be increased when Mometasone is combined with Trovafloxacin.,CC1CC2C3CCC4=CC(=O)C=CC4(C3(C(CC2(C1(C(=O)CCl)O)C)O)Cl)C,C1C2C(C2N)CN1C3=C(C=C4C(=O)C(=CN(C4=N3)C5=C(C=C(C=C5)F)F)C(=O)O)F
Clobetasol propionate,Trovafloxacin,The risk or severity of adverse effects can be increased when Clobetasol propionate is combined with Trovafloxacin.,CCC(=O)OC1(C(CC2C1(CC(C3(C2CCC4=CC(=O)C=CC43C)F)O)C)C)C(=O)CCl,C1C2C(C2N)CN1C3=C(C=C4C(=O)C(=CN(C4=N3)C5=C(C=C(C=C5)F)F)C(=O)O)F
Estrone,Trovafloxacin,The risk or severity of adverse effects can be increased when Estrone is combined with Trovafloxacin.,CC12CCC3C(C1CCC2=O)CCC4=C3C=CC(=C4)O,C1C2C(C2N)CN1C3=C(C=C4C(=O)C(=CN(C4=N3)C5=C(C=C(C=C5)F)F)C(=O)O)F
Difluprednate,Trovafloxacin,The risk or severity of adverse effects can be increased when Difluprednate is combined with Trovafloxacin.,CCCC(=O)OC1(CCC2C1(CC(C3(C2CC(C4=CC(=O)C=CC43C)F)F)O)C)C(=O)COC(=O)C,C1C2C(C2N)CN1C3=C(C=C4C(=O)C(=CN(C4=N3)C5=C(C=C(C=C5)F)F)C(=O)O)F
Fluprednidene,Trovafloxacin,The risk or severity of adverse effects can be increased when Fluprednidene is combined with Trovafloxacin.,CC12CC(C3(C(C1CC(=C)C2(C(=O)CO)O)CCC4=CC(=O)C=CC43C)F)O,C1C2C(C2N)CN1C3=C(C=C4C(=O)C(=CN(C4=N3)C5=C(C=C(C=C5)F)F)C(=O)O)F
Beclomethasone dipropionate,Trovafloxacin,The risk or severity of adverse effects can be increased when Beclomethasone dipropionate is combined with Trovafloxacin.,CCC(=O)OCC(=O)C1(C(CC2C1(CC(C3(C2CCC4=CC(=O)C=CC43C)Cl)O)C)C)OC(=O)CC,C1C2C(C2N)CN1C3=C(C=C4C(=O)C(=CN(C4=N3)C5=C(C=C(C=C5)F)F)C(=O)O)F
Tixocortol,Trovafloxacin,The risk or severity of adverse effects can be increased when Tixocortol is combined with Trovafloxacin.,CC12CCC(=O)C=C1CCC3C2C(CC4(C3CCC4(C(=O)CS)O)C)O,C1C2C(C2N)CN1C3=C(C=C4C(=O)C(=CN(C4=N3)C5=C(C=C(C=C5)F)F)C(=O)O)F
Fluocinonide,Trovafloxacin,The risk or severity of adverse effects can be increased when Fluocinonide is combined with Trovafloxacin.,CC(=O)OCC(=O)C12C(CC3C1(CC(C4(C3CC(C5=CC(=O)C=CC54C)F)F)O)C)OC(O2)(C)C,C1C2C(C2N)CN1C3=C(C=C4C(=O)C(=CN(C4=N3)C5=C(C=C(C=C5)F)F)C(=O)O)F
Ciclesonide,Trovafloxacin,The risk or severity of adverse effects can be increased when Ciclesonide is combined with Trovafloxacin.,CC(C)C(=O)OCC(=O)C12C(CC3C1(CC(C4C3CCC5=CC(=O)C=CC45C)O)C)OC(O2)C6CCCCC6,C1C2C(C2N)CN1C3=C(C=C4C(=O)C(=CN(C4=N3)C5=C(C=C(C=C5)F)F)C(=O)O)F
Cortisone acetate,Trovafloxacin,The risk or severity of adverse effects can be increased when Cortisone acetate is combined with Trovafloxacin.,CC(=O)OCC(=O)C1(CCC2C1(CC(=O)C3C2CCC4=CC(=O)CCC34C)C)O,C1C2C(C2N)CN1C3=C(C=C4C(=O)C(=CN(C4=N3)C5=C(C=C(C=C5)F)F)C(=O)O)F
Alclometasone,Trovafloxacin,The risk or severity of adverse effects can be increased when Alclometasone is combined with Trovafloxacin.,CC1CC2C3C(CC4=CC(=O)C=CC4(C3C(CC2(C1(C(=O)CO)O)C)O)C)Cl,C1C2C(C2N)CN1C3=C(C=C4C(=O)C(=CN(C4=N3)C5=C(C=C(C=C5)F)F)C(=O)O)F
Fludrocortisone,Trovafloxacin,The risk or severity of adverse effects can be increased when Fludrocortisone is combined with Trovafloxacin.,CC12CCC(=O)C=C1CCC3C2(C(CC4(C3CCC4(C(=O)CO)O)C)O)F,C1C2C(C2N)CN1C3=C(C=C4C(=O)C(=CN(C4=N3)C5=C(C=C(C=C5)F)F)C(=O)O)F
Flunisolide,Trovafloxacin,The risk or severity of adverse effects can be increased when Flunisolide is combined with Trovafloxacin.,CC1(OC2CC3C4CC(C5=CC(=O)C=CC5(C4C(CC3(C2(O1)C(=O)CO)C)O)C)F)C,C1C2C(C2N)CN1C3=C(C=C4C(=O)C(=CN(C4=N3)C5=C(C=C(C=C5)F)F)C(=O)O)F
Triamcinolone,Trovafloxacin,The risk or severity of adverse effects can be increased when Triamcinolone is combined with Trovafloxacin.,CC12CC(C3(C(C1CC(C2(C(=O)CO)O)O)CCC4=CC(=O)C=CC43C)F)O,C1C2C(C2N)CN1C3=C(C=C4C(=O)C(=CN(C4=N3)C5=C(C=C(C=C5)F)F)C(=O)O)F
Fluocinolone acetonide,Trovafloxacin,The risk or severity of adverse effects can be increased when Fluocinolone acetonide is combined with Trovafloxacin.,CC1(OC2CC3C4CC(C5=CC(=O)C=CC5(C4(C(CC3(C2(O1)C(=O)CO)C)O)F)C)F)C,C1C2C(C2N)CN1C3=C(C=C4C(=O)C(=CN(C4=N3)C5=C(C=C(C=C5)F)F)C(=O)O)F
Paramethasone,Trovafloxacin,The risk or severity of adverse effects can be increased when Paramethasone is combined with Trovafloxacin.,CC1CC2C3CC(C4=CC(=O)C=CC4(C3C(CC2(C1(C(=O)CO)O)C)O)C)F,C1C2C(C2N)CN1C3=C(C=C4C(=O)C(=CN(C4=N3)C5=C(C=C(C=C5)F)F)C(=O)O)F
Prednicarbate,Trovafloxacin,The risk or severity of adverse effects can be increased when Prednicarbate is combined with Trovafloxacin.,CCC(=O)OCC(=O)C1(CCC2C1(CC(C3C2CCC4=CC(=O)C=CC34C)O)C)OC(=O)OCC,C1C2C(C2N)CN1C3=C(C=C4C(=O)C(=CN(C4=N3)C5=C(C=C(C=C5)F)F)C(=O)O)F
Rimexolone,Trovafloxacin,The risk or severity of adverse effects can be increased when Rimexolone is combined with Trovafloxacin.,CCC(=O)C1(C(CC2C1(CC(C3C2CCC4=CC(=O)C=CC34C)O)C)C)C,C1C2C(C2N)CN1C3=C(C=C4C(=O)C(=CN(C4=N3)C5=C(C=C(C=C5)F)F)C(=O)O)F
Betamethasone,Trovafloxacin,The risk or severity of adverse effects can be increased when Betamethasone is combined with Trovafloxacin.,CC1CC2C3CCC4=CC(=O)C=CC4(C3(C(CC2(C1(C(=O)CO)O)C)O)F)C,C1C2C(C2N)CN1C3=C(C=C4C(=O)C(=CN(C4=N3)C5=C(C=C(C=C5)F)F)C(=O)O)F
Deflazacort,Trovafloxacin,The risk or severity of adverse effects can be increased when Deflazacort is combined with Trovafloxacin.,CC1=NC2(C(O1)CC3C2(CC(C4C3CCC5=CC(=O)C=CC45C)O)C)C(=O)COC(=O)C,C1C2C(C2N)CN1C3=C(C=C4C(=O)C(=CN(C4=N3)C5=C(C=C(C=C5)F)F)C(=O)O)F
Desonide,Trovafloxacin,The risk or severity of adverse effects can be increased when Desonide is combined with Trovafloxacin.,CC1(OC2CC3C4CCC5=CC(=O)C=CC5(C4C(CC3(C2(O1)C(=O)CO)C)O)C)C,C1C2C(C2N)CN1C3=C(C=C4C(=O)C(=CN(C4=N3)C5=C(C=C(C=C5)F)F)C(=O)O)F
Amcinonide,Trovafloxacin,The risk or severity of adverse effects can be increased when Amcinonide is combined with Trovafloxacin.,CC(=O)OCC(=O)C12C(CC3C1(CC(C4(C3CCC5=CC(=O)C=CC54C)F)O)C)OC6(O2)CCCC6,C1C2C(C2N)CN1C3=C(C=C4C(=O)C(=CN(C4=N3)C5=C(C=C(C=C5)F)F)C(=O)O)F
Estrone sulfate,Trovafloxacin,The risk or severity of adverse effects can be increased when Estrone sulfate is combined with Trovafloxacin.,CC12CCC3C(C1CCC2=O)CCC4=C3C=CC(=C4)OS(=O)(=O)O,C1C2C(C2N)CN1C3=C(C=C4C(=O)C(=CN(C4=N3)C5=C(C=C(C=C5)F)F)C(=O)O)F
Equilin,Trovafloxacin,The risk or severity of adverse effects can be increased when Equilin is combined with Trovafloxacin.,CC12CCC3C(=CCC4=C3C=CC(=C4)O)C1CCC2=O,C1C2C(C2N)CN1C3=C(C=C4C(=O)C(=CN(C4=N3)C5=C(C=C(C=C5)F)F)C(=O)O)F
Ulobetasol,Trovafloxacin,The risk or severity of adverse effects can be increased when Ulobetasol is combined with Trovafloxacin.,CC1CC2C3CC(C4=CC(=O)C=CC4(C3(C(CC2(C1(C(=O)CCl)O)C)O)F)C)F,C1C2C(C2N)CN1C3=C(C=C4C(=O)C(=CN(C4=N3)C5=C(C=C(C=C5)F)F)C(=O)O)F
Loteprednol,Trovafloxacin,The risk or severity of adverse effects can be increased when Loteprednol is combined with Trovafloxacin.,CC12CC(C3C(C1CCC2(C(=O)OCCl)O)CCC4=CC(=O)C=CC34C)O,C1C2C(C2N)CN1C3=C(C=C4C(=O)C(=CN(C4=N3)C5=C(C=C(C=C5)F)F)C(=O)O)F
Halcinonide,Trovafloxacin,The risk or severity of adverse effects can be increased when Halcinonide is combined with Trovafloxacin.,CC1(OC2CC3C4CCC5=CC(=O)CCC5(C4(C(CC3(C2(O1)C(=O)CCl)C)O)F)C)C,C1C2C(C2N)CN1C3=C(C=C4C(=O)C(=CN(C4=N3)C5=C(C=C(C=C5)F)F)C(=O)O)F
Fluocortolone,Trovafloxacin,The risk or severity of adverse effects can be increased when Fluocortolone is combined with Trovafloxacin.,CC1CC2C3CC(C4=CC(=O)C=CC4(C3C(CC2(C1C(=O)CO)C)O)C)F,C1C2C(C2N)CN1C3=C(C=C4C(=O)C(=CN(C4=N3)C5=C(C=C(C=C5)F)F)C(=O)O)F
Flurandrenolide,Trovafloxacin,The risk or severity of adverse effects can be increased when Flurandrenolide is combined with Trovafloxacin.,CC1(OC2CC3C4CC(C5=CC(=O)CCC5(C4C(CC3(C2(O1)C(=O)CO)C)O)C)F)C,C1C2C(C2N)CN1C3=C(C=C4C(=O)C(=CN(C4=N3)C5=C(C=C(C=C5)F)F)C(=O)O)F
Budesonide,Trovafloxacin,The risk or severity of adverse effects can be increased when Budesonide is combined with Trovafloxacin.,CCCC1OC2CC3C4CCC5=CC(=O)C=CC5(C4C(CC3(C2(O1)C(=O)CO)C)O)C,C1C2C(C2N)CN1C3=C(C=C4C(=O)C(=CN(C4=N3)C5=C(C=C(C=C5)F)F)C(=O)O)F
Difluocortolone,Trovafloxacin,The risk or severity of adverse effects can be increased when Difluocortolone is combined with Trovafloxacin.,CC1CC2C3CC(C4=CC(=O)C=CC4(C3(C(CC2(C1C(=O)CO)C)O)F)C)F,C1C2C(C2N)CN1C3=C(C=C4C(=O)C(=CN(C4=N3)C5=C(C=C(C=C5)F)F)C(=O)O)F
Medrysone,Trovafloxacin,The risk or severity of adverse effects can be increased when Medrysone is combined with Trovafloxacin.,CC1CC2C3CCC(C3(CC(C2C4(C1=CC(=O)CC4)C)O)C)C(=O)C,C1C2C(C2N)CN1C3=C(C=C4C(=O)C(=CN(C4=N3)C5=C(C=C(C=C5)F)F)C(=O)O)F
Clocortolone,Trovafloxacin,The risk or severity of adverse effects can be increased when Clocortolone is combined with Trovafloxacin.,CC1CC2C3CC(C4=CC(=O)C=CC4(C3(C(CC2(C1C(=O)CO)C)O)Cl)C)F,C1C2C(C2N)CN1C3=C(C=C4C(=O)C(=CN(C4=N3)C5=C(C=C(C=C5)F)F)C(=O)O)F
Hydrocortisone,Trovafloxacin,The risk or severity of adverse effects can be increased when Hydrocortisone is combined with Trovafloxacin.,CC12CCC(=O)C=C1CCC3C2C(CC4(C3CCC4(C(=O)CO)O)C)O,C1C2C(C2N)CN1C3=C(C=C4C(=O)C(=CN(C4=N3)C5=C(C=C(C=C5)F)F)C(=O)O)F
Fluorometholone,Trovafloxacin,The risk or severity of adverse effects can be increased when Fluorometholone is combined with Trovafloxacin.,CC1CC2C3CCC(C3(CC(C2(C4(C1=CC(=O)C=C4)C)F)O)C)(C(=O)C)O,C1C2C(C2N)CN1C3=C(C=C4C(=O)C(=CN(C4=N3)C5=C(C=C(C=C5)F)F)C(=O)O)F
Clobetasone,Trovafloxacin,The risk or severity of adverse effects can be increased when Clobetasone is combined with Trovafloxacin.,CC1CC2C3CCC4=CC(=O)C=CC4(C3(C(=O)CC2(C1(C(=O)CCl)O)C)F)C,C1C2C(C2N)CN1C3=C(C=C4C(=O)C(=CN(C4=N3)C5=C(C=C(C=C5)F)F)C(=O)O)F
Fenbufen,Trovafloxacin,Fenbufen may increase the neuroexcitatory activities of Trovafloxacin.,C1=CC=C(C=C1)C2=CC=C(C=C2)C(=O)CCC(=O)O,C1C2C(C2N)CN1C3=C(C=C4C(=O)C(=CN(C4=N3)C5=C(C=C(C=C5)F)F)C(=O)O)F
Meclofenamic acid,Trovafloxacin,Meclofenamic acid may increase the neuroexcitatory activities of Trovafloxacin.,CC1=C(C(=C(C=C1)Cl)NC2=CC=CC=C2C(=O)O)Cl,C1C2C(C2N)CN1C3=C(C=C4C(=O)C(=CN(C4=N3)C5=C(C=C(C=C5)F)F)C(=O)O)F
Lumiracoxib,Trovafloxacin,Lumiracoxib may increase the neuroexcitatory activities of Trovafloxacin.,CC1=CC(=C(C=C1)NC2=C(C=CC=C2Cl)F)CC(=O)O,C1C2C(C2N)CN1C3=C(C=C4C(=O)C(=CN(C4=N3)C5=C(C=C(C=C5)F)F)C(=O)O)F
Tolmetin,Trovafloxacin,Tolmetin may increase the neuroexcitatory activities of Trovafloxacin.,CC1=CC=C(C=C1)C(=O)C2=CC=C(N2C)CC(=O)O,C1C2C(C2N)CN1C3=C(C=C4C(=O)C(=CN(C4=N3)C5=C(C=C(C=C5)F)F)C(=O)O)F
Tenoxicam,Trovafloxacin,Tenoxicam may increase the neuroexcitatory activities of Trovafloxacin.,CN1C(=C(C2=C(S1(=O)=O)C=CS2)O)C(=O)NC3=CC=CC=N3,C1C2C(C2N)CN1C3=C(C=C4C(=O)C(=CN(C4=N3)C5=C(C=C(C=C5)F)F)C(=O)O)F
Choline magnesium trisalicylate,Trovafloxacin,Choline magnesium trisalicylate may increase the neuroexcitatory activities of Trovafloxacin.,C[N+](C)(C)CCO.C1=CC=C(C(=C1)C(=O)O)[O-].C1=CC=C(C(=C1)C(=O)O)[O-].C1=CC=C(C(=C1)C(=O)O)[O-].[Mg+2],C1C2C(C2N)CN1C3=C(C=C4C(=O)C(=CN(C4=N3)C5=C(C=C(C=C5)F)F)C(=O)O)F
Etoricoxib,Trovafloxacin,Etoricoxib may increase the neuroexcitatory activities of Trovafloxacin.,CC1=NC=C(C=C1)C2=C(C=C(C=N2)Cl)C3=CC=C(C=C3)S(=O)(=O)C,C1C2C(C2N)CN1C3=C(C=C4C(=O)C(=CN(C4=N3)C5=C(C=C(C=C5)F)F)C(=O)O)F
Suprofen,Trovafloxacin,Suprofen may increase the neuroexcitatory activities of Trovafloxacin.,CC(C1=CC=C(C=C1)C(=O)C2=CC=CS2)C(=O)O,C1C2C(C2N)CN1C3=C(C=C4C(=O)C(=CN(C4=N3)C5=C(C=C(C=C5)F)F)C(=O)O)F
Flurbiprofen,Trovafloxacin,Flurbiprofen may increase the neuroexcitatory activities of Trovafloxacin.,CC(C1=CC(=C(C=C1)C2=CC=CC=C2)F)C(=O)O,C1C2C(C2N)CN1C3=C(C=C4C(=O)C(=CN(C4=N3)C5=C(C=C(C=C5)F)F)C(=O)O)F
Indomethacin,Trovafloxacin,Indomethacin may increase the neuroexcitatory activities of Trovafloxacin.,CC1=C(C2=C(N1C(=O)C3=CC=C(C=C3)Cl)C=CC(=C2)OC)CC(=O)O,C1C2C(C2N)CN1C3=C(C=C4C(=O)C(=CN(C4=N3)C5=C(C=C(C=C5)F)F)C(=O)O)F
Oxyphenbutazone,Trovafloxacin,Oxyphenbutazone may increase the neuroexcitatory activities of Trovafloxacin.,CCCCC1C(=O)N(N(C1=O)C2=CC=C(C=C2)O)C3=CC=CC=C3,C1C2C(C2N)CN1C3=C(C=C4C(=O)C(=CN(C4=N3)C5=C(C=C(C=C5)F)F)C(=O)O)F
Icatibant,Trovafloxacin,Icatibant may increase the neuroexcitatory activities of Trovafloxacin.,C1CCC2C(C1)CC(N2C(=O)C3CC4=CC=CC=C4CN3C(=O)C(CO)NC(=O)C(CC5=CC=CS5)NC(=O)CNC(=O)C6CC(CN6C(=O)C7CCCN7C(=O)C(CCCN=C(N)N)NC(=O)C(CCCN=C(N)N)N)O)C(=O)NC(CCCN=C(N)N)C(=O)O,C1C2C(C2N)CN1C3=C(C=C4C(=O)C(=CN(C4=N3)C5=C(C=C(C=C5)F)F)C(=O)O)F
Alclofenac,Trovafloxacin,Alclofenac may increase the neuroexcitatory activities of Trovafloxacin.,C=CCOC1=C(C=C(C=C1)CC(=O)O)Cl,C1C2C(C2N)CN1C3=C(C=C4C(=O)C(=CN(C4=N3)C5=C(C=C(C=C5)F)F)C(=O)O)F
Etodolac,Trovafloxacin,Etodolac may increase the neuroexcitatory activities of Trovafloxacin.,CCC1=C2C(=CC=C1)C3=C(N2)C(OCC3)(CC)CC(=O)O,C1C2C(C2N)CN1C3=C(C=C4C(=O)C(=CN(C4=N3)C5=C(C=C(C=C5)F)F)C(=O)O)F
Droxicam,Trovafloxacin,Droxicam may increase the neuroexcitatory activities of Trovafloxacin.,CN1C2=C(C3=CC=CC=C3S1(=O)=O)OC(=O)N(C2=O)C4=CC=CC=N4,C1C2C(C2N)CN1C3=C(C=C4C(=O)C(=CN(C4=N3)C5=C(C=C(C=C5)F)F)C(=O)O)F
Apremilast,Trovafloxacin,Apremilast may increase the neuroexcitatory activities of Trovafloxacin.,CCOC1=C(C=CC(=C1)C(CS(=O)(=O)C)N2C(=O)C3=C(C2=O)C(=CC=C3)NC(=O)C)OC,C1C2C(C2N)CN1C3=C(C=C4C(=O)C(=CN(C4=N3)C5=C(C=C(C=C5)F)F)C(=O)O)F
Tolfenamic acid,Trovafloxacin,Tolfenamic acid may increase the neuroexcitatory activities of Trovafloxacin.,CC1=C(C=CC=C1Cl)NC2=CC=CC=C2C(=O)O,C1C2C(C2N)CN1C3=C(C=C4C(=O)C(=CN(C4=N3)C5=C(C=C(C=C5)F)F)C(=O)O)F
Lornoxicam,Trovafloxacin,Lornoxicam may increase the neuroexcitatory activities of Trovafloxacin.,CN1C(=C(C2=C(S1(=O)=O)C=C(S2)Cl)O)C(=O)NC3=CC=CC=N3,C1C2C(C2N)CN1C3=C(C=C4C(=O)C(=CN(C4=N3)C5=C(C=C(C=C5)F)F)C(=O)O)F
Bromfenac,Trovafloxacin,Bromfenac may increase the neuroexcitatory activities of Trovafloxacin.,C1=CC(=C(C(=C1)C(=O)C2=CC=C(C=C2)Br)N)CC(=O)O,C1C2C(C2N)CN1C3=C(C=C4C(=O)C(=CN(C4=N3)C5=C(C=C(C=C5)F)F)C(=O)O)F
Propacetamol,Trovafloxacin,Propacetamol may increase the neuroexcitatory activities of Trovafloxacin.,CCN(CC)CC(=O)OC1=CC=C(C=C1)NC(=O)C,C1C2C(C2N)CN1C3=C(C=C4C(=O)C(=CN(C4=N3)C5=C(C=C(C=C5)F)F)C(=O)O)F
Parecoxib,Trovafloxacin,Parecoxib may increase the neuroexcitatory activities of Trovafloxacin.,CCC(=O)NS(=O)(=O)C1=CC=C(C=C1)C2=C(ON=C2C3=CC=CC=C3)C,C1C2C(C2N)CN1C3=C(C=C4C(=O)C(=CN(C4=N3)C5=C(C=C(C=C5)F)F)C(=O)O)F
Phenylbutazone,Trovafloxacin,Phenylbutazone may increase the neuroexcitatory activities of Trovafloxacin.,CCCCC1C(=O)N(N(C1=O)C2=CC=CC=C2)C3=CC=CC=C3,C1C2C(C2N)CN1C3=C(C=C4C(=O)C(=CN(C4=N3)C5=C(C=C(C=C5)F)F)C(=O)O)F
Acemetacin,Trovafloxacin,Acemetacin may increase the neuroexcitatory activities of Trovafloxacin.,CC1=C(C2=C(N1C(=O)C3=CC=C(C=C3)Cl)C=CC(=C2)OC)CC(=O)OCC(=O)O,C1C2C(C2N)CN1C3=C(C=C4C(=O)C(=CN(C4=N3)C5=C(C=C(C=C5)F)F)C(=O)O)F
Teriflunomide,Trovafloxacin,Teriflunomide may increase the neuroexcitatory activities of Trovafloxacin.,CC(=C(C#N)C(=O)NC1=CC=C(C=C1)C(F)(F)F)O,C1C2C(C2N)CN1C3=C(C=C4C(=O)C(=CN(C4=N3)C5=C(C=C(C=C5)F)F)C(=O)O)F
Nabumetone,Trovafloxacin,Nabumetone may increase the neuroexcitatory activities of Trovafloxacin.,CC(=O)CCC1=CC2=C(C=C1)C=C(C=C2)OC,C1C2C(C2N)CN1C3=C(C=C4C(=O)C(=CN(C4=N3)C5=C(C=C(C=C5)F)F)C(=O)O)F
Epirizole,Trovafloxacin,Epirizole may increase the neuroexcitatory activities of Trovafloxacin.,CC1=CC(=NC(=N1)N2C(=CC(=N2)C)OC)OC,C1C2C(C2N)CN1C3=C(C=C4C(=O)C(=CN(C4=N3)C5=C(C=C(C=C5)F)F)C(=O)O)F
Ketorolac,Trovafloxacin,Ketorolac may increase the neuroexcitatory activities of Trovafloxacin.,C1CN2C(=CC=C2C(=O)C3=CC=CC=C3)C1C(=O)O,C1C2C(C2N)CN1C3=C(C=C4C(=O)C(=CN(C4=N3)C5=C(C=C(C=C5)F)F)C(=O)O)F
Salsalate,Trovafloxacin,Salsalate may increase the neuroexcitatory activities of Trovafloxacin.,C1=CC=C(C(=C1)C(=O)OC2=CC=CC=C2C(=O)O)O,C1C2C(C2N)CN1C3=C(C=C4C(=O)C(=CN(C4=N3)C5=C(C=C(C=C5)F)F)C(=O)O)F
Aceclofenac,Trovafloxacin,Aceclofenac may increase the neuroexcitatory activities of Trovafloxacin.,C1=CC=C(C(=C1)CC(=O)OCC(=O)O)NC2=C(C=CC=C2Cl)Cl,C1C2C(C2N)CN1C3=C(C=C4C(=O)C(=CN(C4=N3)C5=C(C=C(C=C5)F)F)C(=O)O)F
Niflumic acid,Trovafloxacin,Niflumic acid may increase the neuroexcitatory activities of Trovafloxacin.,C1=CC(=CC(=C1)NC2=C(C=CC=N2)C(=O)O)C(F)(F)F,C1C2C(C2N)CN1C3=C(C=C4C(=O)C(=CN(C4=N3)C5=C(C=C(C=C5)F)F)C(=O)O)F
Zaltoprofen,Trovafloxacin,Zaltoprofen may increase the neuroexcitatory activities of Trovafloxacin.,CC(C1=CC2=C(C=C1)SC3=CC=CC=C3C(=O)C2)C(=O)O,C1C2C(C2N)CN1C3=C(C=C4C(=O)C(=CN(C4=N3)C5=C(C=C(C=C5)F)F)C(=O)O)F
Naproxen,Trovafloxacin,Naproxen may increase the neuroexcitatory activities of Trovafloxacin.,CC(C1=CC2=C(C=C1)C=C(C=C2)OC)C(=O)O,C1C2C(C2N)CN1C3=C(C=C4C(=O)C(=CN(C4=N3)C5=C(C=C(C=C5)F)F)C(=O)O)F
Pimecrolimus,Trovafloxacin,Pimecrolimus may increase the neuroexcitatory activities of Trovafloxacin.,CCC1C=C(CC(CC(C2C(CC(C(O2)(C(=O)C(=O)N3CCCCC3C(=O)OC(C(C(CC1=O)O)C)C(=CC4CCC(C(C4)OC)Cl)C)O)C)OC)OC)C)C,C1C2C(C2N)CN1C3=C(C=C4C(=O)C(=CN(C4=N3)C5=C(C=C(C=C5)F)F)C(=O)O)F
Antipyrine,Trovafloxacin,Antipyrine may increase the neuroexcitatory activities of Trovafloxacin.,CC1=CC(=O)N(N1C)C2=CC=CC=C2,C1C2C(C2N)CN1C3=C(C=C4C(=O)C(=CN(C4=N3)C5=C(C=C(C=C5)F)F)C(=O)O)F
Meloxicam,Trovafloxacin,Meloxicam may increase the neuroexcitatory activities of Trovafloxacin.,CC1=CN=C(S1)NC(=O)C2=C(C3=CC=CC=C3S(=O)(=O)N2C)O,C1C2C(C2N)CN1C3=C(C=C4C(=O)C(=CN(C4=N3)C5=C(C=C(C=C5)F)F)C(=O)O)F
Clonixin,Trovafloxacin,Clonixin may increase the neuroexcitatory activities of Trovafloxacin.,CC1=C(C=CC=C1Cl)NC2=C(C=CC=N2)C(=O)O,C1C2C(C2N)CN1C3=C(C=C4C(=O)C(=CN(C4=N3)C5=C(C=C(C=C5)F)F)C(=O)O)F
Piroxicam,Trovafloxacin,Piroxicam may increase the neuroexcitatory activities of Trovafloxacin.,CN1C(=C(C2=CC=CC=C2S1(=O)=O)O)C(=O)NC3=CC=CC=N3,C1C2C(C2N)CN1C3=C(C=C4C(=O)C(=CN(C4=N3)C5=C(C=C(C=C5)F)F)C(=O)O)F
Fenoprofen,Trovafloxacin,Fenoprofen may increase the neuroexcitatory activities of Trovafloxacin.,CC(C1=CC(=CC=C1)OC2=CC=CC=C2)C(=O)O,C1C2C(C2N)CN1C3=C(C=C4C(=O)C(=CN(C4=N3)C5=C(C=C(C=C5)F)F)C(=O)O)F
Oxaprozin,Trovafloxacin,Oxaprozin may increase the neuroexcitatory activities of Trovafloxacin.,C1=CC=C(C=C1)C2=C(OC(=N2)CCC(=O)O)C3=CC=CC=C3,C1C2C(C2N)CN1C3=C(C=C4C(=O)C(=CN(C4=N3)C5=C(C=C(C=C5)F)F)C(=O)O)F
Salicylamide,Trovafloxacin,Salicylamide may increase the neuroexcitatory activities of Trovafloxacin.,C1=CC=C(C(=C1)C(=O)N)O,C1C2C(C2N)CN1C3=C(C=C4C(=O)C(=CN(C4=N3)C5=C(C=C(C=C5)F)F)C(=O)O)F
Loxoprofen,Trovafloxacin,Loxoprofen may increase the neuroexcitatory activities of Trovafloxacin.,CC(C1=CC=C(C=C1)CC2CCCC2=O)C(=O)O,C1C2C(C2N)CN1C3=C(C=C4C(=O)C(=CN(C4=N3)C5=C(C=C(C=C5)F)F)C(=O)O)F
Zileuton,Trovafloxacin,Zileuton may increase the neuroexcitatory activities of Trovafloxacin.,CC(C1=CC2=CC=CC=C2S1)N(C(=O)N)O,C1C2C(C2N)CN1C3=C(C=C4C(=O)C(=CN(C4=N3)C5=C(C=C(C=C5)F)F)C(=O)O)F
Floctafenine,Trovafloxacin,Floctafenine may increase the neuroexcitatory activities of Trovafloxacin.,C1=CC=C(C(=C1)C(=O)OCC(CO)O)NC2=C3C=CC=C(C3=NC=C2)C(F)(F)F,C1C2C(C2N)CN1C3=C(C=C4C(=O)C(=CN(C4=N3)C5=C(C=C(C=C5)F)F)C(=O)O)F
Ibuprofen,Trovafloxacin,Ibuprofen may increase the neuroexcitatory activities of Trovafloxacin.,CC(C)CC1=CC=C(C=C1)C(C)C(=O)O,C1C2C(C2N)CN1C3=C(C=C4C(=O)C(=CN(C4=N3)C5=C(C=C(C=C5)F)F)C(=O)O)F
Etofenamate,Trovafloxacin,Etofenamate may increase the neuroexcitatory activities of Trovafloxacin.,C1=CC=C(C(=C1)C(=O)OCCOCCO)NC2=CC=CC(=C2)C(F)(F)F,C1C2C(C2N)CN1C3=C(C=C4C(=O)C(=CN(C4=N3)C5=C(C=C(C=C5)F)F)C(=O)O)F
Diclofenac,Trovafloxacin,Diclofenac may increase the neuroexcitatory activities of Trovafloxacin.,C1=CC=C(C(=C1)CC(=O)O)NC2=C(C=CC=C2Cl)Cl,C1C2C(C2N)CN1C3=C(C=C4C(=O)C(=CN(C4=N3)C5=C(C=C(C=C5)F)F)C(=O)O)F
Nepafenac,Trovafloxacin,Nepafenac may increase the neuroexcitatory activities of Trovafloxacin.,C1=CC=C(C=C1)C(=O)C2=CC=CC(=C2N)CC(=O)N,C1C2C(C2N)CN1C3=C(C=C4C(=O)C(=CN(C4=N3)C5=C(C=C(C=C5)F)F)C(=O)O)F
Sulfasalazine,Trovafloxacin,Sulfasalazine may increase the neuroexcitatory activities of Trovafloxacin.,C1=CC=NC(=C1)NS(=O)(=O)C2=CC=C(C=C2)N=NC3=CC(=C(C=C3)O)C(=O)O,C1C2C(C2N)CN1C3=C(C=C4C(=O)C(=CN(C4=N3)C5=C(C=C(C=C5)F)F)C(=O)O)F
Benzydamine,Trovafloxacin,Benzydamine may increase the neuroexcitatory activities of Trovafloxacin.,CN(C)CCCOC1=NN(C2=CC=CC=C21)CC3=CC=CC=C3,C1C2C(C2N)CN1C3=C(C=C4C(=O)C(=CN(C4=N3)C5=C(C=C(C=C5)F)F)C(=O)O)F
Ketoprofen,Trovafloxacin,Ketoprofen may increase the neuroexcitatory activities of Trovafloxacin.,CC(C1=CC(=CC=C1)C(=O)C2=CC=CC=C2)C(=O)O,C1C2C(C2N)CN1C3=C(C=C4C(=O)C(=CN(C4=N3)C5=C(C=C(C=C5)F)F)C(=O)O)F
Mefenamic acid,Trovafloxacin,Mefenamic acid may increase the neuroexcitatory activities of Trovafloxacin.,CC1=C(C(=CC=C1)NC2=CC=CC=C2C(=O)O)C,C1C2C(C2N)CN1C3=C(C=C4C(=O)C(=CN(C4=N3)C5=C(C=C(C=C5)F)F)C(=O)O)F
Adapalene,Trovafloxacin,Adapalene may increase the neuroexcitatory activities of Trovafloxacin.,COC1=C(C=C(C=C1)C2=CC3=C(C=C2)C=C(C=C3)C(=O)O)C45CC6CC(C4)CC(C6)C5,C1C2C(C2N)CN1C3=C(C=C4C(=O)C(=CN(C4=N3)C5=C(C=C(C=C5)F)F)C(=O)O)F
Magnesium salicylate,Trovafloxacin,The serum concentration of Trovafloxacin can be decreased when it is combined with Magnesium salicylate.,C1=CC=C(C(=C1)C(=O)O)[O-].C1=CC=C(C(=C1)C(=O)O)[O-].[Mg+2],C1C2C(C2N)CN1C3=C(C=C4C(=O)C(=CN(C4=N3)C5=C(C=C(C=C5)F)F)C(=O)O)F
Quinapril,Trovafloxacin,The serum concentration of Trovafloxacin can be decreased when it is combined with Quinapril.,CCOC(=O)C(CCC1=CC=CC=C1)NC(C)C(=O)N2CC3=CC=CC=C3CC2C(=O)O,C1C2C(C2N)CN1C3=C(C=C4C(=O)C(=CN(C4=N3)C5=C(C=C(C=C5)F)F)C(=O)O)F
Theophylline,Trovafloxacin,The metabolism of Trovafloxacin can be decreased when combined with Theophylline.,CN1C2=C(C(=O)N(C1=O)C)NC=N2,C1C2C(C2N)CN1C3=C(C=C4C(=O)C(=CN(C4=N3)C5=C(C=C(C=C5)F)F)C(=O)O)F
Dyphylline,Trovafloxacin,The metabolism of Trovafloxacin can be decreased when combined with Dyphylline.,CN1C2=C(C(=O)N(C1=O)C)N(C=N2)CC(CO)O,C1C2C(C2N)CN1C3=C(C=C4C(=O)C(=CN(C4=N3)C5=C(C=C(C=C5)F)F)C(=O)O)F
Aminophylline,Trovafloxacin,The metabolism of Trovafloxacin can be decreased when combined with Aminophylline.,CN1C2=C(C(=O)N(C1=O)C)NC=N2.CN1C2=C(C(=O)N(C1=O)C)NC=N2.C(CN)N,C1C2C(C2N)CN1C3=C(C=C4C(=O)C(=CN(C4=N3)C5=C(C=C(C=C5)F)F)C(=O)O)F
Varenicline,Trovafloxacin,The serum concentration of Trovafloxacin can be increased when it is combined with Varenicline.,C1C2CNCC1C3=CC4=NC=CN=C4C=C23,C1C2C(C2N)CN1C3=C(C=C4C(=O)C(=CN(C4=N3)C5=C(C=C(C=C5)F)F)C(=O)O)F
Iron,Trovafloxacin,The serum concentration of Trovafloxacin can be decreased when it is combined with Iron.,[Fe],C1C2C(C2N)CN1C3=C(C=C4C(=O)C(=CN(C4=N3)C5=C(C=C(C=C5)F)F)C(=O)O)F
Ferric pyrophosphate,Trovafloxacin,The serum concentration of Trovafloxacin can be decreased when it is combined with Ferric pyrophosphate.,[O-]P(=O)([O-])OP(=O)([O-])[O-].[O-]P(=O)([O-])OP(=O)([O-])[O-].[O-]P(=O)([O-])OP(=O)([O-])[O-].[Fe+3].[Fe+3].[Fe+3].[Fe+3],C1C2C(C2N)CN1C3=C(C=C4C(=O)C(=CN(C4=N3)C5=C(C=C(C=C5)F)F)C(=O)O)F
Lanthanum carbonate,Trovafloxacin,The serum concentration of Trovafloxacin can be decreased when it is combined with Lanthanum carbonate.,C(=O)([O-])[O-].C(=O)([O-])[O-].C(=O)([O-])[O-].[La+3].[La+3],C1C2C(C2N)CN1C3=C(C=C4C(=O)C(=CN(C4=N3)C5=C(C=C(C=C5)F)F)C(=O)O)F
Strontium ranelate,Trovafloxacin,The serum concentration of Trovafloxacin can be decreased when it is combined with Strontium ranelate.,C(C1=C(SC(=C1C#N)N(CC(=O)[O-])CC(=O)[O-])C(=O)[O-])C(=O)[O-].[Sr+2].[Sr+2],C1C2C(C2N)CN1C3=C(C=C4C(=O)C(=CN(C4=N3)C5=C(C=C(C=C5)F)F)C(=O)O)F
Tiaprofenic acid,Nalidixic acid,Tiaprofenic acid may increase the neuroexcitatory activities of Nalidixic acid.,CC(C1=CC=C(S1)C(=O)C2=CC=CC=C2)C(=O)O,CCN1C=C(C(=O)C2=C1N=C(C=C2)C)C(=O)O
Carprofen,Nalidixic acid,Carprofen may increase the neuroexcitatory activities of Nalidixic acid.,CC(C1=CC2=C(C=C1)C3=C(N2)C=CC(=C3)Cl)C(=O)O,CCN1C=C(C(=O)C2=C1N=C(C=C2)C)C(=O)O
Cyclophosphamide,Nalidixic acid,Cyclophosphamide may increase the cardiotoxic activities of Nalidixic acid.,C1CNP(=O)(OC1)N(CCCl)CCCl,CCN1C=C(C(=O)C2=C1N=C(C=C2)C)C(=O)O
Paclitaxel,Nalidixic acid,The risk or severity of adverse effects can be increased when Paclitaxel is combined with Nalidixic acid.,CC1=C2C(C(=O)C3(C(CC4C(C3C(C(C2(C)C)(CC1OC(=O)C(C(C5=CC=CC=C5)NC(=O)C6=CC=CC=C6)O)O)OC(=O)C7=CC=CC=C7)(CO4)OC(=O)C)O)C)OC(=O)C,CCN1C=C(C(=O)C2=C1N=C(C=C2)C)C(=O)O
Docetaxel,Nalidixic acid,The risk or severity of adverse effects can be increased when Docetaxel is combined with Nalidixic acid.,CC1=C2C(C(=O)C3(C(CC4C(C3C(C(C2(C)C)(CC1OC(=O)C(C(C5=CC=CC=C5)NC(=O)OC(C)(C)C)O)O)OC(=O)C6=CC=CC=C6)(CO4)OC(=O)C)O)C)O,CCN1C=C(C(=O)C2=C1N=C(C=C2)C)C(=O)O
Cabazitaxel,Nalidixic acid,The risk or severity of adverse effects can be increased when Cabazitaxel is combined with Nalidixic acid.,CC1=C2C(C(=O)C3(C(CC4C(C3C(C(C2(C)C)(CC1OC(=O)C(C(C5=CC=CC=C5)NC(=O)OC(C)(C)C)O)O)OC(=O)C6=CC=CC=C6)(CO4)OC(=O)C)OC)C)OC,CCN1C=C(C(=O)C2=C1N=C(C=C2)C)C(=O)O
Acarbose,Nalidixic acid,Acarbose may increase the hypoglycemic activities of Nalidixic acid.,CC1C(C(C(C(O1)OC2C(OC(C(C2O)O)OC(C(CO)O)C(C(C=O)O)O)CO)O)O)NC3C=C(C(C(C3O)O)O)CO,CCN1C=C(C(=O)C2=C1N=C(C=C2)C)C(=O)O
Sunitinib,Nalidixic acid,Sunitinib may increase the hypoglycemic activities of Nalidixic acid.,CCN(CC)CCNC(=O)C1=C(NC(=C1C)C=C2C3=C(C=CC(=C3)F)NC2=O)C,CCN1C=C(C(=O)C2=C1N=C(C=C2)C)C(=O)O
Prednisolone,Nalidixic acid,The risk or severity of adverse effects can be increased when Prednisolone is combined with Nalidixic acid.,CC12CC(C3C(C1CCC2(C(=O)CO)O)CCC4=CC(=O)C=CC34C)O,CCN1C=C(C(=O)C2=C1N=C(C=C2)C)C(=O)O
Dexamethasone,Nalidixic acid,The risk or severity of adverse effects can be increased when Dexamethasone is combined with Nalidixic acid.,CC1CC2C3CCC4=CC(=O)C=CC4(C3(C(CC2(C1(C(=O)CO)O)C)O)F)C,CCN1C=C(C(=O)C2=C1N=C(C=C2)C)C(=O)O
Prednisone,Nalidixic acid,The risk or severity of adverse effects can be increased when Prednisone is combined with Nalidixic acid.,CC12CC(=O)C3C(C1CCC2(C(=O)CO)O)CCC4=CC(=O)C=CC34C,CCN1C=C(C(=O)C2=C1N=C(C=C2)C)C(=O)O
Methylprednisolone,Nalidixic acid,The risk or severity of adverse effects can be increased when Methylprednisolone is combined with Nalidixic acid.,CC1CC2C3CCC(C3(CC(C2C4(C1=CC(=O)C=C4)C)O)C)(C(=O)CO)O,CCN1C=C(C(=O)C2=C1N=C(C=C2)C)C(=O)O
Formestane,Nalidixic acid,The risk or severity of adverse effects can be increased when Formestane is combined with Nalidixic acid.,CC12CCC(=O)C(=C1CCC3C2CCC4(C3CCC4=O)C)O,CCN1C=C(C(=O)C2=C1N=C(C=C2)C)C(=O)O
Mesalazine,Nalidixic acid,Mesalazine may increase the neuroexcitatory activities of Nalidixic acid.,C1=CC(=C(C=C1N)C(=O)O)O,CCN1C=C(C(=O)C2=C1N=C(C=C2)C)C(=O)O
Balsalazide,Nalidixic acid,Balsalazide may increase the neuroexcitatory activities of Nalidixic acid.,C1=CC(=CC=C1C(=O)NCCC(=O)O)N=NC2=CC(=C(C=C2)O)C(=O)O,CCN1C=C(C(=O)C2=C1N=C(C=C2)C)C(=O)O
Olsalazine,Nalidixic acid,Olsalazine may increase the neuroexcitatory activities of Nalidixic acid.,C1=CC(=C(C=C1N=NC2=CC(=C(C=C2)O)C(=O)O)C(=O)O)O,CCN1C=C(C(=O)C2=C1N=C(C=C2)C)C(=O)O
Resveratrol,Nalidixic acid,Resveratrol may increase the neuroexcitatory activities of Nalidixic acid.,C1=CC(=CC=C1C=CC2=CC(=CC(=C2)O)O)O,CCN1C=C(C(=O)C2=C1N=C(C=C2)C)C(=O)O
Masoprocol,Nalidixic acid,Masoprocol may increase the neuroexcitatory activities of Nalidixic acid.,CC(CC1=CC(=C(C=C1)O)O)C(C)CC2=CC(=C(C=C2)O)O,CCN1C=C(C(=O)C2=C1N=C(C=C2)C)C(=O)O
Sulindac,Nalidixic acid,Sulindac may increase the neuroexcitatory activities of Nalidixic acid.,CC1=C(C2=C(C1=CC3=CC=C(C=C3)S(=O)C)C=CC(=C2)F)CC(=O)O,CCN1C=C(C(=O)C2=C1N=C(C=C2)C)C(=O)O
Pirfenidone,Nalidixic acid,Pirfenidone may increase the neuroexcitatory activities of Nalidixic acid.,CC1=CN(C(=O)C=C1)C2=CC=CC=C2,CCN1C=C(C(=O)C2=C1N=C(C=C2)C)C(=O)O
Mycophenolate mofetil,Nalidixic acid,Mycophenolate mofetil may increase the neuroexcitatory activities of Nalidixic acid.,CC1=C2COC(=O)C2=C(C(=C1OC)CC=C(C)CCC(=O)OCCN3CCOCC3)O,CCN1C=C(C(=O)C2=C1N=C(C=C2)C)C(=O)O
Leflunomide,Nalidixic acid,Leflunomide may increase the neuroexcitatory activities of Nalidixic acid.,CC1=C(C=NO1)C(=O)NC2=CC=C(C=C2)C(F)(F)F,CCN1C=C(C(=O)C2=C1N=C(C=C2)C)C(=O)O
Vemurafenib,Nalidixic acid,The risk or severity of QTc prolongation can be increased when Vemurafenib is combined with Nalidixic acid.,CCCS(=O)(=O)NC1=C(C(=C(C=C1)F)C(=O)C2=CNC3=C2C=C(C=N3)C4=CC=C(C=C4)Cl)F,CCN1C=C(C(=O)C2=C1N=C(C=C2)C)C(=O)O
Warfarin,Nalidixic acid,Warfarin may increase the anticoagulant activities of Nalidixic acid.,CC(=O)CC(C1=CC=CC=C1)C2=C(C3=CC=CC=C3OC2=O)O,CCN1C=C(C(=O)C2=C1N=C(C=C2)C)C(=O)O
Phenprocoumon,Nalidixic acid,Phenprocoumon may increase the anticoagulant activities of Nalidixic acid.,CCC(C1=CC=CC=C1)C2=C(C3=CC=CC=C3OC2=O)O,CCN1C=C(C(=O)C2=C1N=C(C=C2)C)C(=O)O
Phenindione,Nalidixic acid,Phenindione may increase the anticoagulant activities of Nalidixic acid.,C1=CC=C(C=C1)C2C(=O)C3=CC=CC=C3C2=O,CCN1C=C(C(=O)C2=C1N=C(C=C2)C)C(=O)O
Acenocoumarol,Nalidixic acid,Acenocoumarol may increase the anticoagulant activities of Nalidixic acid.,CC(=O)CC(C1=CC=C(C=C1)[N+](=O)[O-])C2=C(C3=CC=CC=C3OC2=O)O,CCN1C=C(C(=O)C2=C1N=C(C=C2)C)C(=O)O
Dicoumarol,Nalidixic acid,Dicoumarol may increase the anticoagulant activities of Nalidixic acid.,C1=CC=C2C(=C1)C(=C(C(=O)O2)CC3=C(C4=CC=CC=C4OC3=O)O)O,CCN1C=C(C(=O)C2=C1N=C(C=C2)C)C(=O)O
Nafamostat,Nalidixic acid,Nafamostat may increase the neuroexcitatory activities of Nalidixic acid.,C1=CC(=CC=C1C(=O)OC2=CC3=C(C=C2)C=C(C=C3)C(=N)N)N=C(N)N,CCN1C=C(C(=O)C2=C1N=C(C=C2)C)C(=O)O
Rosiglitazone,Nalidixic acid,Rosiglitazone may increase the hypoglycemic activities of Nalidixic acid.,CN(CCOC1=CC=C(C=C1)CC2C(=O)NC(=O)S2)C3=CC=CC=N3,CCN1C=C(C(=O)C2=C1N=C(C=C2)C)C(=O)O
Nimesulide,Nalidixic acid,Nimesulide may increase the neuroexcitatory activities of Nalidixic acid.,CS(=O)(=O)NC1=C(C=C(C=C1)[N+](=O)[O-])OC2=CC=CC=C2,CCN1C=C(C(=O)C2=C1N=C(C=C2)C)C(=O)O
Acetylsalicylic acid,Nalidixic acid,Acetylsalicylic acid may increase the neuroexcitatory activities of Nalidixic acid.,CC(=O)OC1=CC=CC=C1C(=O)O,CCN1C=C(C(=O)C2=C1N=C(C=C2)C)C(=O)O
Diflunisal,Nalidixic acid,Diflunisal may increase the neuroexcitatory activities of Nalidixic acid.,C1=CC(=C(C=C1C2=C(C=C(C=C2)F)F)C(=O)O)O,CCN1C=C(C(=O)C2=C1N=C(C=C2)C)C(=O)O
Azelastine,Nalidixic acid,Azelastine may increase the neuroexcitatory activities of Nalidixic acid.,CN1CCCC(CC1)N2C(=O)C3=CC=CC=C3C(=N2)CC4=CC=C(C=C4)Cl,CCN1C=C(C(=O)C2=C1N=C(C=C2)C)C(=O)O
Tranilast,Nalidixic acid,Tranilast may increase the neuroexcitatory activities of Nalidixic acid.,COC1=C(C=C(C=C1)C=CC(=O)NC2=CC=CC=C2C(=O)O)OC,CCN1C=C(C(=O)C2=C1N=C(C=C2)C)C(=O)O
Sulfisoxazole,Nalidixic acid,Sulfisoxazole may increase the hypoglycemic activities of Nalidixic acid.,CC1=C(ON=C1C)NS(=O)(=O)C2=CC=C(C=C2)N,CCN1C=C(C(=O)C2=C1N=C(C=C2)C)C(=O)O
Chlorpropamide,Nalidixic acid,Chlorpropamide may increase the hypoglycemic activities of Nalidixic acid.,CCCNC(=O)NS(=O)(=O)C1=CC=C(C=C1)Cl,CCN1C=C(C(=O)C2=C1N=C(C=C2)C)C(=O)O
Canagliflozin,Nalidixic acid,Canagliflozin may increase the hypoglycemic activities of Nalidixic acid.,CC1=C(C=C(C=C1)C2C(C(C(C(O2)CO)O)O)O)CC3=CC=C(S3)C4=CC=C(C=C4)F,CCN1C=C(C(=O)C2=C1N=C(C=C2)C)C(=O)O
Pentamidine,Nalidixic acid,Pentamidine may increase the hypoglycemic activities of Nalidixic acid.,C1=CC(=CC=C1C(=N)N)OCCCCCOC2=CC=C(C=C2)C(=N)N,CCN1C=C(C(=O)C2=C1N=C(C=C2)C)C(=O)O
Glipizide,Nalidixic acid,Glipizide may increase the hypoglycemic activities of Nalidixic acid.,CC1=CN=C(C=N1)C(=O)NCCC2=CC=C(C=C2)S(=O)(=O)NC(=O)NC3CCCCC3,CCN1C=C(C(=O)C2=C1N=C(C=C2)C)C(=O)O
Disopyramide,Nalidixic acid,Disopyramide may increase the hypoglycemic activities of Nalidixic acid.,CC(C)N(CCC(C1=CC=CC=C1)(C2=CC=CC=N2)C(=O)N)C(C)C,CCN1C=C(C(=O)C2=C1N=C(C=C2)C)C(=O)O
Tolbutamide,Nalidixic acid,Tolbutamide may increase the hypoglycemic activities of Nalidixic acid.,CCCCNC(=O)NS(=O)(=O)C1=CC=C(C=C1)C,CCN1C=C(C(=O)C2=C1N=C(C=C2)C)C(=O)O
Miglitol,Nalidixic acid,Miglitol may increase the hypoglycemic activities of Nalidixic acid.,C1C(C(C(C(N1CCO)CO)O)O)O,CCN1C=C(C(=O)C2=C1N=C(C=C2)C)C(=O)O
Sulfamethoxazole,Nalidixic acid,Sulfamethoxazole may increase the hypoglycemic activities of Nalidixic acid.,CC1=CC(=NO1)NS(=O)(=O)C2=CC=C(C=C2)N,CCN1C=C(C(=O)C2=C1N=C(C=C2)C)C(=O)O
Sitagliptin,Nalidixic acid,Sitagliptin may increase the hypoglycemic activities of Nalidixic acid.,C1CN2C(=NN=C2C(F)(F)F)CN1C(=O)CC(CC3=CC(=C(C=C3F)F)F)N,CCN1C=C(C(=O)C2=C1N=C(C=C2)C)C(=O)O
Dapagliflozin,Nalidixic acid,Dapagliflozin may increase the hypoglycemic activities of Nalidixic acid.,CCOC1=CC=C(C=C1)CC2=C(C=CC(=C2)C3C(C(C(C(O3)CO)O)O)O)Cl,CCN1C=C(C(=O)C2=C1N=C(C=C2)C)C(=O)O
Alogliptin,Nalidixic acid,Alogliptin may increase the hypoglycemic activities of Nalidixic acid.,CN1C(=O)C=C(N(C1=O)CC2=CC=CC=C2C#N)N3CCCC(C3)N,CCN1C=C(C(=O)C2=C1N=C(C=C2)C)C(=O)O
Saxagliptin,Nalidixic acid,Saxagliptin may increase the hypoglycemic activities of Nalidixic acid.,C1C2CC2N(C1C#N)C(=O)C(C34CC5CC(C3)CC(C5)(C4)O)N,CCN1C=C(C(=O)C2=C1N=C(C=C2)C)C(=O)O
Sulfadiazine,Nalidixic acid,Sulfadiazine may increase the hypoglycemic activities of Nalidixic acid.,C1=CN=C(N=C1)NS(=O)(=O)C2=CC=C(C=C2)N,CCN1C=C(C(=O)C2=C1N=C(C=C2)C)C(=O)O
Nateglinide,Nalidixic acid,Nateglinide may increase the hypoglycemic activities of Nalidixic acid.,CC(C)C1CCC(CC1)C(=O)NC(CC2=CC=CC=C2)C(=O)O,CCN1C=C(C(=O)C2=C1N=C(C=C2)C)C(=O)O
Gliclazide,Nalidixic acid,Gliclazide may increase the hypoglycemic activities of Nalidixic acid.,CC1=CC=C(C=C1)S(=O)(=O)NC(=O)NN2CC3CCCC3C2,CCN1C=C(C(=O)C2=C1N=C(C=C2)C)C(=O)O
Pioglitazone,Nalidixic acid,Pioglitazone may increase the hypoglycemic activities of Nalidixic acid.,CCC1=CN=C(C=C1)CCOC2=CC=C(C=C2)CC3C(=O)NC(=O)S3,CCN1C=C(C(=O)C2=C1N=C(C=C2)C)C(=O)O
Mifepristone,Nalidixic acid,Mifepristone may increase the hypoglycemic activities of Nalidixic acid.,CC#CC1(CCC2C1(CC(C3=C4CCC(=O)C=C4CCC23)C5=CC=C(C=C5)N(C)C)C)O,CCN1C=C(C(=O)C2=C1N=C(C=C2)C)C(=O)O
Quinine,Nalidixic acid,Quinine may increase the hypoglycemic activities of Nalidixic acid.,COC1=CC2=C(C=CN=C2C=C1)C(C3CC4CCN3CC4C=C)O,CCN1C=C(C(=O)C2=C1N=C(C=C2)C)C(=O)O
Metformin,Nalidixic acid,Metformin may increase the hypoglycemic activities of Nalidixic acid.,CN(C)C(=N)N=C(N)N,CCN1C=C(C(=O)C2=C1N=C(C=C2)C)C(=O)O
Tolazamide,Nalidixic acid,Tolazamide may increase the hypoglycemic activities of Nalidixic acid.,CC1=CC=C(C=C1)S(=O)(=O)NC(=O)NN2CCCCCC2,CCN1C=C(C(=O)C2=C1N=C(C=C2)C)C(=O)O
Glimepiride,Nalidixic acid,Glimepiride may increase the hypoglycemic activities of Nalidixic acid.,CCC1=C(CN(C1=O)C(=O)NCCC2=CC=C(C=C2)S(=O)(=O)NC(=O)NC3CCC(CC3)C)C,CCN1C=C(C(=O)C2=C1N=C(C=C2)C)C(=O)O
Empagliflozin,Nalidixic acid,Empagliflozin may increase the hypoglycemic activities of Nalidixic acid.,C1COCC1OC2=CC=C(C=C2)CC3=C(C=CC(=C3)C4C(C(C(C(O4)CO)O)O)O)Cl,CCN1C=C(C(=O)C2=C1N=C(C=C2)C)C(=O)O
Repaglinide,Nalidixic acid,Repaglinide may increase the hypoglycemic activities of Nalidixic acid.,CCOC1=C(C=CC(=C1)CC(=O)NC(CC(C)C)C2=CC=CC=C2N3CCCCC3)C(=O)O,CCN1C=C(C(=O)C2=C1N=C(C=C2)C)C(=O)O
Glyburide,Nalidixic acid,Glyburide may increase the hypoglycemic activities of Nalidixic acid.,COC1=C(C=C(C=C1)Cl)C(=O)NCCC2=CC=C(C=C2)S(=O)(=O)NC(=O)NC3CCCCC3,CCN1C=C(C(=O)C2=C1N=C(C=C2)C)C(=O)O
Bromocriptine,Nalidixic acid,Bromocriptine may increase the hypoglycemic activities of Nalidixic acid.,CC(C)CC1C(=O)N2CCCC2C3(N1C(=O)C(O3)(C(C)C)NC(=O)C4CN(C5CC6=C(NC7=CC=CC(=C67)C5=C4)Br)C)O,CCN1C=C(C(=O)C2=C1N=C(C=C2)C)C(=O)O
Seratrodast,Nalidixic acid,Seratrodast may increase the neuroexcitatory activities of Nalidixic acid.,CC1=C(C(=O)C(=C(C1=O)C)C(CCCCCC(=O)O)C2=CC=CC=C2)C,CCN1C=C(C(=O)C2=C1N=C(C=C2)C)C(=O)O
Chloroquine,Nalidixic acid,Chloroquine may increase the neuroexcitatory activities of Nalidixic acid.,CCN(CC)CCCC(C)NC1=C2C=CC(=CC2=NC=C1)Cl,CCN1C=C(C(=O)C2=C1N=C(C=C2)C)C(=O)O
Celecoxib,Nalidixic acid,Celecoxib may increase the neuroexcitatory activities of Nalidixic acid.,CC1=CC=C(C=C1)C2=CC(=NN2C3=CC=C(C=C3)S(=O)(=O)N)C(F)(F)F,CCN1C=C(C(=O)C2=C1N=C(C=C2)C)C(=O)O
Salicylic acid,Nalidixic acid,Salicylic acid may increase the neuroexcitatory activities of Nalidixic acid.,C1=CC=C(C(=C1)C(=O)O)O,CCN1C=C(C(=O)C2=C1N=C(C=C2)C)C(=O)O
Naftifine,Nalidixic acid,Naftifine may increase the neuroexcitatory activities of Nalidixic acid.,CN(CC=CC1=CC=CC=C1)CC2=CC=CC3=CC=CC=C32,CCN1C=C(C(=O)C2=C1N=C(C=C2)C)C(=O)O
Fluticasone propionate,Nalidixic acid,The risk or severity of adverse effects can be increased when Fluticasone propionate is combined with Nalidixic acid.,CCC(=O)OC1(C(CC2C1(CC(C3(C2CC(C4=CC(=O)C=CC43C)F)F)O)C)C)C(=O)SCF,CCN1C=C(C(=O)C2=C1N=C(C=C2)C)C(=O)O
Magnesium sulfate,Nalidixic acid,The serum concentration of Nalidixic acid can be decreased when it is combined with Magnesium sulfate.,[O-]S(=O)(=O)[O-].[Mg+2],CCN1C=C(C(=O)C2=C1N=C(C=C2)C)C(=O)O
Olopatadine,Nalidixic acid,Olopatadine may increase the neuroexcitatory activities of Nalidixic acid.,CN(C)CCC=C1C2=CC=CC=C2COC3=C1C=C(C=C3)CC(=O)O,CCN1C=C(C(=O)C2=C1N=C(C=C2)C)C(=O)O
Fluticasone furoate,Nalidixic acid,The risk or severity of adverse effects can be increased when Fluticasone furoate is combined with Nalidixic acid.,CC1CC2C3CC(C4=CC(=O)C=CC4(C3(C(CC2(C1(C(=O)SCF)OC(=O)C5=CC=CO5)C)O)F)C)F,CCN1C=C(C(=O)C2=C1N=C(C=C2)C)C(=O)O
Prasterone,Nalidixic acid,The risk or severity of adverse effects can be increased when Prasterone is combined with Nalidixic acid.,CC12CCC3C(C1CCC2=O)CC=C4C3(CCC(C4)O)C,CCN1C=C(C(=O)C2=C1N=C(C=C2)C)C(=O)O
Diflorasone,Nalidixic acid,The risk or severity of adverse effects can be increased when Diflorasone is combined with Nalidixic acid.,CC1CC2C3CC(C4=CC(=O)C=CC4(C3(C(CC2(C1(C(=O)CO)O)C)O)F)C)F,CCN1C=C(C(=O)C2=C1N=C(C=C2)C)C(=O)O
Flumethasone,Nalidixic acid,The risk or severity of adverse effects can be increased when Flumethasone is combined with Nalidixic acid.,CC1CC2C3CC(C4=CC(=O)C=CC4(C3(C(CC2(C1(C(=O)CO)O)C)O)F)C)F,CCN1C=C(C(=O)C2=C1N=C(C=C2)C)C(=O)O
Desoximetasone,Nalidixic acid,The risk or severity of adverse effects can be increased when Desoximetasone is combined with Nalidixic acid.,CC1CC2C3CCC4=CC(=O)C=CC4(C3(C(CC2(C1C(=O)CO)C)O)F)C,CCN1C=C(C(=O)C2=C1N=C(C=C2)C)C(=O)O
Mometasone,Nalidixic acid,The risk or severity of adverse effects can be increased when Mometasone is combined with Nalidixic acid.,CC1CC2C3CCC4=CC(=O)C=CC4(C3(C(CC2(C1(C(=O)CCl)O)C)O)Cl)C,CCN1C=C(C(=O)C2=C1N=C(C=C2)C)C(=O)O
Clobetasol propionate,Nalidixic acid,The risk or severity of adverse effects can be increased when Clobetasol propionate is combined with Nalidixic acid.,CCC(=O)OC1(C(CC2C1(CC(C3(C2CCC4=CC(=O)C=CC43C)F)O)C)C)C(=O)CCl,CCN1C=C(C(=O)C2=C1N=C(C=C2)C)C(=O)O
Estrone,Nalidixic acid,The risk or severity of adverse effects can be increased when Estrone is combined with Nalidixic acid.,CC12CCC3C(C1CCC2=O)CCC4=C3C=CC(=C4)O,CCN1C=C(C(=O)C2=C1N=C(C=C2)C)C(=O)O
Difluprednate,Nalidixic acid,The risk or severity of adverse effects can be increased when Difluprednate is combined with Nalidixic acid.,CCCC(=O)OC1(CCC2C1(CC(C3(C2CC(C4=CC(=O)C=CC43C)F)F)O)C)C(=O)COC(=O)C,CCN1C=C(C(=O)C2=C1N=C(C=C2)C)C(=O)O
Fluprednidene,Nalidixic acid,The risk or severity of adverse effects can be increased when Fluprednidene is combined with Nalidixic acid.,CC12CC(C3(C(C1CC(=C)C2(C(=O)CO)O)CCC4=CC(=O)C=CC43C)F)O,CCN1C=C(C(=O)C2=C1N=C(C=C2)C)C(=O)O
Beclomethasone dipropionate,Nalidixic acid,The risk or severity of adverse effects can be increased when Beclomethasone dipropionate is combined with Nalidixic acid.,CCC(=O)OCC(=O)C1(C(CC2C1(CC(C3(C2CCC4=CC(=O)C=CC43C)Cl)O)C)C)OC(=O)CC,CCN1C=C(C(=O)C2=C1N=C(C=C2)C)C(=O)O
Tixocortol,Nalidixic acid,The risk or severity of adverse effects can be increased when Tixocortol is combined with Nalidixic acid.,CC12CCC(=O)C=C1CCC3C2C(CC4(C3CCC4(C(=O)CS)O)C)O,CCN1C=C(C(=O)C2=C1N=C(C=C2)C)C(=O)O
Fluocinonide,Nalidixic acid,The risk or severity of adverse effects can be increased when Fluocinonide is combined with Nalidixic acid.,CC(=O)OCC(=O)C12C(CC3C1(CC(C4(C3CC(C5=CC(=O)C=CC54C)F)F)O)C)OC(O2)(C)C,CCN1C=C(C(=O)C2=C1N=C(C=C2)C)C(=O)O
Ciclesonide,Nalidixic acid,The risk or severity of adverse effects can be increased when Ciclesonide is combined with Nalidixic acid.,CC(C)C(=O)OCC(=O)C12C(CC3C1(CC(C4C3CCC5=CC(=O)C=CC45C)O)C)OC(O2)C6CCCCC6,CCN1C=C(C(=O)C2=C1N=C(C=C2)C)C(=O)O
Cortisone acetate,Nalidixic acid,The risk or severity of adverse effects can be increased when Cortisone acetate is combined with Nalidixic acid.,CC(=O)OCC(=O)C1(CCC2C1(CC(=O)C3C2CCC4=CC(=O)CCC34C)C)O,CCN1C=C(C(=O)C2=C1N=C(C=C2)C)C(=O)O
Alclometasone,Nalidixic acid,The risk or severity of adverse effects can be increased when Alclometasone is combined with Nalidixic acid.,CC1CC2C3C(CC4=CC(=O)C=CC4(C3C(CC2(C1(C(=O)CO)O)C)O)C)Cl,CCN1C=C(C(=O)C2=C1N=C(C=C2)C)C(=O)O
Fludrocortisone,Nalidixic acid,The risk or severity of adverse effects can be increased when Fludrocortisone is combined with Nalidixic acid.,CC12CCC(=O)C=C1CCC3C2(C(CC4(C3CCC4(C(=O)CO)O)C)O)F,CCN1C=C(C(=O)C2=C1N=C(C=C2)C)C(=O)O
Flunisolide,Nalidixic acid,The risk or severity of adverse effects can be increased when Flunisolide is combined with Nalidixic acid.,CC1(OC2CC3C4CC(C5=CC(=O)C=CC5(C4C(CC3(C2(O1)C(=O)CO)C)O)C)F)C,CCN1C=C(C(=O)C2=C1N=C(C=C2)C)C(=O)O
Triamcinolone,Nalidixic acid,The risk or severity of adverse effects can be increased when Triamcinolone is combined with Nalidixic acid.,CC12CC(C3(C(C1CC(C2(C(=O)CO)O)O)CCC4=CC(=O)C=CC43C)F)O,CCN1C=C(C(=O)C2=C1N=C(C=C2)C)C(=O)O
Fluocinolone acetonide,Nalidixic acid,The risk or severity of adverse effects can be increased when Fluocinolone acetonide is combined with Nalidixic acid.,CC1(OC2CC3C4CC(C5=CC(=O)C=CC5(C4(C(CC3(C2(O1)C(=O)CO)C)O)F)C)F)C,CCN1C=C(C(=O)C2=C1N=C(C=C2)C)C(=O)O
Paramethasone,Nalidixic acid,The risk or severity of adverse effects can be increased when Paramethasone is combined with Nalidixic acid.,CC1CC2C3CC(C4=CC(=O)C=CC4(C3C(CC2(C1(C(=O)CO)O)C)O)C)F,CCN1C=C(C(=O)C2=C1N=C(C=C2)C)C(=O)O
Prednicarbate,Nalidixic acid,The risk or severity of adverse effects can be increased when Prednicarbate is combined with Nalidixic acid.,CCC(=O)OCC(=O)C1(CCC2C1(CC(C3C2CCC4=CC(=O)C=CC34C)O)C)OC(=O)OCC,CCN1C=C(C(=O)C2=C1N=C(C=C2)C)C(=O)O
Rimexolone,Nalidixic acid,The risk or severity of adverse effects can be increased when Rimexolone is combined with Nalidixic acid.,CCC(=O)C1(C(CC2C1(CC(C3C2CCC4=CC(=O)C=CC34C)O)C)C)C,CCN1C=C(C(=O)C2=C1N=C(C=C2)C)C(=O)O
Betamethasone,Nalidixic acid,The risk or severity of adverse effects can be increased when Betamethasone is combined with Nalidixic acid.,CC1CC2C3CCC4=CC(=O)C=CC4(C3(C(CC2(C1(C(=O)CO)O)C)O)F)C,CCN1C=C(C(=O)C2=C1N=C(C=C2)C)C(=O)O
Deflazacort,Nalidixic acid,The risk or severity of adverse effects can be increased when Deflazacort is combined with Nalidixic acid.,CC1=NC2(C(O1)CC3C2(CC(C4C3CCC5=CC(=O)C=CC45C)O)C)C(=O)COC(=O)C,CCN1C=C(C(=O)C2=C1N=C(C=C2)C)C(=O)O
Desonide,Nalidixic acid,The risk or severity of adverse effects can be increased when Desonide is combined with Nalidixic acid.,CC1(OC2CC3C4CCC5=CC(=O)C=CC5(C4C(CC3(C2(O1)C(=O)CO)C)O)C)C,CCN1C=C(C(=O)C2=C1N=C(C=C2)C)C(=O)O
Amcinonide,Nalidixic acid,The risk or severity of adverse effects can be increased when Amcinonide is combined with Nalidixic acid.,CC(=O)OCC(=O)C12C(CC3C1(CC(C4(C3CCC5=CC(=O)C=CC54C)F)O)C)OC6(O2)CCCC6,CCN1C=C(C(=O)C2=C1N=C(C=C2)C)C(=O)O
Estrone sulfate,Nalidixic acid,The risk or severity of adverse effects can be increased when Estrone sulfate is combined with Nalidixic acid.,CC12CCC3C(C1CCC2=O)CCC4=C3C=CC(=C4)OS(=O)(=O)O,CCN1C=C(C(=O)C2=C1N=C(C=C2)C)C(=O)O
Equilin,Nalidixic acid,The risk or severity of adverse effects can be increased when Equilin is combined with Nalidixic acid.,CC12CCC3C(=CCC4=C3C=CC(=C4)O)C1CCC2=O,CCN1C=C(C(=O)C2=C1N=C(C=C2)C)C(=O)O
Ulobetasol,Nalidixic acid,The risk or severity of adverse effects can be increased when Ulobetasol is combined with Nalidixic acid.,CC1CC2C3CC(C4=CC(=O)C=CC4(C3(C(CC2(C1(C(=O)CCl)O)C)O)F)C)F,CCN1C=C(C(=O)C2=C1N=C(C=C2)C)C(=O)O
Loteprednol,Nalidixic acid,The risk or severity of adverse effects can be increased when Loteprednol is combined with Nalidixic acid.,CC12CC(C3C(C1CCC2(C(=O)OCCl)O)CCC4=CC(=O)C=CC34C)O,CCN1C=C(C(=O)C2=C1N=C(C=C2)C)C(=O)O
Halcinonide,Nalidixic acid,The risk or severity of adverse effects can be increased when Halcinonide is combined with Nalidixic acid.,CC1(OC2CC3C4CCC5=CC(=O)CCC5(C4(C(CC3(C2(O1)C(=O)CCl)C)O)F)C)C,CCN1C=C(C(=O)C2=C1N=C(C=C2)C)C(=O)O
Fluocortolone,Nalidixic acid,The risk or severity of adverse effects can be increased when Fluocortolone is combined with Nalidixic acid.,CC1CC2C3CC(C4=CC(=O)C=CC4(C3C(CC2(C1C(=O)CO)C)O)C)F,CCN1C=C(C(=O)C2=C1N=C(C=C2)C)C(=O)O
Flurandrenolide,Nalidixic acid,The risk or severity of adverse effects can be increased when Flurandrenolide is combined with Nalidixic acid.,CC1(OC2CC3C4CC(C5=CC(=O)CCC5(C4C(CC3(C2(O1)C(=O)CO)C)O)C)F)C,CCN1C=C(C(=O)C2=C1N=C(C=C2)C)C(=O)O
Budesonide,Nalidixic acid,The risk or severity of adverse effects can be increased when Budesonide is combined with Nalidixic acid.,CCCC1OC2CC3C4CCC5=CC(=O)C=CC5(C4C(CC3(C2(O1)C(=O)CO)C)O)C,CCN1C=C(C(=O)C2=C1N=C(C=C2)C)C(=O)O
Difluocortolone,Nalidixic acid,The risk or severity of adverse effects can be increased when Difluocortolone is combined with Nalidixic acid.,CC1CC2C3CC(C4=CC(=O)C=CC4(C3(C(CC2(C1C(=O)CO)C)O)F)C)F,CCN1C=C(C(=O)C2=C1N=C(C=C2)C)C(=O)O
Medrysone,Nalidixic acid,The risk or severity of adverse effects can be increased when Medrysone is combined with Nalidixic acid.,CC1CC2C3CCC(C3(CC(C2C4(C1=CC(=O)CC4)C)O)C)C(=O)C,CCN1C=C(C(=O)C2=C1N=C(C=C2)C)C(=O)O
Clocortolone,Nalidixic acid,The risk or severity of adverse effects can be increased when Clocortolone is combined with Nalidixic acid.,CC1CC2C3CC(C4=CC(=O)C=CC4(C3(C(CC2(C1C(=O)CO)C)O)Cl)C)F,CCN1C=C(C(=O)C2=C1N=C(C=C2)C)C(=O)O
Hydrocortisone,Nalidixic acid,The risk or severity of adverse effects can be increased when Hydrocortisone is combined with Nalidixic acid.,CC12CCC(=O)C=C1CCC3C2C(CC4(C3CCC4(C(=O)CO)O)C)O,CCN1C=C(C(=O)C2=C1N=C(C=C2)C)C(=O)O
Fluorometholone,Nalidixic acid,The risk or severity of adverse effects can be increased when Fluorometholone is combined with Nalidixic acid.,CC1CC2C3CCC(C3(CC(C2(C4(C1=CC(=O)C=C4)C)F)O)C)(C(=O)C)O,CCN1C=C(C(=O)C2=C1N=C(C=C2)C)C(=O)O
Clobetasone,Nalidixic acid,The risk or severity of adverse effects can be increased when Clobetasone is combined with Nalidixic acid.,CC1CC2C3CCC4=CC(=O)C=CC4(C3(C(=O)CC2(C1(C(=O)CCl)O)C)F)C,CCN1C=C(C(=O)C2=C1N=C(C=C2)C)C(=O)O
Fenbufen,Nalidixic acid,Fenbufen may increase the neuroexcitatory activities of Nalidixic acid.,C1=CC=C(C=C1)C2=CC=C(C=C2)C(=O)CCC(=O)O,CCN1C=C(C(=O)C2=C1N=C(C=C2)C)C(=O)O
Meclofenamic acid,Nalidixic acid,Meclofenamic acid may increase the neuroexcitatory activities of Nalidixic acid.,CC1=C(C(=C(C=C1)Cl)NC2=CC=CC=C2C(=O)O)Cl,CCN1C=C(C(=O)C2=C1N=C(C=C2)C)C(=O)O
Lumiracoxib,Nalidixic acid,Lumiracoxib may increase the neuroexcitatory activities of Nalidixic acid.,CC1=CC(=C(C=C1)NC2=C(C=CC=C2Cl)F)CC(=O)O,CCN1C=C(C(=O)C2=C1N=C(C=C2)C)C(=O)O
Tolmetin,Nalidixic acid,Tolmetin may increase the neuroexcitatory activities of Nalidixic acid.,CC1=CC=C(C=C1)C(=O)C2=CC=C(N2C)CC(=O)O,CCN1C=C(C(=O)C2=C1N=C(C=C2)C)C(=O)O
Tenoxicam,Nalidixic acid,Tenoxicam may increase the neuroexcitatory activities of Nalidixic acid.,CN1C(=C(C2=C(S1(=O)=O)C=CS2)O)C(=O)NC3=CC=CC=N3,CCN1C=C(C(=O)C2=C1N=C(C=C2)C)C(=O)O
Choline magnesium trisalicylate,Nalidixic acid,Choline magnesium trisalicylate may increase the neuroexcitatory activities of Nalidixic acid.,C[N+](C)(C)CCO.C1=CC=C(C(=C1)C(=O)O)[O-].C1=CC=C(C(=C1)C(=O)O)[O-].C1=CC=C(C(=C1)C(=O)O)[O-].[Mg+2],CCN1C=C(C(=O)C2=C1N=C(C=C2)C)C(=O)O
Etoricoxib,Nalidixic acid,Etoricoxib may increase the neuroexcitatory activities of Nalidixic acid.,CC1=NC=C(C=C1)C2=C(C=C(C=N2)Cl)C3=CC=C(C=C3)S(=O)(=O)C,CCN1C=C(C(=O)C2=C1N=C(C=C2)C)C(=O)O
Suprofen,Nalidixic acid,Suprofen may increase the neuroexcitatory activities of Nalidixic acid.,CC(C1=CC=C(C=C1)C(=O)C2=CC=CS2)C(=O)O,CCN1C=C(C(=O)C2=C1N=C(C=C2)C)C(=O)O
Flurbiprofen,Nalidixic acid,Flurbiprofen may increase the neuroexcitatory activities of Nalidixic acid.,CC(C1=CC(=C(C=C1)C2=CC=CC=C2)F)C(=O)O,CCN1C=C(C(=O)C2=C1N=C(C=C2)C)C(=O)O
Indomethacin,Nalidixic acid,Indomethacin may increase the neuroexcitatory activities of Nalidixic acid.,CC1=C(C2=C(N1C(=O)C3=CC=C(C=C3)Cl)C=CC(=C2)OC)CC(=O)O,CCN1C=C(C(=O)C2=C1N=C(C=C2)C)C(=O)O
Oxyphenbutazone,Nalidixic acid,Oxyphenbutazone may increase the neuroexcitatory activities of Nalidixic acid.,CCCCC1C(=O)N(N(C1=O)C2=CC=C(C=C2)O)C3=CC=CC=C3,CCN1C=C(C(=O)C2=C1N=C(C=C2)C)C(=O)O
Icatibant,Nalidixic acid,Icatibant may increase the neuroexcitatory activities of Nalidixic acid.,C1CCC2C(C1)CC(N2C(=O)C3CC4=CC=CC=C4CN3C(=O)C(CO)NC(=O)C(CC5=CC=CS5)NC(=O)CNC(=O)C6CC(CN6C(=O)C7CCCN7C(=O)C(CCCN=C(N)N)NC(=O)C(CCCN=C(N)N)N)O)C(=O)NC(CCCN=C(N)N)C(=O)O,CCN1C=C(C(=O)C2=C1N=C(C=C2)C)C(=O)O
Alclofenac,Nalidixic acid,Alclofenac may increase the neuroexcitatory activities of Nalidixic acid.,C=CCOC1=C(C=C(C=C1)CC(=O)O)Cl,CCN1C=C(C(=O)C2=C1N=C(C=C2)C)C(=O)O
Etodolac,Nalidixic acid,Etodolac may increase the neuroexcitatory activities of Nalidixic acid.,CCC1=C2C(=CC=C1)C3=C(N2)C(OCC3)(CC)CC(=O)O,CCN1C=C(C(=O)C2=C1N=C(C=C2)C)C(=O)O
Droxicam,Nalidixic acid,Droxicam may increase the neuroexcitatory activities of Nalidixic acid.,CN1C2=C(C3=CC=CC=C3S1(=O)=O)OC(=O)N(C2=O)C4=CC=CC=N4,CCN1C=C(C(=O)C2=C1N=C(C=C2)C)C(=O)O
Apremilast,Nalidixic acid,Apremilast may increase the neuroexcitatory activities of Nalidixic acid.,CCOC1=C(C=CC(=C1)C(CS(=O)(=O)C)N2C(=O)C3=C(C2=O)C(=CC=C3)NC(=O)C)OC,CCN1C=C(C(=O)C2=C1N=C(C=C2)C)C(=O)O
Tolfenamic acid,Nalidixic acid,Tolfenamic acid may increase the neuroexcitatory activities of Nalidixic acid.,CC1=C(C=CC=C1Cl)NC2=CC=CC=C2C(=O)O,CCN1C=C(C(=O)C2=C1N=C(C=C2)C)C(=O)O
Lornoxicam,Nalidixic acid,Lornoxicam may increase the neuroexcitatory activities of Nalidixic acid.,CN1C(=C(C2=C(S1(=O)=O)C=C(S2)Cl)O)C(=O)NC3=CC=CC=N3,CCN1C=C(C(=O)C2=C1N=C(C=C2)C)C(=O)O
Bromfenac,Nalidixic acid,Bromfenac may increase the neuroexcitatory activities of Nalidixic acid.,C1=CC(=C(C(=C1)C(=O)C2=CC=C(C=C2)Br)N)CC(=O)O,CCN1C=C(C(=O)C2=C1N=C(C=C2)C)C(=O)O
Propacetamol,Nalidixic acid,Propacetamol may increase the neuroexcitatory activities of Nalidixic acid.,CCN(CC)CC(=O)OC1=CC=C(C=C1)NC(=O)C,CCN1C=C(C(=O)C2=C1N=C(C=C2)C)C(=O)O
Parecoxib,Nalidixic acid,Parecoxib may increase the neuroexcitatory activities of Nalidixic acid.,CCC(=O)NS(=O)(=O)C1=CC=C(C=C1)C2=C(ON=C2C3=CC=CC=C3)C,CCN1C=C(C(=O)C2=C1N=C(C=C2)C)C(=O)O
Phenylbutazone,Nalidixic acid,Phenylbutazone may increase the neuroexcitatory activities of Nalidixic acid.,CCCCC1C(=O)N(N(C1=O)C2=CC=CC=C2)C3=CC=CC=C3,CCN1C=C(C(=O)C2=C1N=C(C=C2)C)C(=O)O
Acemetacin,Nalidixic acid,Acemetacin may increase the neuroexcitatory activities of Nalidixic acid.,CC1=C(C2=C(N1C(=O)C3=CC=C(C=C3)Cl)C=CC(=C2)OC)CC(=O)OCC(=O)O,CCN1C=C(C(=O)C2=C1N=C(C=C2)C)C(=O)O
Teriflunomide,Nalidixic acid,Teriflunomide may increase the neuroexcitatory activities of Nalidixic acid.,CC(=C(C#N)C(=O)NC1=CC=C(C=C1)C(F)(F)F)O,CCN1C=C(C(=O)C2=C1N=C(C=C2)C)C(=O)O
Nabumetone,Nalidixic acid,Nabumetone may increase the neuroexcitatory activities of Nalidixic acid.,CC(=O)CCC1=CC2=C(C=C1)C=C(C=C2)OC,CCN1C=C(C(=O)C2=C1N=C(C=C2)C)C(=O)O
Epirizole,Nalidixic acid,Epirizole may increase the neuroexcitatory activities of Nalidixic acid.,CC1=CC(=NC(=N1)N2C(=CC(=N2)C)OC)OC,CCN1C=C(C(=O)C2=C1N=C(C=C2)C)C(=O)O
Ketorolac,Nalidixic acid,Ketorolac may increase the neuroexcitatory activities of Nalidixic acid.,C1CN2C(=CC=C2C(=O)C3=CC=CC=C3)C1C(=O)O,CCN1C=C(C(=O)C2=C1N=C(C=C2)C)C(=O)O
Salsalate,Nalidixic acid,Salsalate may increase the neuroexcitatory activities of Nalidixic acid.,C1=CC=C(C(=C1)C(=O)OC2=CC=CC=C2C(=O)O)O,CCN1C=C(C(=O)C2=C1N=C(C=C2)C)C(=O)O
Aceclofenac,Nalidixic acid,Aceclofenac may increase the neuroexcitatory activities of Nalidixic acid.,C1=CC=C(C(=C1)CC(=O)OCC(=O)O)NC2=C(C=CC=C2Cl)Cl,CCN1C=C(C(=O)C2=C1N=C(C=C2)C)C(=O)O
Niflumic acid,Nalidixic acid,Niflumic acid may increase the neuroexcitatory activities of Nalidixic acid.,C1=CC(=CC(=C1)NC2=C(C=CC=N2)C(=O)O)C(F)(F)F,CCN1C=C(C(=O)C2=C1N=C(C=C2)C)C(=O)O
Zaltoprofen,Nalidixic acid,Zaltoprofen may increase the neuroexcitatory activities of Nalidixic acid.,CC(C1=CC2=C(C=C1)SC3=CC=CC=C3C(=O)C2)C(=O)O,CCN1C=C(C(=O)C2=C1N=C(C=C2)C)C(=O)O
Naproxen,Nalidixic acid,Naproxen may increase the neuroexcitatory activities of Nalidixic acid.,CC(C1=CC2=C(C=C1)C=C(C=C2)OC)C(=O)O,CCN1C=C(C(=O)C2=C1N=C(C=C2)C)C(=O)O
Pimecrolimus,Nalidixic acid,Pimecrolimus may increase the neuroexcitatory activities of Nalidixic acid.,CCC1C=C(CC(CC(C2C(CC(C(O2)(C(=O)C(=O)N3CCCCC3C(=O)OC(C(C(CC1=O)O)C)C(=CC4CCC(C(C4)OC)Cl)C)O)C)OC)OC)C)C,CCN1C=C(C(=O)C2=C1N=C(C=C2)C)C(=O)O
Antipyrine,Nalidixic acid,Antipyrine may increase the neuroexcitatory activities of Nalidixic acid.,CC1=CC(=O)N(N1C)C2=CC=CC=C2,CCN1C=C(C(=O)C2=C1N=C(C=C2)C)C(=O)O
Meloxicam,Nalidixic acid,Meloxicam may increase the neuroexcitatory activities of Nalidixic acid.,CC1=CN=C(S1)NC(=O)C2=C(C3=CC=CC=C3S(=O)(=O)N2C)O,CCN1C=C(C(=O)C2=C1N=C(C=C2)C)C(=O)O
Clonixin,Nalidixic acid,Clonixin may increase the neuroexcitatory activities of Nalidixic acid.,CC1=C(C=CC=C1Cl)NC2=C(C=CC=N2)C(=O)O,CCN1C=C(C(=O)C2=C1N=C(C=C2)C)C(=O)O
Piroxicam,Nalidixic acid,Piroxicam may increase the neuroexcitatory activities of Nalidixic acid.,CN1C(=C(C2=CC=CC=C2S1(=O)=O)O)C(=O)NC3=CC=CC=N3,CCN1C=C(C(=O)C2=C1N=C(C=C2)C)C(=O)O
Fenoprofen,Nalidixic acid,Fenoprofen may increase the neuroexcitatory activities of Nalidixic acid.,CC(C1=CC(=CC=C1)OC2=CC=CC=C2)C(=O)O,CCN1C=C(C(=O)C2=C1N=C(C=C2)C)C(=O)O
Oxaprozin,Nalidixic acid,Oxaprozin may increase the neuroexcitatory activities of Nalidixic acid.,C1=CC=C(C=C1)C2=C(OC(=N2)CCC(=O)O)C3=CC=CC=C3,CCN1C=C(C(=O)C2=C1N=C(C=C2)C)C(=O)O
Salicylamide,Nalidixic acid,Salicylamide may increase the neuroexcitatory activities of Nalidixic acid.,C1=CC=C(C(=C1)C(=O)N)O,CCN1C=C(C(=O)C2=C1N=C(C=C2)C)C(=O)O
Loxoprofen,Nalidixic acid,Loxoprofen may increase the neuroexcitatory activities of Nalidixic acid.,CC(C1=CC=C(C=C1)CC2CCCC2=O)C(=O)O,CCN1C=C(C(=O)C2=C1N=C(C=C2)C)C(=O)O
Zileuton,Nalidixic acid,Zileuton may increase the neuroexcitatory activities of Nalidixic acid.,CC(C1=CC2=CC=CC=C2S1)N(C(=O)N)O,CCN1C=C(C(=O)C2=C1N=C(C=C2)C)C(=O)O
Floctafenine,Nalidixic acid,Floctafenine may increase the neuroexcitatory activities of Nalidixic acid.,C1=CC=C(C(=C1)C(=O)OCC(CO)O)NC2=C3C=CC=C(C3=NC=C2)C(F)(F)F,CCN1C=C(C(=O)C2=C1N=C(C=C2)C)C(=O)O
Ibuprofen,Nalidixic acid,Ibuprofen may increase the neuroexcitatory activities of Nalidixic acid.,CC(C)CC1=CC=C(C=C1)C(C)C(=O)O,CCN1C=C(C(=O)C2=C1N=C(C=C2)C)C(=O)O
Etofenamate,Nalidixic acid,Etofenamate may increase the neuroexcitatory activities of Nalidixic acid.,C1=CC=C(C(=C1)C(=O)OCCOCCO)NC2=CC=CC(=C2)C(F)(F)F,CCN1C=C(C(=O)C2=C1N=C(C=C2)C)C(=O)O
Diclofenac,Nalidixic acid,Diclofenac may increase the neuroexcitatory activities of Nalidixic acid.,C1=CC=C(C(=C1)CC(=O)O)NC2=C(C=CC=C2Cl)Cl,CCN1C=C(C(=O)C2=C1N=C(C=C2)C)C(=O)O
Nepafenac,Nalidixic acid,Nepafenac may increase the neuroexcitatory activities of Nalidixic acid.,C1=CC=C(C=C1)C(=O)C2=CC=CC(=C2N)CC(=O)N,CCN1C=C(C(=O)C2=C1N=C(C=C2)C)C(=O)O
Sulfasalazine,Nalidixic acid,Sulfasalazine may increase the neuroexcitatory activities of Nalidixic acid.,C1=CC=NC(=C1)NS(=O)(=O)C2=CC=C(C=C2)N=NC3=CC(=C(C=C3)O)C(=O)O,CCN1C=C(C(=O)C2=C1N=C(C=C2)C)C(=O)O
Benzydamine,Nalidixic acid,Benzydamine may increase the neuroexcitatory activities of Nalidixic acid.,CN(C)CCCOC1=NN(C2=CC=CC=C21)CC3=CC=CC=C3,CCN1C=C(C(=O)C2=C1N=C(C=C2)C)C(=O)O
Ketoprofen,Nalidixic acid,Ketoprofen may increase the neuroexcitatory activities of Nalidixic acid.,CC(C1=CC(=CC=C1)C(=O)C2=CC=CC=C2)C(=O)O,CCN1C=C(C(=O)C2=C1N=C(C=C2)C)C(=O)O
Mefenamic acid,Nalidixic acid,Mefenamic acid may increase the neuroexcitatory activities of Nalidixic acid.,CC1=C(C(=CC=C1)NC2=CC=CC=C2C(=O)O)C,CCN1C=C(C(=O)C2=C1N=C(C=C2)C)C(=O)O
Adapalene,Nalidixic acid,Adapalene may increase the neuroexcitatory activities of Nalidixic acid.,COC1=C(C=C(C=C1)C2=CC3=C(C=C2)C=C(C=C3)C(=O)O)C45CC6CC(C4)CC(C6)C5,CCN1C=C(C(=O)C2=C1N=C(C=C2)C)C(=O)O
Magnesium salicylate,Nalidixic acid,The serum concentration of Nalidixic acid can be decreased when it is combined with Magnesium salicylate.,C1=CC=C(C(=C1)C(=O)O)[O-].C1=CC=C(C(=C1)C(=O)O)[O-].[Mg+2],CCN1C=C(C(=O)C2=C1N=C(C=C2)C)C(=O)O
Quinapril,Nalidixic acid,The serum concentration of Nalidixic acid can be decreased when it is combined with Quinapril.,CCOC(=O)C(CCC1=CC=CC=C1)NC(C)C(=O)N2CC3=CC=CC=C3CC2C(=O)O,CCN1C=C(C(=O)C2=C1N=C(C=C2)C)C(=O)O
Theophylline,Nalidixic acid,The metabolism of Nalidixic acid can be decreased when combined with Theophylline.,CN1C2=C(C(=O)N(C1=O)C)NC=N2,CCN1C=C(C(=O)C2=C1N=C(C=C2)C)C(=O)O
Dyphylline,Nalidixic acid,The metabolism of Nalidixic acid can be decreased when combined with Dyphylline.,CN1C2=C(C(=O)N(C1=O)C)N(C=N2)CC(CO)O,CCN1C=C(C(=O)C2=C1N=C(C=C2)C)C(=O)O
Aminophylline,Nalidixic acid,The metabolism of Nalidixic acid can be decreased when combined with Aminophylline.,CN1C2=C(C(=O)N(C1=O)C)NC=N2.CN1C2=C(C(=O)N(C1=O)C)NC=N2.C(CN)N,CCN1C=C(C(=O)C2=C1N=C(C=C2)C)C(=O)O
Varenicline,Nalidixic acid,The serum concentration of Nalidixic acid can be increased when it is combined with Varenicline.,C1C2CNCC1C3=CC4=NC=CN=C4C=C23,CCN1C=C(C(=O)C2=C1N=C(C=C2)C)C(=O)O
Iron,Nalidixic acid,The serum concentration of Nalidixic acid can be decreased when it is combined with Iron.,[Fe],CCN1C=C(C(=O)C2=C1N=C(C=C2)C)C(=O)O
Ferric pyrophosphate,Nalidixic acid,The serum concentration of Nalidixic acid can be decreased when it is combined with Ferric pyrophosphate.,[O-]P(=O)([O-])OP(=O)([O-])[O-].[O-]P(=O)([O-])OP(=O)([O-])[O-].[O-]P(=O)([O-])OP(=O)([O-])[O-].[Fe+3].[Fe+3].[Fe+3].[Fe+3],CCN1C=C(C(=O)C2=C1N=C(C=C2)C)C(=O)O
Lanthanum carbonate,Nalidixic acid,The serum concentration of Nalidixic acid can be decreased when it is combined with Lanthanum carbonate.,C(=O)([O-])[O-].C(=O)([O-])[O-].C(=O)([O-])[O-].[La+3].[La+3],CCN1C=C(C(=O)C2=C1N=C(C=C2)C)C(=O)O
Strontium ranelate,Nalidixic acid,The serum concentration of Nalidixic acid can be decreased when it is combined with Strontium ranelate.,C(C1=C(SC(=C1C#N)N(CC(=O)[O-])CC(=O)[O-])C(=O)[O-])C(=O)[O-].[Sr+2].[Sr+2],CCN1C=C(C(=O)C2=C1N=C(C=C2)C)C(=O)O
Tiaprofenic acid,Norfloxacin,Tiaprofenic acid may increase the neuroexcitatory activities of Norfloxacin.,CC(C1=CC=C(S1)C(=O)C2=CC=CC=C2)C(=O)O,CCN1C=C(C(=O)C2=CC(=C(C=C21)N3CCNCC3)F)C(=O)O
Carprofen,Norfloxacin,Carprofen may increase the neuroexcitatory activities of Norfloxacin.,CC(C1=CC2=C(C=C1)C3=C(N2)C=CC(=C3)Cl)C(=O)O,CCN1C=C(C(=O)C2=CC(=C(C=C21)N3CCNCC3)F)C(=O)O
Cyclophosphamide,Norfloxacin,Cyclophosphamide may increase the cardiotoxic activities of Norfloxacin.,C1CNP(=O)(OC1)N(CCCl)CCCl,CCN1C=C(C(=O)C2=CC(=C(C=C21)N3CCNCC3)F)C(=O)O
Paclitaxel,Norfloxacin,The risk or severity of adverse effects can be increased when Paclitaxel is combined with Norfloxacin.,CC1=C2C(C(=O)C3(C(CC4C(C3C(C(C2(C)C)(CC1OC(=O)C(C(C5=CC=CC=C5)NC(=O)C6=CC=CC=C6)O)O)OC(=O)C7=CC=CC=C7)(CO4)OC(=O)C)O)C)OC(=O)C,CCN1C=C(C(=O)C2=CC(=C(C=C21)N3CCNCC3)F)C(=O)O
Docetaxel,Norfloxacin,The risk or severity of adverse effects can be increased when Docetaxel is combined with Norfloxacin.,CC1=C2C(C(=O)C3(C(CC4C(C3C(C(C2(C)C)(CC1OC(=O)C(C(C5=CC=CC=C5)NC(=O)OC(C)(C)C)O)O)OC(=O)C6=CC=CC=C6)(CO4)OC(=O)C)O)C)O,CCN1C=C(C(=O)C2=CC(=C(C=C21)N3CCNCC3)F)C(=O)O
Cabazitaxel,Norfloxacin,The risk or severity of adverse effects can be increased when Cabazitaxel is combined with Norfloxacin.,CC1=C2C(C(=O)C3(C(CC4C(C3C(C(C2(C)C)(CC1OC(=O)C(C(C5=CC=CC=C5)NC(=O)OC(C)(C)C)O)O)OC(=O)C6=CC=CC=C6)(CO4)OC(=O)C)OC)C)OC,CCN1C=C(C(=O)C2=CC(=C(C=C21)N3CCNCC3)F)C(=O)O
Anagrelide,Norfloxacin,Anagrelide may increase the QTc-prolonging activities of Norfloxacin.,C1C2=C(C=CC(=C2Cl)Cl)N=C3N1CC(=O)N3,CCN1C=C(C(=O)C2=CC(=C(C=C21)N3CCNCC3)F)C(=O)O
Acarbose,Norfloxacin,Acarbose may increase the hypoglycemic activities of Norfloxacin.,CC1C(C(C(C(O1)OC2C(OC(C(C2O)O)OC(C(CO)O)C(C(C=O)O)O)CO)O)O)NC3C=C(C(C(C3O)O)O)CO,CCN1C=C(C(=O)C2=CC(=C(C=C21)N3CCNCC3)F)C(=O)O
Sunitinib,Norfloxacin,Sunitinib may increase the hypoglycemic activities of Norfloxacin.,CCN(CC)CCNC(=O)C1=C(NC(=C1C)C=C2C3=C(C=CC(=C3)F)NC2=O)C,CCN1C=C(C(=O)C2=CC(=C(C=C21)N3CCNCC3)F)C(=O)O
Crizotinib,Norfloxacin,Crizotinib may increase the QTc-prolonging activities of Norfloxacin.,CC(C1=C(C=CC(=C1Cl)F)Cl)OC2=C(N=CC(=C2)C3=CN(N=C3)C4CCNCC4)N,CCN1C=C(C(=O)C2=CC(=C(C=C21)N3CCNCC3)F)C(=O)O
Prednisolone,Norfloxacin,The risk or severity of adverse effects can be increased when Prednisolone is combined with Norfloxacin.,CC12CC(C3C(C1CCC2(C(=O)CO)O)CCC4=CC(=O)C=CC34C)O,CCN1C=C(C(=O)C2=CC(=C(C=C21)N3CCNCC3)F)C(=O)O
Panobinostat,Norfloxacin,Panobinostat may increase the QTc-prolonging activities of Norfloxacin.,CC1=C(C2=CC=CC=C2N1)CCNCC3=CC=C(C=C3)C=CC(=O)NO,CCN1C=C(C(=O)C2=CC(=C(C=C21)N3CCNCC3)F)C(=O)O
Nilotinib,Norfloxacin,Nilotinib may increase the QTc-prolonging activities of Norfloxacin.,CC1=C(C=C(C=C1)C(=O)NC2=CC(=CC(=C2)C(F)(F)F)N3C=C(N=C3)C)NC4=NC=CC(=N4)C5=CN=CC=C5,CCN1C=C(C(=O)C2=CC(=C(C=C21)N3CCNCC3)F)C(=O)O
Dexamethasone,Norfloxacin,The risk or severity of adverse effects can be increased when Dexamethasone is combined with Norfloxacin.,CC1CC2C3CCC4=CC(=O)C=CC4(C3(C(CC2(C1(C(=O)CO)O)C)O)F)C,CCN1C=C(C(=O)C2=CC(=C(C=C21)N3CCNCC3)F)C(=O)O
Cabergoline,Norfloxacin,The risk or severity of adverse effects can be increased when Cabergoline is combined with Norfloxacin.,CCNC(=O)N(CCCN(C)C)C(=O)C1CC2C(CC3=CNC4=CC=CC2=C34)N(C1)CC=C,CCN1C=C(C(=O)C2=CC(=C(C=C21)N3CCNCC3)F)C(=O)O
Moxifloxacin,Norfloxacin,Moxifloxacin may increase the QTc-prolonging activities of Norfloxacin.,COC1=C2C(=CC(=C1N3CC4CCCNC4C3)F)C(=O)C(=CN2C5CC5)C(=O)O,CCN1C=C(C(=O)C2=CC(=C(C=C21)N3CCNCC3)F)C(=O)O
Pazopanib,Norfloxacin,Pazopanib may increase the QTc-prolonging activities of Norfloxacin.,CC1=C(C=C(C=C1)NC2=NC=CC(=N2)N(C)C3=CC4=NN(C(=C4C=C3)C)C)S(=O)(=O)N,CCN1C=C(C(=O)C2=CC(=C(C=C21)N3CCNCC3)F)C(=O)O
Gemifloxacin,Norfloxacin,Gemifloxacin may increase the QTc-prolonging activities of Norfloxacin.,CON=C1CN(CC1CN)C2=C(C=C3C(=O)C(=CN(C3=N2)C4CC4)C(=O)O)F,CCN1C=C(C(=O)C2=CC(=C(C=C21)N3CCNCC3)F)C(=O)O
Ciprofloxacin,Norfloxacin,Ciprofloxacin may increase the QTc-prolonging activities of Norfloxacin.,C1CC1N2C=C(C(=O)C3=CC(=C(C=C32)N4CCNCC4)F)C(=O)O,CCN1C=C(C(=O)C2=CC(=C(C=C21)N3CCNCC3)F)C(=O)O
Lenvatinib,Norfloxacin,Lenvatinib may increase the QTc-prolonging activities of Norfloxacin.,COC1=CC2=NC=CC(=C2C=C1C(=O)N)OC3=CC(=C(C=C3)NC(=O)NC4CC4)Cl,CCN1C=C(C(=O)C2=CC(=C(C=C21)N3CCNCC3)F)C(=O)O
Ofloxacin,Norfloxacin,Ofloxacin may increase the QTc-prolonging activities of Norfloxacin.,CC1COC2=C3N1C=C(C(=O)C3=CC(=C2N4CCN(CC4)C)F)C(=O)O,CCN1C=C(C(=O)C2=CC(=C(C=C21)N3CCNCC3)F)C(=O)O
Toremifene,Norfloxacin,Toremifene may increase the QTc-prolonging activities of Norfloxacin.,CN(C)CCOC1=CC=C(C=C1)C(=C(CCCl)C2=CC=CC=C2)C3=CC=CC=C3,CCN1C=C(C(=O)C2=CC(=C(C=C21)N3CCNCC3)F)C(=O)O
Arsenic trioxide,Norfloxacin,Arsenic trioxide may increase the QTc-prolonging activities of Norfloxacin.,[O-2].[O-2].[O-2].[As+3].[As+3],CCN1C=C(C(=O)C2=CC(=C(C=C21)N3CCNCC3)F)C(=O)O
Levofloxacin,Norfloxacin,Levofloxacin may increase the QTc-prolonging activities of Norfloxacin.,CC1COC2=C3N1C=C(C(=O)C3=CC(=C2N4CCN(CC4)C)F)C(=O)O,CCN1C=C(C(=O)C2=CC(=C(C=C21)N3CCNCC3)F)C(=O)O
Goserelin,Norfloxacin,Goserelin may increase the QTc-prolonging activities of Norfloxacin.,CC(C)CC(C(=O)NC(CCCN=C(N)N)C(=O)N1CCCC1C(=O)NNC(=O)N)NC(=O)C(COC(C)(C)C)NC(=O)C(CC2=CC=C(C=C2)O)NC(=O)C(CO)NC(=O)C(CC3=CNC4=CC=CC=C43)NC(=O)C(CC5=CN=CN5)NC(=O)C6CCC(=O)N6,CCN1C=C(C(=O)C2=CC(=C(C=C21)N3CCNCC3)F)C(=O)O
Prednisone,Norfloxacin,The risk or severity of adverse effects can be increased when Prednisone is combined with Norfloxacin.,CC12CC(=O)C3C(C1CCC2(C(=O)CO)O)CCC4=CC(=O)C=CC34C,CCN1C=C(C(=O)C2=CC(=C(C=C21)N3CCNCC3)F)C(=O)O
Methylprednisolone,Norfloxacin,The risk or severity of adverse effects can be increased when Methylprednisolone is combined with Norfloxacin.,CC1CC2C3CCC(C3(CC(C2C4(C1=CC(=O)C=C4)C)O)C)(C(=O)CO)O,CCN1C=C(C(=O)C2=CC(=C(C=C21)N3CCNCC3)F)C(=O)O
Formestane,Norfloxacin,The risk or severity of adverse effects can be increased when Formestane is combined with Norfloxacin.,CC12CCC(=O)C(=C1CCC3C2CCC4(C3CCC4=O)C)O,CCN1C=C(C(=O)C2=CC(=C(C=C21)N3CCNCC3)F)C(=O)O
Ibrutinib,Norfloxacin,The serum concentration of Norfloxacin can be increased when it is combined with Ibrutinib.,C=CC(=O)N1CCCC(C1)N2C3=NC=NC(=C3C(=N2)C4=CC=C(C=C4)OC5=CC=CC=C5)N,CCN1C=C(C(=O)C2=CC(=C(C=C21)N3CCNCC3)F)C(=O)O
Bosutinib,Norfloxacin,The serum concentration of Norfloxacin can be increased when it is combined with Bosutinib.,CN1CCN(CC1)CCCOC2=C(C=C3C(=C2)N=CC(=C3NC4=CC(=C(C=C4Cl)Cl)OC)C#N)OC,CCN1C=C(C(=O)C2=CC(=C(C=C21)N3CCNCC3)F)C(=O)O
Mesalazine,Norfloxacin,Mesalazine may increase the neuroexcitatory activities of Norfloxacin.,C1=CC(=C(C=C1N)C(=O)O)O,CCN1C=C(C(=O)C2=CC(=C(C=C21)N3CCNCC3)F)C(=O)O
Balsalazide,Norfloxacin,Balsalazide may increase the neuroexcitatory activities of Norfloxacin.,C1=CC(=CC=C1C(=O)NCCC(=O)O)N=NC2=CC(=C(C=C2)O)C(=O)O,CCN1C=C(C(=O)C2=CC(=C(C=C21)N3CCNCC3)F)C(=O)O
Olsalazine,Norfloxacin,Olsalazine may increase the neuroexcitatory activities of Norfloxacin.,C1=CC(=C(C=C1N=NC2=CC(=C(C=C2)O)C(=O)O)C(=O)O)O,CCN1C=C(C(=O)C2=CC(=C(C=C21)N3CCNCC3)F)C(=O)O
Resveratrol,Norfloxacin,Resveratrol may increase the neuroexcitatory activities of Norfloxacin.,C1=CC(=CC=C1C=CC2=CC(=CC(=C2)O)O)O,CCN1C=C(C(=O)C2=CC(=C(C=C21)N3CCNCC3)F)C(=O)O
Vandetanib,Norfloxacin,Vandetanib may increase the QTc-prolonging activities of Norfloxacin.,CN1CCC(CC1)COC2=C(C=C3C(=C2)N=CN=C3NC4=C(C=C(C=C4)Br)F)OC,CCN1C=C(C(=O)C2=CC(=C(C=C21)N3CCNCC3)F)C(=O)O
Sotalol,Norfloxacin,Sotalol may increase the QTc-prolonging activities of Norfloxacin.,CC(C)NCC(C1=CC=C(C=C1)NS(=O)(=O)C)O,CCN1C=C(C(=O)C2=CC(=C(C=C21)N3CCNCC3)F)C(=O)O
Masoprocol,Norfloxacin,Masoprocol may increase the neuroexcitatory activities of Norfloxacin.,CC(CC1=CC(=C(C=C1)O)O)C(C)CC2=CC(=C(C=C2)O)O,CCN1C=C(C(=O)C2=CC(=C(C=C21)N3CCNCC3)F)C(=O)O
Sulindac,Norfloxacin,Sulindac may increase the neuroexcitatory activities of Norfloxacin.,CC1=C(C2=C(C1=CC3=CC=C(C=C3)S(=O)C)C=CC(=C2)F)CC(=O)O,CCN1C=C(C(=O)C2=CC(=C(C=C21)N3CCNCC3)F)C(=O)O
Pirfenidone,Norfloxacin,Pirfenidone may increase the neuroexcitatory activities of Norfloxacin.,CC1=CN(C(=O)C=C1)C2=CC=CC=C2,CCN1C=C(C(=O)C2=CC(=C(C=C21)N3CCNCC3)F)C(=O)O
Mycophenolate mofetil,Norfloxacin,Mycophenolate mofetil may increase the neuroexcitatory activities of Norfloxacin.,CC1=C2COC(=O)C2=C(C(=C1OC)CC=C(C)CCC(=O)OCCN3CCOCC3)O,CCN1C=C(C(=O)C2=CC(=C(C=C21)N3CCNCC3)F)C(=O)O
Leflunomide,Norfloxacin,Leflunomide may increase the neuroexcitatory activities of Norfloxacin.,CC1=C(C=NO1)C(=O)NC2=CC=C(C=C2)C(F)(F)F,CCN1C=C(C(=O)C2=CC(=C(C=C21)N3CCNCC3)F)C(=O)O
Vemurafenib,Norfloxacin,The risk or severity of QTc prolongation can be increased when Vemurafenib is combined with Norfloxacin.,CCCS(=O)(=O)NC1=C(C(=C(C=C1)F)C(=O)C2=CNC3=C2C=C(C=N3)C4=CC=C(C=C4)Cl)F,CCN1C=C(C(=O)C2=CC(=C(C=C21)N3CCNCC3)F)C(=O)O
Ceritinib,Norfloxacin,Ceritinib may increase the QTc-prolonging activities of Norfloxacin.,CC1=CC(=C(C=C1C2CCNCC2)OC(C)C)NC3=NC=C(C(=N3)NC4=CC=CC=C4S(=O)(=O)C(C)C)Cl,CCN1C=C(C(=O)C2=CC(=C(C=C21)N3CCNCC3)F)C(=O)O
Warfarin,Norfloxacin,Warfarin may increase the anticoagulant activities of Norfloxacin.,CC(=O)CC(C1=CC=CC=C1)C2=C(C3=CC=CC=C3OC2=O)O,CCN1C=C(C(=O)C2=CC(=C(C=C21)N3CCNCC3)F)C(=O)O
Phenprocoumon,Norfloxacin,Phenprocoumon may increase the anticoagulant activities of Norfloxacin.,CCC(C1=CC=CC=C1)C2=C(C3=CC=CC=C3OC2=O)O,CCN1C=C(C(=O)C2=CC(=C(C=C21)N3CCNCC3)F)C(=O)O
Phenindione,Norfloxacin,Phenindione may increase the anticoagulant activities of Norfloxacin.,C1=CC=C(C=C1)C2C(=O)C3=CC=CC=C3C2=O,CCN1C=C(C(=O)C2=CC(=C(C=C21)N3CCNCC3)F)C(=O)O
Acenocoumarol,Norfloxacin,Acenocoumarol may increase the anticoagulant activities of Norfloxacin.,CC(=O)CC(C1=CC=C(C=C1)[N+](=O)[O-])C2=C(C3=CC=CC=C3OC2=O)O,CCN1C=C(C(=O)C2=CC(=C(C=C21)N3CCNCC3)F)C(=O)O
Dicoumarol,Norfloxacin,Dicoumarol may increase the anticoagulant activities of Norfloxacin.,C1=CC=C2C(=C1)C(=C(C(=O)O2)CC3=C(C4=CC=CC=C4OC3=O)O)O,CCN1C=C(C(=O)C2=CC(=C(C=C21)N3CCNCC3)F)C(=O)O
Nafamostat,Norfloxacin,Nafamostat may increase the neuroexcitatory activities of Norfloxacin.,C1=CC(=CC=C1C(=O)OC2=CC3=C(C=C2)C=C(C=C3)C(=N)N)N=C(N)N,CCN1C=C(C(=O)C2=CC(=C(C=C21)N3CCNCC3)F)C(=O)O
Rosiglitazone,Norfloxacin,Rosiglitazone may increase the hypoglycemic activities of Norfloxacin.,CN(CCOC1=CC=C(C=C1)CC2C(=O)NC(=O)S2)C3=CC=CC=N3,CCN1C=C(C(=O)C2=CC(=C(C=C21)N3CCNCC3)F)C(=O)O
Nimesulide,Norfloxacin,Nimesulide may increase the neuroexcitatory activities of Norfloxacin.,CS(=O)(=O)NC1=C(C=C(C=C1)[N+](=O)[O-])OC2=CC=CC=C2,CCN1C=C(C(=O)C2=CC(=C(C=C21)N3CCNCC3)F)C(=O)O
Acetylsalicylic acid,Norfloxacin,Acetylsalicylic acid may increase the neuroexcitatory activities of Norfloxacin.,CC(=O)OC1=CC=CC=C1C(=O)O,CCN1C=C(C(=O)C2=CC(=C(C=C21)N3CCNCC3)F)C(=O)O
Diflunisal,Norfloxacin,Diflunisal may increase the neuroexcitatory activities of Norfloxacin.,C1=CC(=C(C=C1C2=C(C=C(C=C2)F)F)C(=O)O)O,CCN1C=C(C(=O)C2=CC(=C(C=C21)N3CCNCC3)F)C(=O)O
Azelastine,Norfloxacin,Azelastine may increase the neuroexcitatory activities of Norfloxacin.,CN1CCCC(CC1)N2C(=O)C3=CC=CC=C3C(=N2)CC4=CC=C(C=C4)Cl,CCN1C=C(C(=O)C2=CC(=C(C=C21)N3CCNCC3)F)C(=O)O
Tranilast,Norfloxacin,Tranilast may increase the neuroexcitatory activities of Norfloxacin.,COC1=C(C=C(C=C1)C=CC(=O)NC2=CC=CC=C2C(=O)O)OC,CCN1C=C(C(=O)C2=CC(=C(C=C21)N3CCNCC3)F)C(=O)O
Sulfisoxazole,Norfloxacin,Sulfisoxazole may increase the QTc-prolonging activities of Norfloxacin.,CC1=C(ON=C1C)NS(=O)(=O)C2=CC=C(C=C2)N,CCN1C=C(C(=O)C2=CC(=C(C=C21)N3CCNCC3)F)C(=O)O
Chlorpropamide,Norfloxacin,Chlorpropamide may increase the hypoglycemic activities of Norfloxacin.,CCCNC(=O)NS(=O)(=O)C1=CC=C(C=C1)Cl,CCN1C=C(C(=O)C2=CC(=C(C=C21)N3CCNCC3)F)C(=O)O
Canagliflozin,Norfloxacin,Canagliflozin may increase the hypoglycemic activities of Norfloxacin.,CC1=C(C=C(C=C1)C2C(C(C(C(O2)CO)O)O)O)CC3=CC=C(S3)C4=CC=C(C=C4)F,CCN1C=C(C(=O)C2=CC(=C(C=C21)N3CCNCC3)F)C(=O)O
Pentamidine,Norfloxacin,Pentamidine may increase the QTc-prolonging activities of Norfloxacin.,C1=CC(=CC=C1C(=N)N)OCCCCCOC2=CC=C(C=C2)C(=N)N,CCN1C=C(C(=O)C2=CC(=C(C=C21)N3CCNCC3)F)C(=O)O
Glipizide,Norfloxacin,Glipizide may increase the hypoglycemic activities of Norfloxacin.,CC1=CN=C(C=N1)C(=O)NCCC2=CC=C(C=C2)S(=O)(=O)NC(=O)NC3CCCCC3,CCN1C=C(C(=O)C2=CC(=C(C=C21)N3CCNCC3)F)C(=O)O
Disopyramide,Norfloxacin,Disopyramide may increase the QTc-prolonging activities of Norfloxacin.,CC(C)N(CCC(C1=CC=CC=C1)(C2=CC=CC=N2)C(=O)N)C(C)C,CCN1C=C(C(=O)C2=CC(=C(C=C21)N3CCNCC3)F)C(=O)O
Tolbutamide,Norfloxacin,Tolbutamide may increase the hypoglycemic activities of Norfloxacin.,CCCCNC(=O)NS(=O)(=O)C1=CC=C(C=C1)C,CCN1C=C(C(=O)C2=CC(=C(C=C21)N3CCNCC3)F)C(=O)O
Miglitol,Norfloxacin,Miglitol may increase the hypoglycemic activities of Norfloxacin.,C1C(C(C(C(N1CCO)CO)O)O)O,CCN1C=C(C(=O)C2=CC(=C(C=C21)N3CCNCC3)F)C(=O)O
Sulfamethoxazole,Norfloxacin,Sulfamethoxazole may increase the hypoglycemic activities of Norfloxacin.,CC1=CC(=NO1)NS(=O)(=O)C2=CC=C(C=C2)N,CCN1C=C(C(=O)C2=CC(=C(C=C21)N3CCNCC3)F)C(=O)O
Sitagliptin,Norfloxacin,Sitagliptin may increase the hypoglycemic activities of Norfloxacin.,C1CN2C(=NN=C2C(F)(F)F)CN1C(=O)CC(CC3=CC(=C(C=C3F)F)F)N,CCN1C=C(C(=O)C2=CC(=C(C=C21)N3CCNCC3)F)C(=O)O
Dapagliflozin,Norfloxacin,Dapagliflozin may increase the hypoglycemic activities of Norfloxacin.,CCOC1=CC=C(C=C1)CC2=C(C=CC(=C2)C3C(C(C(C(O3)CO)O)O)O)Cl,CCN1C=C(C(=O)C2=CC(=C(C=C21)N3CCNCC3)F)C(=O)O
Alogliptin,Norfloxacin,Alogliptin may increase the hypoglycemic activities of Norfloxacin.,CN1C(=O)C=C(N(C1=O)CC2=CC=CC=C2C#N)N3CCCC(C3)N,CCN1C=C(C(=O)C2=CC(=C(C=C21)N3CCNCC3)F)C(=O)O
Saxagliptin,Norfloxacin,Saxagliptin may increase the hypoglycemic activities of Norfloxacin.,C1C2CC2N(C1C#N)C(=O)C(C34CC5CC(C3)CC(C5)(C4)O)N,CCN1C=C(C(=O)C2=CC(=C(C=C21)N3CCNCC3)F)C(=O)O
Sulfadiazine,Norfloxacin,Sulfadiazine may increase the hypoglycemic activities of Norfloxacin.,C1=CN=C(N=C1)NS(=O)(=O)C2=CC=C(C=C2)N,CCN1C=C(C(=O)C2=CC(=C(C=C21)N3CCNCC3)F)C(=O)O
Nateglinide,Norfloxacin,Nateglinide may increase the hypoglycemic activities of Norfloxacin.,CC(C)C1CCC(CC1)C(=O)NC(CC2=CC=CC=C2)C(=O)O,CCN1C=C(C(=O)C2=CC(=C(C=C21)N3CCNCC3)F)C(=O)O
Gliclazide,Norfloxacin,Gliclazide may increase the hypoglycemic activities of Norfloxacin.,CC1=CC=C(C=C1)S(=O)(=O)NC(=O)NN2CC3CCCC3C2,CCN1C=C(C(=O)C2=CC(=C(C=C21)N3CCNCC3)F)C(=O)O
Pioglitazone,Norfloxacin,Pioglitazone may increase the hypoglycemic activities of Norfloxacin.,CCC1=CN=C(C=C1)CCOC2=CC=C(C=C2)CC3C(=O)NC(=O)S3,CCN1C=C(C(=O)C2=CC(=C(C=C21)N3CCNCC3)F)C(=O)O
Quinine,Norfloxacin,Quinine may increase the QTc-prolonging activities of Norfloxacin.,COC1=CC2=C(C=CN=C2C=C1)C(C3CC4CCN3CC4C=C)O,CCN1C=C(C(=O)C2=CC(=C(C=C21)N3CCNCC3)F)C(=O)O
Metformin,Norfloxacin,Metformin may increase the hypoglycemic activities of Norfloxacin.,CN(C)C(=N)N=C(N)N,CCN1C=C(C(=O)C2=CC(=C(C=C21)N3CCNCC3)F)C(=O)O
Tolazamide,Norfloxacin,Tolazamide may increase the hypoglycemic activities of Norfloxacin.,CC1=CC=C(C=C1)S(=O)(=O)NC(=O)NN2CCCCCC2,CCN1C=C(C(=O)C2=CC(=C(C=C21)N3CCNCC3)F)C(=O)O
Glimepiride,Norfloxacin,Glimepiride may increase the hypoglycemic activities of Norfloxacin.,CCC1=C(CN(C1=O)C(=O)NCCC2=CC=C(C=C2)S(=O)(=O)NC(=O)NC3CCC(CC3)C)C,CCN1C=C(C(=O)C2=CC(=C(C=C21)N3CCNCC3)F)C(=O)O
Empagliflozin,Norfloxacin,Empagliflozin may increase the hypoglycemic activities of Norfloxacin.,C1COCC1OC2=CC=C(C=C2)CC3=C(C=CC(=C3)C4C(C(C(C(O4)CO)O)O)O)Cl,CCN1C=C(C(=O)C2=CC(=C(C=C21)N3CCNCC3)F)C(=O)O
Repaglinide,Norfloxacin,Repaglinide may increase the hypoglycemic activities of Norfloxacin.,CCOC1=C(C=CC(=C1)CC(=O)NC(CC(C)C)C2=CC=CC=C2N3CCCCC3)C(=O)O,CCN1C=C(C(=O)C2=CC(=C(C=C21)N3CCNCC3)F)C(=O)O
Glyburide,Norfloxacin,Glyburide may increase the hypoglycemic activities of Norfloxacin.,COC1=C(C=C(C=C1)Cl)C(=O)NCCC2=CC=C(C=C2)S(=O)(=O)NC(=O)NC3CCCCC3,CCN1C=C(C(=O)C2=CC(=C(C=C21)N3CCNCC3)F)C(=O)O
Bromocriptine,Norfloxacin,Bromocriptine may increase the hypoglycemic activities of Norfloxacin.,CC(C)CC1C(=O)N2CCCC2C3(N1C(=O)C(O3)(C(C)C)NC(=O)C4CN(C5CC6=C(NC7=CC=CC(=C67)C5=C4)Br)C)O,CCN1C=C(C(=O)C2=CC(=C(C=C21)N3CCNCC3)F)C(=O)O
Seratrodast,Norfloxacin,Seratrodast may increase the neuroexcitatory activities of Norfloxacin.,CC1=C(C(=O)C(=C(C1=O)C)C(CCCCCC(=O)O)C2=CC=CC=C2)C,CCN1C=C(C(=O)C2=CC(=C(C=C21)N3CCNCC3)F)C(=O)O
Chloroquine,Norfloxacin,Chloroquine may increase the neuroexcitatory activities of Norfloxacin.,CCN(CC)CCCC(C)NC1=C2C=CC(=CC2=NC=C1)Cl,CCN1C=C(C(=O)C2=CC(=C(C=C21)N3CCNCC3)F)C(=O)O
Celecoxib,Norfloxacin,Celecoxib may increase the neuroexcitatory activities of Norfloxacin.,CC1=CC=C(C=C1)C2=CC(=NN2C3=CC=C(C=C3)S(=O)(=O)N)C(F)(F)F,CCN1C=C(C(=O)C2=CC(=C(C=C21)N3CCNCC3)F)C(=O)O
Salicylic acid,Norfloxacin,Salicylic acid may increase the neuroexcitatory activities of Norfloxacin.,C1=CC=C(C(=C1)C(=O)O)O,CCN1C=C(C(=O)C2=CC(=C(C=C21)N3CCNCC3)F)C(=O)O
Naftifine,Norfloxacin,Naftifine may increase the neuroexcitatory activities of Norfloxacin.,CN(CC=CC1=CC=CC=C1)CC2=CC=CC3=CC=CC=C32,CCN1C=C(C(=O)C2=CC(=C(C=C21)N3CCNCC3)F)C(=O)O
Fluticasone propionate,Norfloxacin,The risk or severity of adverse effects can be increased when Fluticasone propionate is combined with Norfloxacin.,CCC(=O)OC1(C(CC2C1(CC(C3(C2CC(C4=CC(=O)C=CC43C)F)F)O)C)C)C(=O)SCF,CCN1C=C(C(=O)C2=CC(=C(C=C21)N3CCNCC3)F)C(=O)O
Magnesium sulfate,Norfloxacin,The serum concentration of Norfloxacin can be decreased when it is combined with Magnesium sulfate.,[O-]S(=O)(=O)[O-].[Mg+2],CCN1C=C(C(=O)C2=CC(=C(C=C21)N3CCNCC3)F)C(=O)O
Olopatadine,Norfloxacin,Olopatadine may increase the neuroexcitatory activities of Norfloxacin.,CN(C)CCC=C1C2=CC=CC=C2COC3=C1C=C(C=C3)CC(=O)O,CCN1C=C(C(=O)C2=CC(=C(C=C21)N3CCNCC3)F)C(=O)O
Fluticasone furoate,Norfloxacin,The risk or severity of adverse effects can be increased when Fluticasone furoate is combined with Norfloxacin.,CC1CC2C3CC(C4=CC(=O)C=CC4(C3(C(CC2(C1(C(=O)SCF)OC(=O)C5=CC=CO5)C)O)F)C)F,CCN1C=C(C(=O)C2=CC(=C(C=C21)N3CCNCC3)F)C(=O)O
Prasterone,Norfloxacin,The risk or severity of adverse effects can be increased when Prasterone is combined with Norfloxacin.,CC12CCC3C(C1CCC2=O)CC=C4C3(CCC(C4)O)C,CCN1C=C(C(=O)C2=CC(=C(C=C21)N3CCNCC3)F)C(=O)O
Diflorasone,Norfloxacin,The risk or severity of adverse effects can be increased when Diflorasone is combined with Norfloxacin.,CC1CC2C3CC(C4=CC(=O)C=CC4(C3(C(CC2(C1(C(=O)CO)O)C)O)F)C)F,CCN1C=C(C(=O)C2=CC(=C(C=C21)N3CCNCC3)F)C(=O)O
Flumethasone,Norfloxacin,The risk or severity of adverse effects can be increased when Flumethasone is combined with Norfloxacin.,CC1CC2C3CC(C4=CC(=O)C=CC4(C3(C(CC2(C1(C(=O)CO)O)C)O)F)C)F,CCN1C=C(C(=O)C2=CC(=C(C=C21)N3CCNCC3)F)C(=O)O
Desoximetasone,Norfloxacin,The risk or severity of adverse effects can be increased when Desoximetasone is combined with Norfloxacin.,CC1CC2C3CCC4=CC(=O)C=CC4(C3(C(CC2(C1C(=O)CO)C)O)F)C,CCN1C=C(C(=O)C2=CC(=C(C=C21)N3CCNCC3)F)C(=O)O
Mometasone,Norfloxacin,The risk or severity of adverse effects can be increased when Mometasone is combined with Norfloxacin.,CC1CC2C3CCC4=CC(=O)C=CC4(C3(C(CC2(C1(C(=O)CCl)O)C)O)Cl)C,CCN1C=C(C(=O)C2=CC(=C(C=C21)N3CCNCC3)F)C(=O)O
Clobetasol propionate,Norfloxacin,The risk or severity of adverse effects can be increased when Clobetasol propionate is combined with Norfloxacin.,CCC(=O)OC1(C(CC2C1(CC(C3(C2CCC4=CC(=O)C=CC43C)F)O)C)C)C(=O)CCl,CCN1C=C(C(=O)C2=CC(=C(C=C21)N3CCNCC3)F)C(=O)O
Estrone,Norfloxacin,The risk or severity of adverse effects can be increased when Estrone is combined with Norfloxacin.,CC12CCC3C(C1CCC2=O)CCC4=C3C=CC(=C4)O,CCN1C=C(C(=O)C2=CC(=C(C=C21)N3CCNCC3)F)C(=O)O
Difluprednate,Norfloxacin,The risk or severity of adverse effects can be increased when Difluprednate is combined with Norfloxacin.,CCCC(=O)OC1(CCC2C1(CC(C3(C2CC(C4=CC(=O)C=CC43C)F)F)O)C)C(=O)COC(=O)C,CCN1C=C(C(=O)C2=CC(=C(C=C21)N3CCNCC3)F)C(=O)O
Fluprednidene,Norfloxacin,The risk or severity of adverse effects can be increased when Fluprednidene is combined with Norfloxacin.,CC12CC(C3(C(C1CC(=C)C2(C(=O)CO)O)CCC4=CC(=O)C=CC43C)F)O,CCN1C=C(C(=O)C2=CC(=C(C=C21)N3CCNCC3)F)C(=O)O
Beclomethasone dipropionate,Norfloxacin,The risk or severity of adverse effects can be increased when Beclomethasone dipropionate is combined with Norfloxacin.,CCC(=O)OCC(=O)C1(C(CC2C1(CC(C3(C2CCC4=CC(=O)C=CC43C)Cl)O)C)C)OC(=O)CC,CCN1C=C(C(=O)C2=CC(=C(C=C21)N3CCNCC3)F)C(=O)O
Tixocortol,Norfloxacin,The risk or severity of adverse effects can be increased when Tixocortol is combined with Norfloxacin.,CC12CCC(=O)C=C1CCC3C2C(CC4(C3CCC4(C(=O)CS)O)C)O,CCN1C=C(C(=O)C2=CC(=C(C=C21)N3CCNCC3)F)C(=O)O
Fluocinonide,Norfloxacin,The risk or severity of adverse effects can be increased when Fluocinonide is combined with Norfloxacin.,CC(=O)OCC(=O)C12C(CC3C1(CC(C4(C3CC(C5=CC(=O)C=CC54C)F)F)O)C)OC(O2)(C)C,CCN1C=C(C(=O)C2=CC(=C(C=C21)N3CCNCC3)F)C(=O)O
Ciclesonide,Norfloxacin,The risk or severity of adverse effects can be increased when Ciclesonide is combined with Norfloxacin.,CC(C)C(=O)OCC(=O)C12C(CC3C1(CC(C4C3CCC5=CC(=O)C=CC45C)O)C)OC(O2)C6CCCCC6,CCN1C=C(C(=O)C2=CC(=C(C=C21)N3CCNCC3)F)C(=O)O
Cortisone acetate,Norfloxacin,The risk or severity of adverse effects can be increased when Cortisone acetate is combined with Norfloxacin.,CC(=O)OCC(=O)C1(CCC2C1(CC(=O)C3C2CCC4=CC(=O)CCC34C)C)O,CCN1C=C(C(=O)C2=CC(=C(C=C21)N3CCNCC3)F)C(=O)O
Alclometasone,Norfloxacin,The risk or severity of adverse effects can be increased when Alclometasone is combined with Norfloxacin.,CC1CC2C3C(CC4=CC(=O)C=CC4(C3C(CC2(C1(C(=O)CO)O)C)O)C)Cl,CCN1C=C(C(=O)C2=CC(=C(C=C21)N3CCNCC3)F)C(=O)O
Fludrocortisone,Norfloxacin,The risk or severity of adverse effects can be increased when Fludrocortisone is combined with Norfloxacin.,CC12CCC(=O)C=C1CCC3C2(C(CC4(C3CCC4(C(=O)CO)O)C)O)F,CCN1C=C(C(=O)C2=CC(=C(C=C21)N3CCNCC3)F)C(=O)O
Flunisolide,Norfloxacin,The risk or severity of adverse effects can be increased when Flunisolide is combined with Norfloxacin.,CC1(OC2CC3C4CC(C5=CC(=O)C=CC5(C4C(CC3(C2(O1)C(=O)CO)C)O)C)F)C,CCN1C=C(C(=O)C2=CC(=C(C=C21)N3CCNCC3)F)C(=O)O
Triamcinolone,Norfloxacin,The risk or severity of adverse effects can be increased when Triamcinolone is combined with Norfloxacin.,CC12CC(C3(C(C1CC(C2(C(=O)CO)O)O)CCC4=CC(=O)C=CC43C)F)O,CCN1C=C(C(=O)C2=CC(=C(C=C21)N3CCNCC3)F)C(=O)O
Fluocinolone acetonide,Norfloxacin,The risk or severity of adverse effects can be increased when Fluocinolone acetonide is combined with Norfloxacin.,CC1(OC2CC3C4CC(C5=CC(=O)C=CC5(C4(C(CC3(C2(O1)C(=O)CO)C)O)F)C)F)C,CCN1C=C(C(=O)C2=CC(=C(C=C21)N3CCNCC3)F)C(=O)O
Paramethasone,Norfloxacin,The risk or severity of adverse effects can be increased when Paramethasone is combined with Norfloxacin.,CC1CC2C3CC(C4=CC(=O)C=CC4(C3C(CC2(C1(C(=O)CO)O)C)O)C)F,CCN1C=C(C(=O)C2=CC(=C(C=C21)N3CCNCC3)F)C(=O)O
Prednicarbate,Norfloxacin,The risk or severity of adverse effects can be increased when Prednicarbate is combined with Norfloxacin.,CCC(=O)OCC(=O)C1(CCC2C1(CC(C3C2CCC4=CC(=O)C=CC34C)O)C)OC(=O)OCC,CCN1C=C(C(=O)C2=CC(=C(C=C21)N3CCNCC3)F)C(=O)O
Rimexolone,Norfloxacin,The risk or severity of adverse effects can be increased when Rimexolone is combined with Norfloxacin.,CCC(=O)C1(C(CC2C1(CC(C3C2CCC4=CC(=O)C=CC34C)O)C)C)C,CCN1C=C(C(=O)C2=CC(=C(C=C21)N3CCNCC3)F)C(=O)O
Betamethasone,Norfloxacin,The risk or severity of adverse effects can be increased when Betamethasone is combined with Norfloxacin.,CC1CC2C3CCC4=CC(=O)C=CC4(C3(C(CC2(C1(C(=O)CO)O)C)O)F)C,CCN1C=C(C(=O)C2=CC(=C(C=C21)N3CCNCC3)F)C(=O)O
Deflazacort,Norfloxacin,The risk or severity of adverse effects can be increased when Deflazacort is combined with Norfloxacin.,CC1=NC2(C(O1)CC3C2(CC(C4C3CCC5=CC(=O)C=CC45C)O)C)C(=O)COC(=O)C,CCN1C=C(C(=O)C2=CC(=C(C=C21)N3CCNCC3)F)C(=O)O
Desonide,Norfloxacin,The risk or severity of adverse effects can be increased when Desonide is combined with Norfloxacin.,CC1(OC2CC3C4CCC5=CC(=O)C=CC5(C4C(CC3(C2(O1)C(=O)CO)C)O)C)C,CCN1C=C(C(=O)C2=CC(=C(C=C21)N3CCNCC3)F)C(=O)O
Amcinonide,Norfloxacin,The risk or severity of adverse effects can be increased when Amcinonide is combined with Norfloxacin.,CC(=O)OCC(=O)C12C(CC3C1(CC(C4(C3CCC5=CC(=O)C=CC54C)F)O)C)OC6(O2)CCCC6,CCN1C=C(C(=O)C2=CC(=C(C=C21)N3CCNCC3)F)C(=O)O
Estrone sulfate,Norfloxacin,The risk or severity of adverse effects can be increased when Estrone sulfate is combined with Norfloxacin.,CC12CCC3C(C1CCC2=O)CCC4=C3C=CC(=C4)OS(=O)(=O)O,CCN1C=C(C(=O)C2=CC(=C(C=C21)N3CCNCC3)F)C(=O)O
Equilin,Norfloxacin,The risk or severity of adverse effects can be increased when Equilin is combined with Norfloxacin.,CC12CCC3C(=CCC4=C3C=CC(=C4)O)C1CCC2=O,CCN1C=C(C(=O)C2=CC(=C(C=C21)N3CCNCC3)F)C(=O)O
Ulobetasol,Norfloxacin,The risk or severity of adverse effects can be increased when Ulobetasol is combined with Norfloxacin.,CC1CC2C3CC(C4=CC(=O)C=CC4(C3(C(CC2(C1(C(=O)CCl)O)C)O)F)C)F,CCN1C=C(C(=O)C2=CC(=C(C=C21)N3CCNCC3)F)C(=O)O
Loteprednol,Norfloxacin,The risk or severity of adverse effects can be increased when Loteprednol is combined with Norfloxacin.,CC12CC(C3C(C1CCC2(C(=O)OCCl)O)CCC4=CC(=O)C=CC34C)O,CCN1C=C(C(=O)C2=CC(=C(C=C21)N3CCNCC3)F)C(=O)O
Halcinonide,Norfloxacin,The risk or severity of adverse effects can be increased when Halcinonide is combined with Norfloxacin.,CC1(OC2CC3C4CCC5=CC(=O)CCC5(C4(C(CC3(C2(O1)C(=O)CCl)C)O)F)C)C,CCN1C=C(C(=O)C2=CC(=C(C=C21)N3CCNCC3)F)C(=O)O
Fluocortolone,Norfloxacin,The risk or severity of adverse effects can be increased when Fluocortolone is combined with Norfloxacin.,CC1CC2C3CC(C4=CC(=O)C=CC4(C3C(CC2(C1C(=O)CO)C)O)C)F,CCN1C=C(C(=O)C2=CC(=C(C=C21)N3CCNCC3)F)C(=O)O
Flurandrenolide,Norfloxacin,The risk or severity of adverse effects can be increased when Flurandrenolide is combined with Norfloxacin.,CC1(OC2CC3C4CC(C5=CC(=O)CCC5(C4C(CC3(C2(O1)C(=O)CO)C)O)C)F)C,CCN1C=C(C(=O)C2=CC(=C(C=C21)N3CCNCC3)F)C(=O)O
Budesonide,Norfloxacin,The risk or severity of adverse effects can be increased when Budesonide is combined with Norfloxacin.,CCCC1OC2CC3C4CCC5=CC(=O)C=CC5(C4C(CC3(C2(O1)C(=O)CO)C)O)C,CCN1C=C(C(=O)C2=CC(=C(C=C21)N3CCNCC3)F)C(=O)O
Difluocortolone,Norfloxacin,The risk or severity of adverse effects can be increased when Difluocortolone is combined with Norfloxacin.,CC1CC2C3CC(C4=CC(=O)C=CC4(C3(C(CC2(C1C(=O)CO)C)O)F)C)F,CCN1C=C(C(=O)C2=CC(=C(C=C21)N3CCNCC3)F)C(=O)O
Medrysone,Norfloxacin,The risk or severity of adverse effects can be increased when Medrysone is combined with Norfloxacin.,CC1CC2C3CCC(C3(CC(C2C4(C1=CC(=O)CC4)C)O)C)C(=O)C,CCN1C=C(C(=O)C2=CC(=C(C=C21)N3CCNCC3)F)C(=O)O
Clocortolone,Norfloxacin,The risk or severity of adverse effects can be increased when Clocortolone is combined with Norfloxacin.,CC1CC2C3CC(C4=CC(=O)C=CC4(C3(C(CC2(C1C(=O)CO)C)O)Cl)C)F,CCN1C=C(C(=O)C2=CC(=C(C=C21)N3CCNCC3)F)C(=O)O
Hydrocortisone,Norfloxacin,The risk or severity of adverse effects can be increased when Hydrocortisone is combined with Norfloxacin.,CC12CCC(=O)C=C1CCC3C2C(CC4(C3CCC4(C(=O)CO)O)C)O,CCN1C=C(C(=O)C2=CC(=C(C=C21)N3CCNCC3)F)C(=O)O
Fluorometholone,Norfloxacin,The risk or severity of adverse effects can be increased when Fluorometholone is combined with Norfloxacin.,CC1CC2C3CCC(C3(CC(C2(C4(C1=CC(=O)C=C4)C)F)O)C)(C(=O)C)O,CCN1C=C(C(=O)C2=CC(=C(C=C21)N3CCNCC3)F)C(=O)O
Clobetasone,Norfloxacin,The risk or severity of adverse effects can be increased when Clobetasone is combined with Norfloxacin.,CC1CC2C3CCC4=CC(=O)C=CC4(C3(C(=O)CC2(C1(C(=O)CCl)O)C)F)C,CCN1C=C(C(=O)C2=CC(=C(C=C21)N3CCNCC3)F)C(=O)O
Fenbufen,Norfloxacin,Fenbufen may increase the neuroexcitatory activities of Norfloxacin.,C1=CC=C(C=C1)C2=CC=C(C=C2)C(=O)CCC(=O)O,CCN1C=C(C(=O)C2=CC(=C(C=C21)N3CCNCC3)F)C(=O)O
Meclofenamic acid,Norfloxacin,Meclofenamic acid may increase the neuroexcitatory activities of Norfloxacin.,CC1=C(C(=C(C=C1)Cl)NC2=CC=CC=C2C(=O)O)Cl,CCN1C=C(C(=O)C2=CC(=C(C=C21)N3CCNCC3)F)C(=O)O
Lumiracoxib,Norfloxacin,Lumiracoxib may increase the neuroexcitatory activities of Norfloxacin.,CC1=CC(=C(C=C1)NC2=C(C=CC=C2Cl)F)CC(=O)O,CCN1C=C(C(=O)C2=CC(=C(C=C21)N3CCNCC3)F)C(=O)O
Tolmetin,Norfloxacin,Tolmetin may increase the neuroexcitatory activities of Norfloxacin.,CC1=CC=C(C=C1)C(=O)C2=CC=C(N2C)CC(=O)O,CCN1C=C(C(=O)C2=CC(=C(C=C21)N3CCNCC3)F)C(=O)O
Tenoxicam,Norfloxacin,Tenoxicam may increase the neuroexcitatory activities of Norfloxacin.,CN1C(=C(C2=C(S1(=O)=O)C=CS2)O)C(=O)NC3=CC=CC=N3,CCN1C=C(C(=O)C2=CC(=C(C=C21)N3CCNCC3)F)C(=O)O
Choline magnesium trisalicylate,Norfloxacin,Choline magnesium trisalicylate may increase the neuroexcitatory activities of Norfloxacin.,C[N+](C)(C)CCO.C1=CC=C(C(=C1)C(=O)O)[O-].C1=CC=C(C(=C1)C(=O)O)[O-].C1=CC=C(C(=C1)C(=O)O)[O-].[Mg+2],CCN1C=C(C(=O)C2=CC(=C(C=C21)N3CCNCC3)F)C(=O)O
Etoricoxib,Norfloxacin,Etoricoxib may increase the neuroexcitatory activities of Norfloxacin.,CC1=NC=C(C=C1)C2=C(C=C(C=N2)Cl)C3=CC=C(C=C3)S(=O)(=O)C,CCN1C=C(C(=O)C2=CC(=C(C=C21)N3CCNCC3)F)C(=O)O
Suprofen,Norfloxacin,Suprofen may increase the neuroexcitatory activities of Norfloxacin.,CC(C1=CC=C(C=C1)C(=O)C2=CC=CS2)C(=O)O,CCN1C=C(C(=O)C2=CC(=C(C=C21)N3CCNCC3)F)C(=O)O
Flurbiprofen,Norfloxacin,Flurbiprofen may increase the neuroexcitatory activities of Norfloxacin.,CC(C1=CC(=C(C=C1)C2=CC=CC=C2)F)C(=O)O,CCN1C=C(C(=O)C2=CC(=C(C=C21)N3CCNCC3)F)C(=O)O
Indomethacin,Norfloxacin,Indomethacin may increase the neuroexcitatory activities of Norfloxacin.,CC1=C(C2=C(N1C(=O)C3=CC=C(C=C3)Cl)C=CC(=C2)OC)CC(=O)O,CCN1C=C(C(=O)C2=CC(=C(C=C21)N3CCNCC3)F)C(=O)O
Oxyphenbutazone,Norfloxacin,Oxyphenbutazone may increase the neuroexcitatory activities of Norfloxacin.,CCCCC1C(=O)N(N(C1=O)C2=CC=C(C=C2)O)C3=CC=CC=C3,CCN1C=C(C(=O)C2=CC(=C(C=C21)N3CCNCC3)F)C(=O)O
Icatibant,Norfloxacin,Icatibant may increase the neuroexcitatory activities of Norfloxacin.,C1CCC2C(C1)CC(N2C(=O)C3CC4=CC=CC=C4CN3C(=O)C(CO)NC(=O)C(CC5=CC=CS5)NC(=O)CNC(=O)C6CC(CN6C(=O)C7CCCN7C(=O)C(CCCN=C(N)N)NC(=O)C(CCCN=C(N)N)N)O)C(=O)NC(CCCN=C(N)N)C(=O)O,CCN1C=C(C(=O)C2=CC(=C(C=C21)N3CCNCC3)F)C(=O)O
Alclofenac,Norfloxacin,Alclofenac may increase the neuroexcitatory activities of Norfloxacin.,C=CCOC1=C(C=C(C=C1)CC(=O)O)Cl,CCN1C=C(C(=O)C2=CC(=C(C=C21)N3CCNCC3)F)C(=O)O
Etodolac,Norfloxacin,Etodolac may increase the neuroexcitatory activities of Norfloxacin.,CCC1=C2C(=CC=C1)C3=C(N2)C(OCC3)(CC)CC(=O)O,CCN1C=C(C(=O)C2=CC(=C(C=C21)N3CCNCC3)F)C(=O)O
Droxicam,Norfloxacin,Droxicam may increase the neuroexcitatory activities of Norfloxacin.,CN1C2=C(C3=CC=CC=C3S1(=O)=O)OC(=O)N(C2=O)C4=CC=CC=N4,CCN1C=C(C(=O)C2=CC(=C(C=C21)N3CCNCC3)F)C(=O)O
Apremilast,Norfloxacin,Apremilast may increase the neuroexcitatory activities of Norfloxacin.,CCOC1=C(C=CC(=C1)C(CS(=O)(=O)C)N2C(=O)C3=C(C2=O)C(=CC=C3)NC(=O)C)OC,CCN1C=C(C(=O)C2=CC(=C(C=C21)N3CCNCC3)F)C(=O)O
Tolfenamic acid,Norfloxacin,Tolfenamic acid may increase the neuroexcitatory activities of Norfloxacin.,CC1=C(C=CC=C1Cl)NC2=CC=CC=C2C(=O)O,CCN1C=C(C(=O)C2=CC(=C(C=C21)N3CCNCC3)F)C(=O)O
Lornoxicam,Norfloxacin,Lornoxicam may increase the neuroexcitatory activities of Norfloxacin.,CN1C(=C(C2=C(S1(=O)=O)C=C(S2)Cl)O)C(=O)NC3=CC=CC=N3,CCN1C=C(C(=O)C2=CC(=C(C=C21)N3CCNCC3)F)C(=O)O
Bromfenac,Norfloxacin,Bromfenac may increase the neuroexcitatory activities of Norfloxacin.,C1=CC(=C(C(=C1)C(=O)C2=CC=C(C=C2)Br)N)CC(=O)O,CCN1C=C(C(=O)C2=CC(=C(C=C21)N3CCNCC3)F)C(=O)O
Propacetamol,Norfloxacin,Propacetamol may increase the neuroexcitatory activities of Norfloxacin.,CCN(CC)CC(=O)OC1=CC=C(C=C1)NC(=O)C,CCN1C=C(C(=O)C2=CC(=C(C=C21)N3CCNCC3)F)C(=O)O
Parecoxib,Norfloxacin,Parecoxib may increase the neuroexcitatory activities of Norfloxacin.,CCC(=O)NS(=O)(=O)C1=CC=C(C=C1)C2=C(ON=C2C3=CC=CC=C3)C,CCN1C=C(C(=O)C2=CC(=C(C=C21)N3CCNCC3)F)C(=O)O
Phenylbutazone,Norfloxacin,Phenylbutazone may increase the neuroexcitatory activities of Norfloxacin.,CCCCC1C(=O)N(N(C1=O)C2=CC=CC=C2)C3=CC=CC=C3,CCN1C=C(C(=O)C2=CC(=C(C=C21)N3CCNCC3)F)C(=O)O
Acemetacin,Norfloxacin,Acemetacin may increase the neuroexcitatory activities of Norfloxacin.,CC1=C(C2=C(N1C(=O)C3=CC=C(C=C3)Cl)C=CC(=C2)OC)CC(=O)OCC(=O)O,CCN1C=C(C(=O)C2=CC(=C(C=C21)N3CCNCC3)F)C(=O)O
Teriflunomide,Norfloxacin,Teriflunomide may increase the neuroexcitatory activities of Norfloxacin.,CC(=C(C#N)C(=O)NC1=CC=C(C=C1)C(F)(F)F)O,CCN1C=C(C(=O)C2=CC(=C(C=C21)N3CCNCC3)F)C(=O)O
Nabumetone,Norfloxacin,Nabumetone may increase the neuroexcitatory activities of Norfloxacin.,CC(=O)CCC1=CC2=C(C=C1)C=C(C=C2)OC,CCN1C=C(C(=O)C2=CC(=C(C=C21)N3CCNCC3)F)C(=O)O
Epirizole,Norfloxacin,Epirizole may increase the neuroexcitatory activities of Norfloxacin.,CC1=CC(=NC(=N1)N2C(=CC(=N2)C)OC)OC,CCN1C=C(C(=O)C2=CC(=C(C=C21)N3CCNCC3)F)C(=O)O
Ketorolac,Norfloxacin,Ketorolac may increase the neuroexcitatory activities of Norfloxacin.,C1CN2C(=CC=C2C(=O)C3=CC=CC=C3)C1C(=O)O,CCN1C=C(C(=O)C2=CC(=C(C=C21)N3CCNCC3)F)C(=O)O
Salsalate,Norfloxacin,Salsalate may increase the neuroexcitatory activities of Norfloxacin.,C1=CC=C(C(=C1)C(=O)OC2=CC=CC=C2C(=O)O)O,CCN1C=C(C(=O)C2=CC(=C(C=C21)N3CCNCC3)F)C(=O)O
Aceclofenac,Norfloxacin,Aceclofenac may increase the neuroexcitatory activities of Norfloxacin.,C1=CC=C(C(=C1)CC(=O)OCC(=O)O)NC2=C(C=CC=C2Cl)Cl,CCN1C=C(C(=O)C2=CC(=C(C=C21)N3CCNCC3)F)C(=O)O
Niflumic acid,Norfloxacin,Niflumic acid may increase the neuroexcitatory activities of Norfloxacin.,C1=CC(=CC(=C1)NC2=C(C=CC=N2)C(=O)O)C(F)(F)F,CCN1C=C(C(=O)C2=CC(=C(C=C21)N3CCNCC3)F)C(=O)O
Zaltoprofen,Norfloxacin,Zaltoprofen may increase the neuroexcitatory activities of Norfloxacin.,CC(C1=CC2=C(C=C1)SC3=CC=CC=C3C(=O)C2)C(=O)O,CCN1C=C(C(=O)C2=CC(=C(C=C21)N3CCNCC3)F)C(=O)O
Naproxen,Norfloxacin,Naproxen may increase the neuroexcitatory activities of Norfloxacin.,CC(C1=CC2=C(C=C1)C=C(C=C2)OC)C(=O)O,CCN1C=C(C(=O)C2=CC(=C(C=C21)N3CCNCC3)F)C(=O)O
Pimecrolimus,Norfloxacin,Pimecrolimus may increase the neuroexcitatory activities of Norfloxacin.,CCC1C=C(CC(CC(C2C(CC(C(O2)(C(=O)C(=O)N3CCCCC3C(=O)OC(C(C(CC1=O)O)C)C(=CC4CCC(C(C4)OC)Cl)C)O)C)OC)OC)C)C,CCN1C=C(C(=O)C2=CC(=C(C=C21)N3CCNCC3)F)C(=O)O
Antipyrine,Norfloxacin,Antipyrine may increase the neuroexcitatory activities of Norfloxacin.,CC1=CC(=O)N(N1C)C2=CC=CC=C2,CCN1C=C(C(=O)C2=CC(=C(C=C21)N3CCNCC3)F)C(=O)O
Meloxicam,Norfloxacin,Meloxicam may increase the neuroexcitatory activities of Norfloxacin.,CC1=CN=C(S1)NC(=O)C2=C(C3=CC=CC=C3S(=O)(=O)N2C)O,CCN1C=C(C(=O)C2=CC(=C(C=C21)N3CCNCC3)F)C(=O)O
Clonixin,Norfloxacin,Clonixin may increase the neuroexcitatory activities of Norfloxacin.,CC1=C(C=CC=C1Cl)NC2=C(C=CC=N2)C(=O)O,CCN1C=C(C(=O)C2=CC(=C(C=C21)N3CCNCC3)F)C(=O)O
Piroxicam,Norfloxacin,Piroxicam may increase the neuroexcitatory activities of Norfloxacin.,CN1C(=C(C2=CC=CC=C2S1(=O)=O)O)C(=O)NC3=CC=CC=N3,CCN1C=C(C(=O)C2=CC(=C(C=C21)N3CCNCC3)F)C(=O)O
Fenoprofen,Norfloxacin,Fenoprofen may increase the neuroexcitatory activities of Norfloxacin.,CC(C1=CC(=CC=C1)OC2=CC=CC=C2)C(=O)O,CCN1C=C(C(=O)C2=CC(=C(C=C21)N3CCNCC3)F)C(=O)O
Oxaprozin,Norfloxacin,Oxaprozin may increase the neuroexcitatory activities of Norfloxacin.,C1=CC=C(C=C1)C2=C(OC(=N2)CCC(=O)O)C3=CC=CC=C3,CCN1C=C(C(=O)C2=CC(=C(C=C21)N3CCNCC3)F)C(=O)O
Salicylamide,Norfloxacin,Salicylamide may increase the neuroexcitatory activities of Norfloxacin.,C1=CC=C(C(=C1)C(=O)N)O,CCN1C=C(C(=O)C2=CC(=C(C=C21)N3CCNCC3)F)C(=O)O
Loxoprofen,Norfloxacin,Loxoprofen may increase the neuroexcitatory activities of Norfloxacin.,CC(C1=CC=C(C=C1)CC2CCCC2=O)C(=O)O,CCN1C=C(C(=O)C2=CC(=C(C=C21)N3CCNCC3)F)C(=O)O
Zileuton,Norfloxacin,Zileuton may increase the neuroexcitatory activities of Norfloxacin.,CC(C1=CC2=CC=CC=C2S1)N(C(=O)N)O,CCN1C=C(C(=O)C2=CC(=C(C=C21)N3CCNCC3)F)C(=O)O
Floctafenine,Norfloxacin,Floctafenine may increase the neuroexcitatory activities of Norfloxacin.,C1=CC=C(C(=C1)C(=O)OCC(CO)O)NC2=C3C=CC=C(C3=NC=C2)C(F)(F)F,CCN1C=C(C(=O)C2=CC(=C(C=C21)N3CCNCC3)F)C(=O)O
Ibuprofen,Norfloxacin,Ibuprofen may increase the neuroexcitatory activities of Norfloxacin.,CC(C)CC1=CC=C(C=C1)C(C)C(=O)O,CCN1C=C(C(=O)C2=CC(=C(C=C21)N3CCNCC3)F)C(=O)O
Etofenamate,Norfloxacin,Etofenamate may increase the neuroexcitatory activities of Norfloxacin.,C1=CC=C(C(=C1)C(=O)OCCOCCO)NC2=CC=CC(=C2)C(F)(F)F,CCN1C=C(C(=O)C2=CC(=C(C=C21)N3CCNCC3)F)C(=O)O
Diclofenac,Norfloxacin,Diclofenac may increase the neuroexcitatory activities of Norfloxacin.,C1=CC=C(C(=C1)CC(=O)O)NC2=C(C=CC=C2Cl)Cl,CCN1C=C(C(=O)C2=CC(=C(C=C21)N3CCNCC3)F)C(=O)O
Nepafenac,Norfloxacin,Nepafenac may increase the neuroexcitatory activities of Norfloxacin.,C1=CC=C(C=C1)C(=O)C2=CC=CC(=C2N)CC(=O)N,CCN1C=C(C(=O)C2=CC(=C(C=C21)N3CCNCC3)F)C(=O)O
Sulfasalazine,Norfloxacin,Sulfasalazine may increase the neuroexcitatory activities of Norfloxacin.,C1=CC=NC(=C1)NS(=O)(=O)C2=CC=C(C=C2)N=NC3=CC(=C(C=C3)O)C(=O)O,CCN1C=C(C(=O)C2=CC(=C(C=C21)N3CCNCC3)F)C(=O)O
Benzydamine,Norfloxacin,Benzydamine may increase the neuroexcitatory activities of Norfloxacin.,CN(C)CCCOC1=NN(C2=CC=CC=C21)CC3=CC=CC=C3,CCN1C=C(C(=O)C2=CC(=C(C=C21)N3CCNCC3)F)C(=O)O
Ketoprofen,Norfloxacin,Ketoprofen may increase the neuroexcitatory activities of Norfloxacin.,CC(C1=CC(=CC=C1)C(=O)C2=CC=CC=C2)C(=O)O,CCN1C=C(C(=O)C2=CC(=C(C=C21)N3CCNCC3)F)C(=O)O
Mefenamic acid,Norfloxacin,Mefenamic acid may increase the neuroexcitatory activities of Norfloxacin.,CC1=C(C(=CC=C1)NC2=CC=CC=C2C(=O)O)C,CCN1C=C(C(=O)C2=CC(=C(C=C21)N3CCNCC3)F)C(=O)O
Adapalene,Norfloxacin,Adapalene may increase the neuroexcitatory activities of Norfloxacin.,COC1=C(C=C(C=C1)C2=CC3=C(C=C2)C=C(C=C3)C(=O)O)C45CC6CC(C4)CC(C6)C5,CCN1C=C(C(=O)C2=CC(=C(C=C21)N3CCNCC3)F)C(=O)O
Magnesium salicylate,Norfloxacin,The serum concentration of Norfloxacin can be decreased when it is combined with Magnesium salicylate.,C1=CC=C(C(=C1)C(=O)O)[O-].C1=CC=C(C(=C1)C(=O)O)[O-].[Mg+2],CCN1C=C(C(=O)C2=CC(=C(C=C21)N3CCNCC3)F)C(=O)O
Quinapril,Norfloxacin,The serum concentration of Norfloxacin can be decreased when it is combined with Quinapril.,CCOC(=O)C(CCC1=CC=CC=C1)NC(C)C(=O)N2CC3=CC=CC=C3CC2C(=O)O,CCN1C=C(C(=O)C2=CC(=C(C=C21)N3CCNCC3)F)C(=O)O
Theophylline,Norfloxacin,The metabolism of Norfloxacin can be decreased when combined with Theophylline.,CN1C2=C(C(=O)N(C1=O)C)NC=N2,CCN1C=C(C(=O)C2=CC(=C(C=C21)N3CCNCC3)F)C(=O)O
Dyphylline,Norfloxacin,The metabolism of Norfloxacin can be decreased when combined with Dyphylline.,CN1C2=C(C(=O)N(C1=O)C)N(C=N2)CC(CO)O,CCN1C=C(C(=O)C2=CC(=C(C=C21)N3CCNCC3)F)C(=O)O
Aminophylline,Norfloxacin,The metabolism of Norfloxacin can be decreased when combined with Aminophylline.,CN1C2=C(C(=O)N(C1=O)C)NC=N2.CN1C2=C(C(=O)N(C1=O)C)NC=N2.C(CN)N,CCN1C=C(C(=O)C2=CC(=C(C=C21)N3CCNCC3)F)C(=O)O
Varenicline,Norfloxacin,The serum concentration of Norfloxacin can be increased when it is combined with Varenicline.,C1C2CNCC1C3=CC4=NC=CN=C4C=C23,CCN1C=C(C(=O)C2=CC(=C(C=C21)N3CCNCC3)F)C(=O)O
Iron,Norfloxacin,The serum concentration of Norfloxacin can be decreased when it is combined with Iron.,[Fe],CCN1C=C(C(=O)C2=CC(=C(C=C21)N3CCNCC3)F)C(=O)O
Ferric pyrophosphate,Norfloxacin,The serum concentration of Norfloxacin can be decreased when it is combined with Ferric pyrophosphate.,[O-]P(=O)([O-])OP(=O)([O-])[O-].[O-]P(=O)([O-])OP(=O)([O-])[O-].[O-]P(=O)([O-])OP(=O)([O-])[O-].[Fe+3].[Fe+3].[Fe+3].[Fe+3],CCN1C=C(C(=O)C2=CC(=C(C=C21)N3CCNCC3)F)C(=O)O
Lanthanum carbonate,Norfloxacin,The serum concentration of Norfloxacin can be decreased when it is combined with Lanthanum carbonate.,C(=O)([O-])[O-].C(=O)([O-])[O-].C(=O)([O-])[O-].[La+3].[La+3],CCN1C=C(C(=O)C2=CC(=C(C=C21)N3CCNCC3)F)C(=O)O
Strontium ranelate,Norfloxacin,The serum concentration of Norfloxacin can be decreased when it is combined with Strontium ranelate.,C(C1=C(SC(=C1C#N)N(CC(=O)[O-])CC(=O)[O-])C(=O)[O-])C(=O)[O-].[Sr+2].[Sr+2],CCN1C=C(C(=O)C2=CC(=C(C=C21)N3CCNCC3)F)C(=O)O
Quinidine,Norfloxacin,Quinidine may increase the QTc-prolonging activities of Norfloxacin.,COC1=CC2=C(C=CN=C2C=C1)C(C3CC4CCN3CC4C=C)O,CCN1C=C(C(=O)C2=CC(=C(C=C21)N3CCNCC3)F)C(=O)O
Lopinavir,Norfloxacin,Lopinavir may increase the QTc-prolonging activities of Norfloxacin.,CC1=C(C(=CC=C1)C)OCC(=O)NC(CC2=CC=CC=C2)C(CC(CC3=CC=CC=C3)NC(=O)C(C(C)C)N4CCCNC4=O)O,CCN1C=C(C(=O)C2=CC(=C(C=C21)N3CCNCC3)F)C(=O)O
Ubidecarenone,Norfloxacin,The serum concentration of Norfloxacin can be increased when it is combined with Ubidecarenone.,CC1=C(C(=O)C(=C(C1=O)OC)OC)CC=C(C)CCC=C(C)CCC=C(C)CCC=C(C)CCC=C(C)CCC=C(C)CCC=C(C)CCC=C(C)CCC=C(C)CCC=C(C)C,CCN1C=C(C(=O)C2=CC(=C(C=C21)N3CCNCC3)F)C(=O)O
Citalopram,Norfloxacin,Citalopram may increase the QTc-prolonging activities of Norfloxacin.,CN(C)CCCC1(C2=C(CO1)C=C(C=C2)C#N)C3=CC=C(C=C3)F,CCN1C=C(C(=O)C2=CC(=C(C=C21)N3CCNCC3)F)C(=O)O
Amiodarone,Norfloxacin,Amiodarone may increase the QTc-prolonging activities of Norfloxacin.,CCCCC1=C(C2=CC=CC=C2O1)C(=O)C3=CC(=C(C(=C3)I)OCCN(CC)CC)I,CCN1C=C(C(=O)C2=CC(=C(C=C21)N3CCNCC3)F)C(=O)O
Clarithromycin,Norfloxacin,Clarithromycin may increase the QTc-prolonging activities of Norfloxacin.,CCC1C(C(C(C(=O)C(CC(C(C(C(C(C(=O)O1)C)OC2CC(C(C(O2)C)O)(C)OC)C)OC3C(C(CC(O3)C)N(C)C)O)(C)OC)C)C)O)(C)O,CCN1C=C(C(=O)C2=CC(=C(C=C21)N3CCNCC3)F)C(=O)O
Ziprasidone,Norfloxacin,Ziprasidone may increase the QTc-prolonging activities of Norfloxacin.,C1CN(CCN1CCC2=C(C=C3C(=C2)CC(=O)N3)Cl)C4=NSC5=CC=CC=C54,CCN1C=C(C(=O)C2=CC(=C(C=C21)N3CCNCC3)F)C(=O)O
Dronedarone,Norfloxacin,Dronedarone may increase the QTc-prolonging activities of Norfloxacin.,CCCCC1=C(C2=C(O1)C=CC(=C2)NS(=O)(=O)C)C(=O)C3=CC=C(C=C3)OCCCN(CCCC)CCCC,CCN1C=C(C(=O)C2=CC(=C(C=C21)N3CCNCC3)F)C(=O)O
Lumefantrine,Norfloxacin,Lumefantrine may increase the QTc-prolonging activities of Norfloxacin.,CCCCN(CCCC)CC(C1=CC(=CC2=C1C3=C(C2=CC4=CC=C(C=C4)Cl)C=C(C=C3)Cl)Cl)O,CCN1C=C(C(=O)C2=CC(=C(C=C21)N3CCNCC3)F)C(=O)O
Fluoxetine,Norfloxacin,Fluoxetine may increase the QTc-prolonging activities of Norfloxacin.,CNCCC(C1=CC=CC=C1)OC2=CC=C(C=C2)C(F)(F)F,CCN1C=C(C(=O)C2=CC(=C(C=C21)N3CCNCC3)F)C(=O)O
Artemether,Norfloxacin,Artemether may increase the QTc-prolonging activities of Norfloxacin.,CC1CCC2C(C(OC3C24C1CCC(O3)(OO4)C)OC)C,CCN1C=C(C(=O)C2=CC(=C(C=C21)N3CCNCC3)F)C(=O)O
Eliglustat,Norfloxacin,Eliglustat may increase the QTc-prolonging activities of Norfloxacin.,CCCCCCCC(=O)NC(CN1CCCC1)C(C2=CC3=C(C=C2)OCCO3)O,CCN1C=C(C(=O)C2=CC(=C(C=C21)N3CCNCC3)F)C(=O)O
Saquinavir,Norfloxacin,Saquinavir may increase the QTc-prolonging activities of Norfloxacin.,CC(C)(C)NC(=O)C1CC2CCCCC2CN1CC(C(CC3=CC=CC=C3)NC(=O)C(CC(=O)N)NC(=O)C4=NC5=CC=CC=C5C=C4)O,CCN1C=C(C(=O)C2=CC(=C(C=C21)N3CCNCC3)F)C(=O)O
Lovastatin,Norfloxacin,The serum concentration of Norfloxacin can be increased when it is combined with Lovastatin.,CCC(C)C(=O)OC1CC(C=C2C1C(C(C=C2)C)CCC3CC(CC(=O)O3)O)C,CCN1C=C(C(=O)C2=CC(=C(C=C21)N3CCNCC3)F)C(=O)O
Dihydroergotamine,Norfloxacin,The risk or severity of adverse effects can be increased when Dihydroergotamine is combined with Norfloxacin.,CC1(C(=O)N2C(C(=O)N3CCCC3C2(O1)O)CC4=CC=CC=C4)NC(=O)C5CC6C(CC7=CNC8=CC=CC6=C78)N(C5)C,CCN1C=C(C(=O)C2=CC(=C(C=C21)N3CCNCC3)F)C(=O)O
Tetrabenazine,Norfloxacin,Tetrabenazine may increase the QTc-prolonging activities of Norfloxacin.,CC(C)CC1CN2CCC3=CC(=C(C=C3C2CC1=O)OC)OC,CCN1C=C(C(=O)C2=CC(=C(C=C21)N3CCNCC3)F)C(=O)O
Pimozide,Norfloxacin,Pimozide may increase the QTc-prolonging activities of Norfloxacin.,C1CN(CCC1N2C3=CC=CC=C3NC2=O)CCCC(C4=CC=C(C=C4)F)C5=CC=C(C=C5)F,CCN1C=C(C(=O)C2=CC(=C(C=C21)N3CCNCC3)F)C(=O)O
Asenapine,Norfloxacin,Asenapine may increase the QTc-prolonging activities of Norfloxacin.,CN1CC2C(C1)C3=C(C=CC(=C3)Cl)OC4=CC=CC=C24,CCN1C=C(C(=O)C2=CC(=C(C=C21)N3CCNCC3)F)C(=O)O
Quetiapine,Norfloxacin,Quetiapine may increase the QTc-prolonging activities of Norfloxacin.,C1CN(CCN1CCOCCO)C2=NC3=CC=CC=C3SC4=CC=CC=C42,CCN1C=C(C(=O)C2=CC(=C(C=C21)N3CCNCC3)F)C(=O)O
Iloperidone,Norfloxacin,Iloperidone may increase the QTc-prolonging activities of Norfloxacin.,CC(=O)C1=CC(=C(C=C1)OCCCN2CCC(CC2)C3=NOC4=C3C=CC(=C4)F)OC,CCN1C=C(C(=O)C2=CC(=C(C=C21)N3CCNCC3)F)C(=O)O
Paliperidone,Norfloxacin,Paliperidone may increase the QTc-prolonging activities of Norfloxacin.,CC1=C(C(=O)N2CCCC(C2=N1)O)CCN3CCC(CC3)C4=NOC5=C4C=CC(=C5)F,CCN1C=C(C(=O)C2=CC(=C(C=C21)N3CCNCC3)F)C(=O)O
Flupentixol,Norfloxacin,Flupentixol may increase the QTc-prolonging activities of Norfloxacin.,C1CN(CCN1CCC=C2C3=CC=CC=C3SC4=C2C=C(C=C4)C(F)(F)F)CCO,CCN1C=C(C(=O)C2=CC(=C(C=C21)N3CCNCC3)F)C(=O)O
Zuclopenthixol,Norfloxacin,Zuclopenthixol may increase the QTc-prolonging activities of Norfloxacin.,C1CN(CCN1CCC=C2C3=CC=CC=C3SC4=C2C=C(C=C4)Cl)CCO,CCN1C=C(C(=O)C2=CC(=C(C=C21)N3CCNCC3)F)C(=O)O
Thioridazine,Norfloxacin,Thioridazine may increase the QTc-prolonging activities of Norfloxacin.,CN1CCCCC1CCN2C3=CC=CC=C3SC4=C2C=C(C=C4)SC,CCN1C=C(C(=O)C2=CC(=C(C=C21)N3CCNCC3)F)C(=O)O
Lisuride,Norfloxacin,The risk or severity of adverse effects can be increased when Lisuride is combined with Norfloxacin.,CCN(CC)C(=O)NC1CN(C2CC3=CNC4=CC=CC(=C34)C2=C1)C,CCN1C=C(C(=O)C2=CC(=C(C=C21)N3CCNCC3)F)C(=O)O
Ergometrine,Norfloxacin,The risk or severity of adverse effects can be increased when Ergometrine is combined with Norfloxacin.,CC(CO)NC(=O)C1CN(C2CC3=CNC4=CC=CC(=C34)C2=C1)C,CCN1C=C(C(=O)C2=CC(=C(C=C21)N3CCNCC3)F)C(=O)O
Methylergometrine,Norfloxacin,The risk or severity of adverse effects can be increased when Methylergometrine is combined with Norfloxacin.,CCC(CO)NC(=O)C1CN(C2CC3=CNC4=CC=CC(=C34)C2=C1)C,CCN1C=C(C(=O)C2=CC(=C(C=C21)N3CCNCC3)F)C(=O)O
Ergotamine,Norfloxacin,The risk or severity of adverse effects can be increased when Ergotamine is combined with Norfloxacin.,CC1(C(=O)N2C(C(=O)N3CCCC3C2(O1)O)CC4=CC=CC=C4)NC(=O)C5CN(C6CC7=CNC8=CC=CC(=C78)C6=C5)C,CCN1C=C(C(=O)C2=CC(=C(C=C21)N3CCNCC3)F)C(=O)O
Pergolide,Norfloxacin,The risk or severity of adverse effects can be increased when Pergolide is combined with Norfloxacin.,CCCN1CC(CC2C1CC3=CNC4=CC=CC2=C34)CSC,CCN1C=C(C(=O)C2=CC(=C(C=C21)N3CCNCC3)F)C(=O)O
Domperidone,Norfloxacin,Domperidone may increase the QTc-prolonging activities of Norfloxacin.,C1CN(CCC1N2C3=C(C=C(C=C3)Cl)NC2=O)CCCN4C5=CC=CC=C5NC4=O,CCN1C=C(C(=O)C2=CC(=C(C=C21)N3CCNCC3)F)C(=O)O
Dofetilide,Norfloxacin,Dofetilide may increase the QTc-prolonging activities of Norfloxacin.,CN(CCC1=CC=C(C=C1)NS(=O)(=O)C)CCOC2=CC=C(C=C2)NS(=O)(=O)C,CCN1C=C(C(=O)C2=CC(=C(C=C21)N3CCNCC3)F)C(=O)O
Cisapride,Norfloxacin,Cisapride may increase the QTc-prolonging activities of Norfloxacin.,COC1CN(CCC1NC(=O)C2=CC(=C(C=C2OC)N)Cl)CCCOC3=CC=C(C=C3)F,CCN1C=C(C(=O)C2=CC(=C(C=C21)N3CCNCC3)F)C(=O)O
Telavancin,Norfloxacin,Telavancin may increase the QTc-prolonging activities of Norfloxacin.,CCCCCCCCCCNCCNC1(CC(OC(C1O)C)OC2C(C(C(OC2OC3=C4C=C5C=C3OC6=C(C=C(C=C6)C(C(C(=O)NC(C(=O)NC5C(=O)NC7C8=CC(=C(C=C8)O)C9=C(C(=C(C=C9C(NC(=O)C(C(C1=CC(=C(O4)C=C1)Cl)O)NC7=O)C(=O)O)O)CNCP(=O)(O)O)O)CC(=O)N)NC(=O)C(CC(C)C)NC)O)Cl)CO)O)O)C,CCN1C=C(C(=O)C2=CC(=C(C=C21)N3CCNCC3)F)C(=O)O
Bedaquiline,Norfloxacin,Bedaquiline may increase the QTc-prolonging activities of Norfloxacin.,CN(C)CCC(C1=CC=CC2=CC=CC=C21)(C(C3=CC=CC=C3)C4=C(N=C5C=CC(=CC5=C4)Br)OC)O,CCN1C=C(C(=O)C2=CC(=C(C=C21)N3CCNCC3)F)C(=O)O
Ibutilide,Norfloxacin,Ibutilide may increase the QTc-prolonging activities of Norfloxacin.,CCCCCCCN(CC)CCCC(C1=CC=C(C=C1)NS(=O)(=O)C)O,CCN1C=C(C(=O)C2=CC(=C(C=C21)N3CCNCC3)F)C(=O)O
Propafenone,Norfloxacin,Propafenone may increase the QTc-prolonging activities of Norfloxacin.,CCCNCC(COC1=CC=CC=C1C(=O)CCC2=CC=CC=C2)O,CCN1C=C(C(=O)C2=CC(=C(C=C21)N3CCNCC3)F)C(=O)O
Flecainide,Norfloxacin,Flecainide may increase the QTc-prolonging activities of Norfloxacin.,C1CCNC(C1)CNC(=O)C2=C(C=CC(=C2)OCC(F)(F)F)OCC(F)(F)F,CCN1C=C(C(=O)C2=CC(=C(C=C21)N3CCNCC3)F)C(=O)O
Procainamide,Norfloxacin,Procainamide may increase the QTc-prolonging activities of Norfloxacin.,CCN(CC)CCNC(=O)C1=CC=C(C=C1)N,CCN1C=C(C(=O)C2=CC(=C(C=C21)N3CCNCC3)F)C(=O)O
Escitalopram,Norfloxacin,Escitalopram may increase the QTc-prolonging activities of Norfloxacin.,CN(C)CCCC1(C2=C(CO1)C=C(C=C2)C#N)C3=CC=C(C=C3)F,CCN1C=C(C(=O)C2=CC(=C(C=C21)N3CCNCC3)F)C(=O)O
Rilpivirine,Norfloxacin,The serum concentration of Norfloxacin can be increased when it is combined with Rilpivirine.,CC1=CC(=CC(=C1NC2=NC(=NC=C2)NC3=CC=C(C=C3)C#N)C)C=CC#N,CCN1C=C(C(=O)C2=CC(=C(C=C21)N3CCNCC3)F)C(=O)O
Nicergoline,Norfloxacin,The risk or severity of adverse effects can be increased when Nicergoline is combined with Norfloxacin.,CN1CC(CC2(C1CC3=CN(C4=CC=CC2=C34)C)OC)COC(=O)C5=CC(=CN=C5)Br,CCN1C=C(C(=O)C2=CC(=C(C=C21)N3CCNCC3)F)C(=O)O
Pravastatin,Norfloxacin,The serum concentration of Norfloxacin can be increased when it is combined with Pravastatin.,CCC(C)C(=O)OC1CC(C=C2C1C(C(C=C2)C)CCC(CC(CC(=O)O)O)O)O,CCN1C=C(C(=O)C2=CC(=C(C=C21)N3CCNCC3)F)C(=O)O
Simvastatin,Norfloxacin,The serum concentration of Norfloxacin can be increased when it is combined with Simvastatin.,CCC(C)(C)C(=O)OC1CC(C=C2C1C(C(C=C2)C)CCC3CC(CC(=O)O3)O)C,CCN1C=C(C(=O)C2=CC(=C(C=C21)N3CCNCC3)F)C(=O)O
Pitavastatin,Norfloxacin,The serum concentration of Norfloxacin can be increased when it is combined with Pitavastatin.,C1CC1C2=NC3=CC=CC=C3C(=C2C=CC(CC(CC(=O)O)O)O)C4=CC=C(C=C4)F,CCN1C=C(C(=O)C2=CC(=C(C=C21)N3CCNCC3)F)C(=O)O
Fluvastatin,Norfloxacin,The serum concentration of Norfloxacin can be increased when it is combined with Fluvastatin.,CC(C)N1C2=CC=CC=C2C(=C1C=CC(CC(CC(=O)O)O)O)C3=CC=C(C=C3)F,CCN1C=C(C(=O)C2=CC(=C(C=C21)N3CCNCC3)F)C(=O)O
Rosuvastatin,Norfloxacin,The serum concentration of Norfloxacin can be increased when it is combined with Rosuvastatin.,CC(C)C1=NC(=NC(=C1C=CC(CC(CC(=O)O)O)O)C2=CC=C(C=C2)F)N(C)S(=O)(=O)C,CCN1C=C(C(=O)C2=CC(=C(C=C21)N3CCNCC3)F)C(=O)O
Methysergide,Norfloxacin,The risk or severity of adverse effects can be increased when Methysergide is combined with Norfloxacin.,CCC(CO)NC(=O)C1CN(C2CC3=CN(C4=CC=CC(=C34)C2=C1)C)C,CCN1C=C(C(=O)C2=CC(=C(C=C21)N3CCNCC3)F)C(=O)O
Tolvaptan,Norfloxacin,The serum concentration of Norfloxacin can be increased when it is combined with Tolvaptan.,CC1=CC=CC=C1C(=O)NC2=CC(=C(C=C2)C(=O)N3CCCC(C4=C3C=CC(=C4)Cl)O)C,CCN1C=C(C(=O)C2=CC(=C(C=C21)N3CCNCC3)F)C(=O)O
Methadone,Norfloxacin,Methadone may increase the QTc-prolonging activities of Norfloxacin.,CCC(=O)C(CC(C)N(C)C)(C1=CC=CC=C1)C2=CC=CC=C2,CCN1C=C(C(=O)C2=CC(=C(C=C21)N3CCNCC3)F)C(=O)O
Haloperidol,Norfloxacin,Haloperidol may increase the QTc-prolonging activities of Norfloxacin.,C1CN(CCC1(C2=CC=C(C=C2)Cl)O)CCCC(=O)C3=CC=C(C=C3)F,CCN1C=C(C(=O)C2=CC(=C(C=C21)N3CCNCC3)F)C(=O)O
Telithromycin,Norfloxacin,Telithromycin may increase the QTc-prolonging activities of Norfloxacin.,CCC1C2(C(C(C(=O)C(CC(C(C(C(=O)C(C(=O)O1)C)C)OC3C(C(CC(O3)C)N(C)C)O)(C)OC)C)C)N(C(=O)O2)CCCCN4C=C(N=C4)C5=CN=CC=C5)C,CCN1C=C(C(=O)C2=CC(=C(C=C21)N3CCNCC3)F)C(=O)O
Erythromycin,Norfloxacin,Erythromycin may increase the QTc-prolonging activities of Norfloxacin.,CCC1C(C(C(C(=O)C(CC(C(C(C(C(C(=O)O1)C)OC2CC(C(C(O2)C)O)(C)OC)C)OC3C(C(CC(O3)C)N(C)C)O)(C)O)C)C)O)(C)O,CCN1C=C(C(=O)C2=CC(=C(C=C21)N3CCNCC3)F)C(=O)O
Cyclosporine,Norfloxacin,The metabolism of Norfloxacin can be decreased when combined with Cyclosporine.,CCC1C(=O)N(CC(=O)N(C(C(=O)NC(C(=O)N(C(C(=O)NC(C(=O)NC(C(=O)N(C(C(=O)N(C(C(=O)N(C(C(=O)N(C(C(=O)N1)C(C(C)CC=CC)O)C)C(C)C)C)CC(C)C)C)CC(C)C)C)C)C)CC(C)C)C)C(C)C)CC(C)C)C)C,CCN1C=C(C(=O)C2=CC(=C(C=C21)N3CCNCC3)F)C(=O)O
Clozapine,Norfloxacin,Clozapine may increase the QTc-prolonging activities of Norfloxacin.,CN1CCN(CC1)C2=NC3=C(C=CC(=C3)Cl)NC4=CC=CC=C42,CCN1C=C(C(=O)C2=CC(=C(C=C21)N3CCNCC3)F)C(=O)O
Chlorpromazine,Norfloxacin,Chlorpromazine may increase the QTc-prolonging activities of Norfloxacin.,CN(C)CCCN1C2=CC=CC=C2SC3=C1C=C(C=C3)Cl,CCN1C=C(C(=O)C2=CC(=C(C=C21)N3CCNCC3)F)C(=O)O
Promazine,Norfloxacin,Promazine may increase the QTc-prolonging activities of Norfloxacin.,CN(C)CCCN1C2=CC=CC=C2SC3=CC=CC=C31,CCN1C=C(C(=O)C2=CC(=C(C=C21)N3CCNCC3)F)C(=O)O
Azithromycin,Norfloxacin,Azithromycin may increase the QTc-prolonging activities of Norfloxacin.,CCC1C(C(C(N(CC(CC(C(C(C(C(C(=O)O1)C)OC2CC(C(C(O2)C)O)(C)OC)C)OC3C(C(CC(O3)C)N(C)C)O)(C)O)C)C)C)O)(C)O,CCN1C=C(C(=O)C2=CC(=C(C=C21)N3CCNCC3)F)C(=O)O
Tizanidine,Norfloxacin,The serum concentration of Norfloxacin can be increased when it is combined with Tizanidine.,C1CN=C(N1)NC2=C(C=CC3=NSN=C32)Cl,CCN1C=C(C(=O)C2=CC(=C(C=C21)N3CCNCC3)F)C(=O)O
Ondansetron,Norfloxacin,Ondansetron may increase the QTc-prolonging activities of Norfloxacin.,CC1=NC=CN1CC2CCC3=C(C2=O)C4=CC=CC=C4N3C,CCN1C=C(C(=O)C2=CC(=C(C=C21)N3CCNCC3)F)C(=O)O
Droperidol,Norfloxacin,Droperidol may increase the QTc-prolonging activities of Norfloxacin.,C1CN(CC=C1N2C3=CC=CC=C3NC2=O)CCCC(=O)C4=CC=C(C=C4)F,CCN1C=C(C(=O)C2=CC(=C(C=C21)N3CCNCC3)F)C(=O)O
Gadobenic acid,Norfloxacin,Gadobenic acid may increase the QTc-prolonging activities of Norfloxacin.,[H+].[H+].C1=CC=C(C=C1)COCC(C(=O)[O-])N(CCN(CCN(CC(=O)[O-])CC(=O)[O-])CC(=O)[O-])CC(=O)[O-].[Gd+3],CCN1C=C(C(=O)C2=CC(=C(C=C21)N3CCNCC3)F)C(=O)O
Perflutren,Norfloxacin,Perflutren may increase the QTc-prolonging activities of Norfloxacin.,C(C(F)(F)F)(C(F)(F)F)(F)F,CCN1C=C(C(=O)C2=CC(=C(C=C21)N3CCNCC3)F)C(=O)O
Granisetron,Norfloxacin,Granisetron may increase the QTc-prolonging activities of Norfloxacin.,CN1C2CCCC1CC(C2)NC(=O)C3=NN(C4=CC=CC=C43)C,CCN1C=C(C(=O)C2=CC(=C(C=C21)N3CCNCC3)F)C(=O)O
Primaquine,Norfloxacin,Primaquine may increase the QTc-prolonging activities of Norfloxacin.,CC(CCCN)NC1=C2C(=CC(=C1)OC)C=CC=N2,CCN1C=C(C(=O)C2=CC(=C(C=C21)N3CCNCC3)F)C(=O)O
Dolasetron,Norfloxacin,Dolasetron may increase the QTc-prolonging activities of Norfloxacin.,C1C2CC3CC(CC1N3CC2=O)OC(=O)C4=CNC5=CC=CC=C54,CCN1C=C(C(=O)C2=CC(=C(C=C21)N3CCNCC3)F)C(=O)O
Caffeine,Norfloxacin,The serum concentration of Norfloxacin can be increased when it is combined with Caffeine.,CN1C=NC2=C1C(=O)N(C(=O)N2C)C,CCN1C=C(C(=O)C2=CC(=C(C=C21)N3CCNCC3)F)C(=O)O
Nitrofurantoin,Norfloxacin,The therapeutic efficacy of Norfloxacin can be decreased when used in combination with Nitrofurantoin.,C1C(=O)NC(=O)N1N=CC2=CC=C(O2)[N+](=O)[O-],CCN1C=C(C(=O)C2=CC(=C(C=C21)N3CCNCC3)F)C(=O)O
Tiaprofenic acid,Enoxacin,Tiaprofenic acid may increase the neuroexcitatory activities of Enoxacin.,CC(C1=CC=C(S1)C(=O)C2=CC=CC=C2)C(=O)O,CCN1C=C(C(=O)C2=CC(=C(N=C21)N3CCNCC3)F)C(=O)O
Carprofen,Enoxacin,Carprofen may increase the neuroexcitatory activities of Enoxacin.,CC(C1=CC2=C(C=C1)C3=C(N2)C=CC(=C3)Cl)C(=O)O,CCN1C=C(C(=O)C2=CC(=C(N=C21)N3CCNCC3)F)C(=O)O
Cyclophosphamide,Enoxacin,Cyclophosphamide may increase the cardiotoxic activities of Enoxacin.,C1CNP(=O)(OC1)N(CCCl)CCCl,CCN1C=C(C(=O)C2=CC(=C(N=C21)N3CCNCC3)F)C(=O)O
Paclitaxel,Enoxacin,The risk or severity of adverse effects can be increased when Paclitaxel is combined with Enoxacin.,CC1=C2C(C(=O)C3(C(CC4C(C3C(C(C2(C)C)(CC1OC(=O)C(C(C5=CC=CC=C5)NC(=O)C6=CC=CC=C6)O)O)OC(=O)C7=CC=CC=C7)(CO4)OC(=O)C)O)C)OC(=O)C,CCN1C=C(C(=O)C2=CC(=C(N=C21)N3CCNCC3)F)C(=O)O
Docetaxel,Enoxacin,The risk or severity of adverse effects can be increased when Docetaxel is combined with Enoxacin.,CC1=C2C(C(=O)C3(C(CC4C(C3C(C(C2(C)C)(CC1OC(=O)C(C(C5=CC=CC=C5)NC(=O)OC(C)(C)C)O)O)OC(=O)C6=CC=CC=C6)(CO4)OC(=O)C)O)C)O,CCN1C=C(C(=O)C2=CC(=C(N=C21)N3CCNCC3)F)C(=O)O
Cabazitaxel,Enoxacin,The risk or severity of adverse effects can be increased when Cabazitaxel is combined with Enoxacin.,CC1=C2C(C(=O)C3(C(CC4C(C3C(C(C2(C)C)(CC1OC(=O)C(C(C5=CC=CC=C5)NC(=O)OC(C)(C)C)O)O)OC(=O)C6=CC=CC=C6)(CO4)OC(=O)C)OC)C)OC,CCN1C=C(C(=O)C2=CC(=C(N=C21)N3CCNCC3)F)C(=O)O
Acarbose,Enoxacin,Acarbose may increase the hypoglycemic activities of Enoxacin.,CC1C(C(C(C(O1)OC2C(OC(C(C2O)O)OC(C(CO)O)C(C(C=O)O)O)CO)O)O)NC3C=C(C(C(C3O)O)O)CO,CCN1C=C(C(=O)C2=CC(=C(N=C21)N3CCNCC3)F)C(=O)O
Sunitinib,Enoxacin,Sunitinib may increase the hypoglycemic activities of Enoxacin.,CCN(CC)CCNC(=O)C1=C(NC(=C1C)C=C2C3=C(C=CC(=C3)F)NC2=O)C,CCN1C=C(C(=O)C2=CC(=C(N=C21)N3CCNCC3)F)C(=O)O
Prednisolone,Enoxacin,The risk or severity of adverse effects can be increased when Prednisolone is combined with Enoxacin.,CC12CC(C3C(C1CCC2(C(=O)CO)O)CCC4=CC(=O)C=CC34C)O,CCN1C=C(C(=O)C2=CC(=C(N=C21)N3CCNCC3)F)C(=O)O
Dexamethasone,Enoxacin,The risk or severity of adverse effects can be increased when Dexamethasone is combined with Enoxacin.,CC1CC2C3CCC4=CC(=O)C=CC4(C3(C(CC2(C1(C(=O)CO)O)C)O)F)C,CCN1C=C(C(=O)C2=CC(=C(N=C21)N3CCNCC3)F)C(=O)O
Prednisone,Enoxacin,The risk or severity of adverse effects can be increased when Prednisone is combined with Enoxacin.,CC12CC(=O)C3C(C1CCC2(C(=O)CO)O)CCC4=CC(=O)C=CC34C,CCN1C=C(C(=O)C2=CC(=C(N=C21)N3CCNCC3)F)C(=O)O
Methylprednisolone,Enoxacin,The risk or severity of adverse effects can be increased when Methylprednisolone is combined with Enoxacin.,CC1CC2C3CCC(C3(CC(C2C4(C1=CC(=O)C=C4)C)O)C)(C(=O)CO)O,CCN1C=C(C(=O)C2=CC(=C(N=C21)N3CCNCC3)F)C(=O)O
Formestane,Enoxacin,The risk or severity of adverse effects can be increased when Formestane is combined with Enoxacin.,CC12CCC(=O)C(=C1CCC3C2CCC4(C3CCC4=O)C)O,CCN1C=C(C(=O)C2=CC(=C(N=C21)N3CCNCC3)F)C(=O)O
Mesalazine,Enoxacin,Mesalazine may increase the neuroexcitatory activities of Enoxacin.,C1=CC(=C(C=C1N)C(=O)O)O,CCN1C=C(C(=O)C2=CC(=C(N=C21)N3CCNCC3)F)C(=O)O
Balsalazide,Enoxacin,Balsalazide may increase the neuroexcitatory activities of Enoxacin.,C1=CC(=CC=C1C(=O)NCCC(=O)O)N=NC2=CC(=C(C=C2)O)C(=O)O,CCN1C=C(C(=O)C2=CC(=C(N=C21)N3CCNCC3)F)C(=O)O
Olsalazine,Enoxacin,Olsalazine may increase the neuroexcitatory activities of Enoxacin.,C1=CC(=C(C=C1N=NC2=CC(=C(C=C2)O)C(=O)O)C(=O)O)O,CCN1C=C(C(=O)C2=CC(=C(N=C21)N3CCNCC3)F)C(=O)O
Resveratrol,Enoxacin,Resveratrol may increase the neuroexcitatory activities of Enoxacin.,C1=CC(=CC=C1C=CC2=CC(=CC(=C2)O)O)O,CCN1C=C(C(=O)C2=CC(=C(N=C21)N3CCNCC3)F)C(=O)O
Masoprocol,Enoxacin,Masoprocol may increase the neuroexcitatory activities of Enoxacin.,CC(CC1=CC(=C(C=C1)O)O)C(C)CC2=CC(=C(C=C2)O)O,CCN1C=C(C(=O)C2=CC(=C(N=C21)N3CCNCC3)F)C(=O)O
Sulindac,Enoxacin,Sulindac may increase the neuroexcitatory activities of Enoxacin.,CC1=C(C2=C(C1=CC3=CC=C(C=C3)S(=O)C)C=CC(=C2)F)CC(=O)O,CCN1C=C(C(=O)C2=CC(=C(N=C21)N3CCNCC3)F)C(=O)O
Pirfenidone,Enoxacin,Pirfenidone may increase the neuroexcitatory activities of Enoxacin.,CC1=CN(C(=O)C=C1)C2=CC=CC=C2,CCN1C=C(C(=O)C2=CC(=C(N=C21)N3CCNCC3)F)C(=O)O
Mycophenolate mofetil,Enoxacin,Mycophenolate mofetil may increase the neuroexcitatory activities of Enoxacin.,CC1=C2COC(=O)C2=C(C(=C1OC)CC=C(C)CCC(=O)OCCN3CCOCC3)O,CCN1C=C(C(=O)C2=CC(=C(N=C21)N3CCNCC3)F)C(=O)O
Leflunomide,Enoxacin,Leflunomide may increase the neuroexcitatory activities of Enoxacin.,CC1=C(C=NO1)C(=O)NC2=CC=C(C=C2)C(F)(F)F,CCN1C=C(C(=O)C2=CC(=C(N=C21)N3CCNCC3)F)C(=O)O
Vemurafenib,Enoxacin,The risk or severity of QTc prolongation can be increased when Vemurafenib is combined with Enoxacin.,CCCS(=O)(=O)NC1=C(C(=C(C=C1)F)C(=O)C2=CNC3=C2C=C(C=N3)C4=CC=C(C=C4)Cl)F,CCN1C=C(C(=O)C2=CC(=C(N=C21)N3CCNCC3)F)C(=O)O
Warfarin,Enoxacin,Warfarin may increase the anticoagulant activities of Enoxacin.,CC(=O)CC(C1=CC=CC=C1)C2=C(C3=CC=CC=C3OC2=O)O,CCN1C=C(C(=O)C2=CC(=C(N=C21)N3CCNCC3)F)C(=O)O
Phenprocoumon,Enoxacin,Phenprocoumon may increase the anticoagulant activities of Enoxacin.,CCC(C1=CC=CC=C1)C2=C(C3=CC=CC=C3OC2=O)O,CCN1C=C(C(=O)C2=CC(=C(N=C21)N3CCNCC3)F)C(=O)O
Phenindione,Enoxacin,Phenindione may increase the anticoagulant activities of Enoxacin.,C1=CC=C(C=C1)C2C(=O)C3=CC=CC=C3C2=O,CCN1C=C(C(=O)C2=CC(=C(N=C21)N3CCNCC3)F)C(=O)O
Acenocoumarol,Enoxacin,Acenocoumarol may increase the anticoagulant activities of Enoxacin.,CC(=O)CC(C1=CC=C(C=C1)[N+](=O)[O-])C2=C(C3=CC=CC=C3OC2=O)O,CCN1C=C(C(=O)C2=CC(=C(N=C21)N3CCNCC3)F)C(=O)O
Dicoumarol,Enoxacin,Dicoumarol may increase the anticoagulant activities of Enoxacin.,C1=CC=C2C(=C1)C(=C(C(=O)O2)CC3=C(C4=CC=CC=C4OC3=O)O)O,CCN1C=C(C(=O)C2=CC(=C(N=C21)N3CCNCC3)F)C(=O)O
Nafamostat,Enoxacin,Nafamostat may increase the neuroexcitatory activities of Enoxacin.,C1=CC(=CC=C1C(=O)OC2=CC3=C(C=C2)C=C(C=C3)C(=N)N)N=C(N)N,CCN1C=C(C(=O)C2=CC(=C(N=C21)N3CCNCC3)F)C(=O)O
Rosiglitazone,Enoxacin,Rosiglitazone may increase the hypoglycemic activities of Enoxacin.,CN(CCOC1=CC=C(C=C1)CC2C(=O)NC(=O)S2)C3=CC=CC=N3,CCN1C=C(C(=O)C2=CC(=C(N=C21)N3CCNCC3)F)C(=O)O
Nimesulide,Enoxacin,Nimesulide may increase the neuroexcitatory activities of Enoxacin.,CS(=O)(=O)NC1=C(C=C(C=C1)[N+](=O)[O-])OC2=CC=CC=C2,CCN1C=C(C(=O)C2=CC(=C(N=C21)N3CCNCC3)F)C(=O)O
Acetylsalicylic acid,Enoxacin,Acetylsalicylic acid may increase the neuroexcitatory activities of Enoxacin.,CC(=O)OC1=CC=CC=C1C(=O)O,CCN1C=C(C(=O)C2=CC(=C(N=C21)N3CCNCC3)F)C(=O)O
Diflunisal,Enoxacin,Diflunisal may increase the neuroexcitatory activities of Enoxacin.,C1=CC(=C(C=C1C2=C(C=C(C=C2)F)F)C(=O)O)O,CCN1C=C(C(=O)C2=CC(=C(N=C21)N3CCNCC3)F)C(=O)O
Azelastine,Enoxacin,Azelastine may increase the neuroexcitatory activities of Enoxacin.,CN1CCCC(CC1)N2C(=O)C3=CC=CC=C3C(=N2)CC4=CC=C(C=C4)Cl,CCN1C=C(C(=O)C2=CC(=C(N=C21)N3CCNCC3)F)C(=O)O
Tranilast,Enoxacin,Tranilast may increase the neuroexcitatory activities of Enoxacin.,COC1=C(C=C(C=C1)C=CC(=O)NC2=CC=CC=C2C(=O)O)OC,CCN1C=C(C(=O)C2=CC(=C(N=C21)N3CCNCC3)F)C(=O)O
Sulfisoxazole,Enoxacin,Sulfisoxazole may increase the hypoglycemic activities of Enoxacin.,CC1=C(ON=C1C)NS(=O)(=O)C2=CC=C(C=C2)N,CCN1C=C(C(=O)C2=CC(=C(N=C21)N3CCNCC3)F)C(=O)O
Chlorpropamide,Enoxacin,Chlorpropamide may increase the hypoglycemic activities of Enoxacin.,CCCNC(=O)NS(=O)(=O)C1=CC=C(C=C1)Cl,CCN1C=C(C(=O)C2=CC(=C(N=C21)N3CCNCC3)F)C(=O)O
Canagliflozin,Enoxacin,Canagliflozin may increase the hypoglycemic activities of Enoxacin.,CC1=C(C=C(C=C1)C2C(C(C(C(O2)CO)O)O)O)CC3=CC=C(S3)C4=CC=C(C=C4)F,CCN1C=C(C(=O)C2=CC(=C(N=C21)N3CCNCC3)F)C(=O)O
Pentamidine,Enoxacin,Pentamidine may increase the hypoglycemic activities of Enoxacin.,C1=CC(=CC=C1C(=N)N)OCCCCCOC2=CC=C(C=C2)C(=N)N,CCN1C=C(C(=O)C2=CC(=C(N=C21)N3CCNCC3)F)C(=O)O
Glipizide,Enoxacin,Glipizide may increase the hypoglycemic activities of Enoxacin.,CC1=CN=C(C=N1)C(=O)NCCC2=CC=C(C=C2)S(=O)(=O)NC(=O)NC3CCCCC3,CCN1C=C(C(=O)C2=CC(=C(N=C21)N3CCNCC3)F)C(=O)O
Disopyramide,Enoxacin,Disopyramide may increase the hypoglycemic activities of Enoxacin.,CC(C)N(CCC(C1=CC=CC=C1)(C2=CC=CC=N2)C(=O)N)C(C)C,CCN1C=C(C(=O)C2=CC(=C(N=C21)N3CCNCC3)F)C(=O)O
Tolbutamide,Enoxacin,Tolbutamide may increase the hypoglycemic activities of Enoxacin.,CCCCNC(=O)NS(=O)(=O)C1=CC=C(C=C1)C,CCN1C=C(C(=O)C2=CC(=C(N=C21)N3CCNCC3)F)C(=O)O
Miglitol,Enoxacin,Miglitol may increase the hypoglycemic activities of Enoxacin.,C1C(C(C(C(N1CCO)CO)O)O)O,CCN1C=C(C(=O)C2=CC(=C(N=C21)N3CCNCC3)F)C(=O)O
Sulfamethoxazole,Enoxacin,Sulfamethoxazole may increase the hypoglycemic activities of Enoxacin.,CC1=CC(=NO1)NS(=O)(=O)C2=CC=C(C=C2)N,CCN1C=C(C(=O)C2=CC(=C(N=C21)N3CCNCC3)F)C(=O)O
Sitagliptin,Enoxacin,Sitagliptin may increase the hypoglycemic activities of Enoxacin.,C1CN2C(=NN=C2C(F)(F)F)CN1C(=O)CC(CC3=CC(=C(C=C3F)F)F)N,CCN1C=C(C(=O)C2=CC(=C(N=C21)N3CCNCC3)F)C(=O)O
Dapagliflozin,Enoxacin,Dapagliflozin may increase the hypoglycemic activities of Enoxacin.,CCOC1=CC=C(C=C1)CC2=C(C=CC(=C2)C3C(C(C(C(O3)CO)O)O)O)Cl,CCN1C=C(C(=O)C2=CC(=C(N=C21)N3CCNCC3)F)C(=O)O
Alogliptin,Enoxacin,Alogliptin may increase the hypoglycemic activities of Enoxacin.,CN1C(=O)C=C(N(C1=O)CC2=CC=CC=C2C#N)N3CCCC(C3)N,CCN1C=C(C(=O)C2=CC(=C(N=C21)N3CCNCC3)F)C(=O)O
Saxagliptin,Enoxacin,Saxagliptin may increase the hypoglycemic activities of Enoxacin.,C1C2CC2N(C1C#N)C(=O)C(C34CC5CC(C3)CC(C5)(C4)O)N,CCN1C=C(C(=O)C2=CC(=C(N=C21)N3CCNCC3)F)C(=O)O
Sulfadiazine,Enoxacin,Sulfadiazine may increase the hypoglycemic activities of Enoxacin.,C1=CN=C(N=C1)NS(=O)(=O)C2=CC=C(C=C2)N,CCN1C=C(C(=O)C2=CC(=C(N=C21)N3CCNCC3)F)C(=O)O
Nateglinide,Enoxacin,Nateglinide may increase the hypoglycemic activities of Enoxacin.,CC(C)C1CCC(CC1)C(=O)NC(CC2=CC=CC=C2)C(=O)O,CCN1C=C(C(=O)C2=CC(=C(N=C21)N3CCNCC3)F)C(=O)O
Gliclazide,Enoxacin,Gliclazide may increase the hypoglycemic activities of Enoxacin.,CC1=CC=C(C=C1)S(=O)(=O)NC(=O)NN2CC3CCCC3C2,CCN1C=C(C(=O)C2=CC(=C(N=C21)N3CCNCC3)F)C(=O)O
Pioglitazone,Enoxacin,Pioglitazone may increase the hypoglycemic activities of Enoxacin.,CCC1=CN=C(C=C1)CCOC2=CC=C(C=C2)CC3C(=O)NC(=O)S3,CCN1C=C(C(=O)C2=CC(=C(N=C21)N3CCNCC3)F)C(=O)O
Mifepristone,Enoxacin,Mifepristone may increase the hypoglycemic activities of Enoxacin.,CC#CC1(CCC2C1(CC(C3=C4CCC(=O)C=C4CCC23)C5=CC=C(C=C5)N(C)C)C)O,CCN1C=C(C(=O)C2=CC(=C(N=C21)N3CCNCC3)F)C(=O)O
Quinine,Enoxacin,Quinine may increase the hypoglycemic activities of Enoxacin.,COC1=CC2=C(C=CN=C2C=C1)C(C3CC4CCN3CC4C=C)O,CCN1C=C(C(=O)C2=CC(=C(N=C21)N3CCNCC3)F)C(=O)O
Metformin,Enoxacin,Metformin may increase the hypoglycemic activities of Enoxacin.,CN(C)C(=N)N=C(N)N,CCN1C=C(C(=O)C2=CC(=C(N=C21)N3CCNCC3)F)C(=O)O
Tolazamide,Enoxacin,Tolazamide may increase the hypoglycemic activities of Enoxacin.,CC1=CC=C(C=C1)S(=O)(=O)NC(=O)NN2CCCCCC2,CCN1C=C(C(=O)C2=CC(=C(N=C21)N3CCNCC3)F)C(=O)O
Glimepiride,Enoxacin,Glimepiride may increase the hypoglycemic activities of Enoxacin.,CCC1=C(CN(C1=O)C(=O)NCCC2=CC=C(C=C2)S(=O)(=O)NC(=O)NC3CCC(CC3)C)C,CCN1C=C(C(=O)C2=CC(=C(N=C21)N3CCNCC3)F)C(=O)O
Empagliflozin,Enoxacin,Empagliflozin may increase the hypoglycemic activities of Enoxacin.,C1COCC1OC2=CC=C(C=C2)CC3=C(C=CC(=C3)C4C(C(C(C(O4)CO)O)O)O)Cl,CCN1C=C(C(=O)C2=CC(=C(N=C21)N3CCNCC3)F)C(=O)O
Repaglinide,Enoxacin,Repaglinide may increase the hypoglycemic activities of Enoxacin.,CCOC1=C(C=CC(=C1)CC(=O)NC(CC(C)C)C2=CC=CC=C2N3CCCCC3)C(=O)O,CCN1C=C(C(=O)C2=CC(=C(N=C21)N3CCNCC3)F)C(=O)O
Glyburide,Enoxacin,Glyburide may increase the hypoglycemic activities of Enoxacin.,COC1=C(C=C(C=C1)Cl)C(=O)NCCC2=CC=C(C=C2)S(=O)(=O)NC(=O)NC3CCCCC3,CCN1C=C(C(=O)C2=CC(=C(N=C21)N3CCNCC3)F)C(=O)O
Bromocriptine,Enoxacin,Bromocriptine may increase the hypoglycemic activities of Enoxacin.,CC(C)CC1C(=O)N2CCCC2C3(N1C(=O)C(O3)(C(C)C)NC(=O)C4CN(C5CC6=C(NC7=CC=CC(=C67)C5=C4)Br)C)O,CCN1C=C(C(=O)C2=CC(=C(N=C21)N3CCNCC3)F)C(=O)O
Seratrodast,Enoxacin,Seratrodast may increase the neuroexcitatory activities of Enoxacin.,CC1=C(C(=O)C(=C(C1=O)C)C(CCCCCC(=O)O)C2=CC=CC=C2)C,CCN1C=C(C(=O)C2=CC(=C(N=C21)N3CCNCC3)F)C(=O)O
Chloroquine,Enoxacin,Chloroquine may increase the neuroexcitatory activities of Enoxacin.,CCN(CC)CCCC(C)NC1=C2C=CC(=CC2=NC=C1)Cl,CCN1C=C(C(=O)C2=CC(=C(N=C21)N3CCNCC3)F)C(=O)O
Celecoxib,Enoxacin,Celecoxib may increase the neuroexcitatory activities of Enoxacin.,CC1=CC=C(C=C1)C2=CC(=NN2C3=CC=C(C=C3)S(=O)(=O)N)C(F)(F)F,CCN1C=C(C(=O)C2=CC(=C(N=C21)N3CCNCC3)F)C(=O)O
Salicylic acid,Enoxacin,Salicylic acid may increase the neuroexcitatory activities of Enoxacin.,C1=CC=C(C(=C1)C(=O)O)O,CCN1C=C(C(=O)C2=CC(=C(N=C21)N3CCNCC3)F)C(=O)O
Naftifine,Enoxacin,Naftifine may increase the neuroexcitatory activities of Enoxacin.,CN(CC=CC1=CC=CC=C1)CC2=CC=CC3=CC=CC=C32,CCN1C=C(C(=O)C2=CC(=C(N=C21)N3CCNCC3)F)C(=O)O
Fluticasone propionate,Enoxacin,The risk or severity of adverse effects can be increased when Fluticasone propionate is combined with Enoxacin.,CCC(=O)OC1(C(CC2C1(CC(C3(C2CC(C4=CC(=O)C=CC43C)F)F)O)C)C)C(=O)SCF,CCN1C=C(C(=O)C2=CC(=C(N=C21)N3CCNCC3)F)C(=O)O
Magnesium sulfate,Enoxacin,The serum concentration of Enoxacin can be decreased when it is combined with Magnesium sulfate.,[O-]S(=O)(=O)[O-].[Mg+2],CCN1C=C(C(=O)C2=CC(=C(N=C21)N3CCNCC3)F)C(=O)O
Olopatadine,Enoxacin,Olopatadine may increase the neuroexcitatory activities of Enoxacin.,CN(C)CCC=C1C2=CC=CC=C2COC3=C1C=C(C=C3)CC(=O)O,CCN1C=C(C(=O)C2=CC(=C(N=C21)N3CCNCC3)F)C(=O)O
Fluticasone furoate,Enoxacin,The risk or severity of adverse effects can be increased when Fluticasone furoate is combined with Enoxacin.,CC1CC2C3CC(C4=CC(=O)C=CC4(C3(C(CC2(C1(C(=O)SCF)OC(=O)C5=CC=CO5)C)O)F)C)F,CCN1C=C(C(=O)C2=CC(=C(N=C21)N3CCNCC3)F)C(=O)O
Prasterone,Enoxacin,The risk or severity of adverse effects can be increased when Prasterone is combined with Enoxacin.,CC12CCC3C(C1CCC2=O)CC=C4C3(CCC(C4)O)C,CCN1C=C(C(=O)C2=CC(=C(N=C21)N3CCNCC3)F)C(=O)O
Diflorasone,Enoxacin,The risk or severity of adverse effects can be increased when Diflorasone is combined with Enoxacin.,CC1CC2C3CC(C4=CC(=O)C=CC4(C3(C(CC2(C1(C(=O)CO)O)C)O)F)C)F,CCN1C=C(C(=O)C2=CC(=C(N=C21)N3CCNCC3)F)C(=O)O
Flumethasone,Enoxacin,The risk or severity of adverse effects can be increased when Flumethasone is combined with Enoxacin.,CC1CC2C3CC(C4=CC(=O)C=CC4(C3(C(CC2(C1(C(=O)CO)O)C)O)F)C)F,CCN1C=C(C(=O)C2=CC(=C(N=C21)N3CCNCC3)F)C(=O)O
Desoximetasone,Enoxacin,The risk or severity of adverse effects can be increased when Desoximetasone is combined with Enoxacin.,CC1CC2C3CCC4=CC(=O)C=CC4(C3(C(CC2(C1C(=O)CO)C)O)F)C,CCN1C=C(C(=O)C2=CC(=C(N=C21)N3CCNCC3)F)C(=O)O
Mometasone,Enoxacin,The risk or severity of adverse effects can be increased when Mometasone is combined with Enoxacin.,CC1CC2C3CCC4=CC(=O)C=CC4(C3(C(CC2(C1(C(=O)CCl)O)C)O)Cl)C,CCN1C=C(C(=O)C2=CC(=C(N=C21)N3CCNCC3)F)C(=O)O
Clobetasol propionate,Enoxacin,The risk or severity of adverse effects can be increased when Clobetasol propionate is combined with Enoxacin.,CCC(=O)OC1(C(CC2C1(CC(C3(C2CCC4=CC(=O)C=CC43C)F)O)C)C)C(=O)CCl,CCN1C=C(C(=O)C2=CC(=C(N=C21)N3CCNCC3)F)C(=O)O
Estrone,Enoxacin,The risk or severity of adverse effects can be increased when Estrone is combined with Enoxacin.,CC12CCC3C(C1CCC2=O)CCC4=C3C=CC(=C4)O,CCN1C=C(C(=O)C2=CC(=C(N=C21)N3CCNCC3)F)C(=O)O
Difluprednate,Enoxacin,The risk or severity of adverse effects can be increased when Difluprednate is combined with Enoxacin.,CCCC(=O)OC1(CCC2C1(CC(C3(C2CC(C4=CC(=O)C=CC43C)F)F)O)C)C(=O)COC(=O)C,CCN1C=C(C(=O)C2=CC(=C(N=C21)N3CCNCC3)F)C(=O)O
Fluprednidene,Enoxacin,The risk or severity of adverse effects can be increased when Fluprednidene is combined with Enoxacin.,CC12CC(C3(C(C1CC(=C)C2(C(=O)CO)O)CCC4=CC(=O)C=CC43C)F)O,CCN1C=C(C(=O)C2=CC(=C(N=C21)N3CCNCC3)F)C(=O)O
Beclomethasone dipropionate,Enoxacin,The risk or severity of adverse effects can be increased when Beclomethasone dipropionate is combined with Enoxacin.,CCC(=O)OCC(=O)C1(C(CC2C1(CC(C3(C2CCC4=CC(=O)C=CC43C)Cl)O)C)C)OC(=O)CC,CCN1C=C(C(=O)C2=CC(=C(N=C21)N3CCNCC3)F)C(=O)O
Tixocortol,Enoxacin,The risk or severity of adverse effects can be increased when Tixocortol is combined with Enoxacin.,CC12CCC(=O)C=C1CCC3C2C(CC4(C3CCC4(C(=O)CS)O)C)O,CCN1C=C(C(=O)C2=CC(=C(N=C21)N3CCNCC3)F)C(=O)O
Fluocinonide,Enoxacin,The risk or severity of adverse effects can be increased when Fluocinonide is combined with Enoxacin.,CC(=O)OCC(=O)C12C(CC3C1(CC(C4(C3CC(C5=CC(=O)C=CC54C)F)F)O)C)OC(O2)(C)C,CCN1C=C(C(=O)C2=CC(=C(N=C21)N3CCNCC3)F)C(=O)O
Ciclesonide,Enoxacin,The risk or severity of adverse effects can be increased when Ciclesonide is combined with Enoxacin.,CC(C)C(=O)OCC(=O)C12C(CC3C1(CC(C4C3CCC5=CC(=O)C=CC45C)O)C)OC(O2)C6CCCCC6,CCN1C=C(C(=O)C2=CC(=C(N=C21)N3CCNCC3)F)C(=O)O
Cortisone acetate,Enoxacin,The risk or severity of adverse effects can be increased when Cortisone acetate is combined with Enoxacin.,CC(=O)OCC(=O)C1(CCC2C1(CC(=O)C3C2CCC4=CC(=O)CCC34C)C)O,CCN1C=C(C(=O)C2=CC(=C(N=C21)N3CCNCC3)F)C(=O)O
Alclometasone,Enoxacin,The risk or severity of adverse effects can be increased when Alclometasone is combined with Enoxacin.,CC1CC2C3C(CC4=CC(=O)C=CC4(C3C(CC2(C1(C(=O)CO)O)C)O)C)Cl,CCN1C=C(C(=O)C2=CC(=C(N=C21)N3CCNCC3)F)C(=O)O
Fludrocortisone,Enoxacin,The risk or severity of adverse effects can be increased when Fludrocortisone is combined with Enoxacin.,CC12CCC(=O)C=C1CCC3C2(C(CC4(C3CCC4(C(=O)CO)O)C)O)F,CCN1C=C(C(=O)C2=CC(=C(N=C21)N3CCNCC3)F)C(=O)O
Flunisolide,Enoxacin,The risk or severity of adverse effects can be increased when Flunisolide is combined with Enoxacin.,CC1(OC2CC3C4CC(C5=CC(=O)C=CC5(C4C(CC3(C2(O1)C(=O)CO)C)O)C)F)C,CCN1C=C(C(=O)C2=CC(=C(N=C21)N3CCNCC3)F)C(=O)O
Triamcinolone,Enoxacin,The risk or severity of adverse effects can be increased when Triamcinolone is combined with Enoxacin.,CC12CC(C3(C(C1CC(C2(C(=O)CO)O)O)CCC4=CC(=O)C=CC43C)F)O,CCN1C=C(C(=O)C2=CC(=C(N=C21)N3CCNCC3)F)C(=O)O
Fluocinolone acetonide,Enoxacin,The risk or severity of adverse effects can be increased when Fluocinolone acetonide is combined with Enoxacin.,CC1(OC2CC3C4CC(C5=CC(=O)C=CC5(C4(C(CC3(C2(O1)C(=O)CO)C)O)F)C)F)C,CCN1C=C(C(=O)C2=CC(=C(N=C21)N3CCNCC3)F)C(=O)O
Paramethasone,Enoxacin,The risk or severity of adverse effects can be increased when Paramethasone is combined with Enoxacin.,CC1CC2C3CC(C4=CC(=O)C=CC4(C3C(CC2(C1(C(=O)CO)O)C)O)C)F,CCN1C=C(C(=O)C2=CC(=C(N=C21)N3CCNCC3)F)C(=O)O
Prednicarbate,Enoxacin,The risk or severity of adverse effects can be increased when Prednicarbate is combined with Enoxacin.,CCC(=O)OCC(=O)C1(CCC2C1(CC(C3C2CCC4=CC(=O)C=CC34C)O)C)OC(=O)OCC,CCN1C=C(C(=O)C2=CC(=C(N=C21)N3CCNCC3)F)C(=O)O
Rimexolone,Enoxacin,The risk or severity of adverse effects can be increased when Rimexolone is combined with Enoxacin.,CCC(=O)C1(C(CC2C1(CC(C3C2CCC4=CC(=O)C=CC34C)O)C)C)C,CCN1C=C(C(=O)C2=CC(=C(N=C21)N3CCNCC3)F)C(=O)O
Betamethasone,Enoxacin,The risk or severity of adverse effects can be increased when Betamethasone is combined with Enoxacin.,CC1CC2C3CCC4=CC(=O)C=CC4(C3(C(CC2(C1(C(=O)CO)O)C)O)F)C,CCN1C=C(C(=O)C2=CC(=C(N=C21)N3CCNCC3)F)C(=O)O
Deflazacort,Enoxacin,The risk or severity of adverse effects can be increased when Deflazacort is combined with Enoxacin.,CC1=NC2(C(O1)CC3C2(CC(C4C3CCC5=CC(=O)C=CC45C)O)C)C(=O)COC(=O)C,CCN1C=C(C(=O)C2=CC(=C(N=C21)N3CCNCC3)F)C(=O)O
Desonide,Enoxacin,The risk or severity of adverse effects can be increased when Desonide is combined with Enoxacin.,CC1(OC2CC3C4CCC5=CC(=O)C=CC5(C4C(CC3(C2(O1)C(=O)CO)C)O)C)C,CCN1C=C(C(=O)C2=CC(=C(N=C21)N3CCNCC3)F)C(=O)O
Amcinonide,Enoxacin,The risk or severity of adverse effects can be increased when Amcinonide is combined with Enoxacin.,CC(=O)OCC(=O)C12C(CC3C1(CC(C4(C3CCC5=CC(=O)C=CC54C)F)O)C)OC6(O2)CCCC6,CCN1C=C(C(=O)C2=CC(=C(N=C21)N3CCNCC3)F)C(=O)O
Estrone sulfate,Enoxacin,The risk or severity of adverse effects can be increased when Estrone sulfate is combined with Enoxacin.,CC12CCC3C(C1CCC2=O)CCC4=C3C=CC(=C4)OS(=O)(=O)O,CCN1C=C(C(=O)C2=CC(=C(N=C21)N3CCNCC3)F)C(=O)O
Equilin,Enoxacin,The risk or severity of adverse effects can be increased when Equilin is combined with Enoxacin.,CC12CCC3C(=CCC4=C3C=CC(=C4)O)C1CCC2=O,CCN1C=C(C(=O)C2=CC(=C(N=C21)N3CCNCC3)F)C(=O)O
Ulobetasol,Enoxacin,The risk or severity of adverse effects can be increased when Ulobetasol is combined with Enoxacin.,CC1CC2C3CC(C4=CC(=O)C=CC4(C3(C(CC2(C1(C(=O)CCl)O)C)O)F)C)F,CCN1C=C(C(=O)C2=CC(=C(N=C21)N3CCNCC3)F)C(=O)O
Loteprednol,Enoxacin,The risk or severity of adverse effects can be increased when Loteprednol is combined with Enoxacin.,CC12CC(C3C(C1CCC2(C(=O)OCCl)O)CCC4=CC(=O)C=CC34C)O,CCN1C=C(C(=O)C2=CC(=C(N=C21)N3CCNCC3)F)C(=O)O
Halcinonide,Enoxacin,The risk or severity of adverse effects can be increased when Halcinonide is combined with Enoxacin.,CC1(OC2CC3C4CCC5=CC(=O)CCC5(C4(C(CC3(C2(O1)C(=O)CCl)C)O)F)C)C,CCN1C=C(C(=O)C2=CC(=C(N=C21)N3CCNCC3)F)C(=O)O
Fluocortolone,Enoxacin,The risk or severity of adverse effects can be increased when Fluocortolone is combined with Enoxacin.,CC1CC2C3CC(C4=CC(=O)C=CC4(C3C(CC2(C1C(=O)CO)C)O)C)F,CCN1C=C(C(=O)C2=CC(=C(N=C21)N3CCNCC3)F)C(=O)O
Flurandrenolide,Enoxacin,The risk or severity of adverse effects can be increased when Flurandrenolide is combined with Enoxacin.,CC1(OC2CC3C4CC(C5=CC(=O)CCC5(C4C(CC3(C2(O1)C(=O)CO)C)O)C)F)C,CCN1C=C(C(=O)C2=CC(=C(N=C21)N3CCNCC3)F)C(=O)O
Budesonide,Enoxacin,The risk or severity of adverse effects can be increased when Budesonide is combined with Enoxacin.,CCCC1OC2CC3C4CCC5=CC(=O)C=CC5(C4C(CC3(C2(O1)C(=O)CO)C)O)C,CCN1C=C(C(=O)C2=CC(=C(N=C21)N3CCNCC3)F)C(=O)O
Difluocortolone,Enoxacin,The risk or severity of adverse effects can be increased when Difluocortolone is combined with Enoxacin.,CC1CC2C3CC(C4=CC(=O)C=CC4(C3(C(CC2(C1C(=O)CO)C)O)F)C)F,CCN1C=C(C(=O)C2=CC(=C(N=C21)N3CCNCC3)F)C(=O)O
Medrysone,Enoxacin,The risk or severity of adverse effects can be increased when Medrysone is combined with Enoxacin.,CC1CC2C3CCC(C3(CC(C2C4(C1=CC(=O)CC4)C)O)C)C(=O)C,CCN1C=C(C(=O)C2=CC(=C(N=C21)N3CCNCC3)F)C(=O)O
Clocortolone,Enoxacin,The risk or severity of adverse effects can be increased when Clocortolone is combined with Enoxacin.,CC1CC2C3CC(C4=CC(=O)C=CC4(C3(C(CC2(C1C(=O)CO)C)O)Cl)C)F,CCN1C=C(C(=O)C2=CC(=C(N=C21)N3CCNCC3)F)C(=O)O
Hydrocortisone,Enoxacin,The risk or severity of adverse effects can be increased when Hydrocortisone is combined with Enoxacin.,CC12CCC(=O)C=C1CCC3C2C(CC4(C3CCC4(C(=O)CO)O)C)O,CCN1C=C(C(=O)C2=CC(=C(N=C21)N3CCNCC3)F)C(=O)O
Fluorometholone,Enoxacin,The risk or severity of adverse effects can be increased when Fluorometholone is combined with Enoxacin.,CC1CC2C3CCC(C3(CC(C2(C4(C1=CC(=O)C=C4)C)F)O)C)(C(=O)C)O,CCN1C=C(C(=O)C2=CC(=C(N=C21)N3CCNCC3)F)C(=O)O
Clobetasone,Enoxacin,The risk or severity of adverse effects can be increased when Clobetasone is combined with Enoxacin.,CC1CC2C3CCC4=CC(=O)C=CC4(C3(C(=O)CC2(C1(C(=O)CCl)O)C)F)C,CCN1C=C(C(=O)C2=CC(=C(N=C21)N3CCNCC3)F)C(=O)O
Fenbufen,Enoxacin,Fenbufen may increase the neuroexcitatory activities of Enoxacin.,C1=CC=C(C=C1)C2=CC=C(C=C2)C(=O)CCC(=O)O,CCN1C=C(C(=O)C2=CC(=C(N=C21)N3CCNCC3)F)C(=O)O
Meclofenamic acid,Enoxacin,Meclofenamic acid may increase the neuroexcitatory activities of Enoxacin.,CC1=C(C(=C(C=C1)Cl)NC2=CC=CC=C2C(=O)O)Cl,CCN1C=C(C(=O)C2=CC(=C(N=C21)N3CCNCC3)F)C(=O)O
Lumiracoxib,Enoxacin,Lumiracoxib may increase the neuroexcitatory activities of Enoxacin.,CC1=CC(=C(C=C1)NC2=C(C=CC=C2Cl)F)CC(=O)O,CCN1C=C(C(=O)C2=CC(=C(N=C21)N3CCNCC3)F)C(=O)O
Tolmetin,Enoxacin,Tolmetin may increase the neuroexcitatory activities of Enoxacin.,CC1=CC=C(C=C1)C(=O)C2=CC=C(N2C)CC(=O)O,CCN1C=C(C(=O)C2=CC(=C(N=C21)N3CCNCC3)F)C(=O)O
Tenoxicam,Enoxacin,Tenoxicam may increase the neuroexcitatory activities of Enoxacin.,CN1C(=C(C2=C(S1(=O)=O)C=CS2)O)C(=O)NC3=CC=CC=N3,CCN1C=C(C(=O)C2=CC(=C(N=C21)N3CCNCC3)F)C(=O)O
Choline magnesium trisalicylate,Enoxacin,Choline magnesium trisalicylate may increase the neuroexcitatory activities of Enoxacin.,C[N+](C)(C)CCO.C1=CC=C(C(=C1)C(=O)O)[O-].C1=CC=C(C(=C1)C(=O)O)[O-].C1=CC=C(C(=C1)C(=O)O)[O-].[Mg+2],CCN1C=C(C(=O)C2=CC(=C(N=C21)N3CCNCC3)F)C(=O)O
Etoricoxib,Enoxacin,Etoricoxib may increase the neuroexcitatory activities of Enoxacin.,CC1=NC=C(C=C1)C2=C(C=C(C=N2)Cl)C3=CC=C(C=C3)S(=O)(=O)C,CCN1C=C(C(=O)C2=CC(=C(N=C21)N3CCNCC3)F)C(=O)O
Suprofen,Enoxacin,Suprofen may increase the neuroexcitatory activities of Enoxacin.,CC(C1=CC=C(C=C1)C(=O)C2=CC=CS2)C(=O)O,CCN1C=C(C(=O)C2=CC(=C(N=C21)N3CCNCC3)F)C(=O)O
Flurbiprofen,Enoxacin,Flurbiprofen may increase the neuroexcitatory activities of Enoxacin.,CC(C1=CC(=C(C=C1)C2=CC=CC=C2)F)C(=O)O,CCN1C=C(C(=O)C2=CC(=C(N=C21)N3CCNCC3)F)C(=O)O
Indomethacin,Enoxacin,Indomethacin may increase the neuroexcitatory activities of Enoxacin.,CC1=C(C2=C(N1C(=O)C3=CC=C(C=C3)Cl)C=CC(=C2)OC)CC(=O)O,CCN1C=C(C(=O)C2=CC(=C(N=C21)N3CCNCC3)F)C(=O)O
Oxyphenbutazone,Enoxacin,Oxyphenbutazone may increase the neuroexcitatory activities of Enoxacin.,CCCCC1C(=O)N(N(C1=O)C2=CC=C(C=C2)O)C3=CC=CC=C3,CCN1C=C(C(=O)C2=CC(=C(N=C21)N3CCNCC3)F)C(=O)O
Icatibant,Enoxacin,Icatibant may increase the neuroexcitatory activities of Enoxacin.,C1CCC2C(C1)CC(N2C(=O)C3CC4=CC=CC=C4CN3C(=O)C(CO)NC(=O)C(CC5=CC=CS5)NC(=O)CNC(=O)C6CC(CN6C(=O)C7CCCN7C(=O)C(CCCN=C(N)N)NC(=O)C(CCCN=C(N)N)N)O)C(=O)NC(CCCN=C(N)N)C(=O)O,CCN1C=C(C(=O)C2=CC(=C(N=C21)N3CCNCC3)F)C(=O)O
Alclofenac,Enoxacin,Alclofenac may increase the neuroexcitatory activities of Enoxacin.,C=CCOC1=C(C=C(C=C1)CC(=O)O)Cl,CCN1C=C(C(=O)C2=CC(=C(N=C21)N3CCNCC3)F)C(=O)O
Etodolac,Enoxacin,Etodolac may increase the neuroexcitatory activities of Enoxacin.,CCC1=C2C(=CC=C1)C3=C(N2)C(OCC3)(CC)CC(=O)O,CCN1C=C(C(=O)C2=CC(=C(N=C21)N3CCNCC3)F)C(=O)O
Droxicam,Enoxacin,Droxicam may increase the neuroexcitatory activities of Enoxacin.,CN1C2=C(C3=CC=CC=C3S1(=O)=O)OC(=O)N(C2=O)C4=CC=CC=N4,CCN1C=C(C(=O)C2=CC(=C(N=C21)N3CCNCC3)F)C(=O)O
Apremilast,Enoxacin,Apremilast may increase the neuroexcitatory activities of Enoxacin.,CCOC1=C(C=CC(=C1)C(CS(=O)(=O)C)N2C(=O)C3=C(C2=O)C(=CC=C3)NC(=O)C)OC,CCN1C=C(C(=O)C2=CC(=C(N=C21)N3CCNCC3)F)C(=O)O
Tolfenamic acid,Enoxacin,Tolfenamic acid may increase the neuroexcitatory activities of Enoxacin.,CC1=C(C=CC=C1Cl)NC2=CC=CC=C2C(=O)O,CCN1C=C(C(=O)C2=CC(=C(N=C21)N3CCNCC3)F)C(=O)O
Lornoxicam,Enoxacin,Lornoxicam may increase the neuroexcitatory activities of Enoxacin.,CN1C(=C(C2=C(S1(=O)=O)C=C(S2)Cl)O)C(=O)NC3=CC=CC=N3,CCN1C=C(C(=O)C2=CC(=C(N=C21)N3CCNCC3)F)C(=O)O
Bromfenac,Enoxacin,Bromfenac may increase the neuroexcitatory activities of Enoxacin.,C1=CC(=C(C(=C1)C(=O)C2=CC=C(C=C2)Br)N)CC(=O)O,CCN1C=C(C(=O)C2=CC(=C(N=C21)N3CCNCC3)F)C(=O)O
Propacetamol,Enoxacin,Propacetamol may increase the neuroexcitatory activities of Enoxacin.,CCN(CC)CC(=O)OC1=CC=C(C=C1)NC(=O)C,CCN1C=C(C(=O)C2=CC(=C(N=C21)N3CCNCC3)F)C(=O)O
Parecoxib,Enoxacin,Parecoxib may increase the neuroexcitatory activities of Enoxacin.,CCC(=O)NS(=O)(=O)C1=CC=C(C=C1)C2=C(ON=C2C3=CC=CC=C3)C,CCN1C=C(C(=O)C2=CC(=C(N=C21)N3CCNCC3)F)C(=O)O
Phenylbutazone,Enoxacin,Phenylbutazone may increase the neuroexcitatory activities of Enoxacin.,CCCCC1C(=O)N(N(C1=O)C2=CC=CC=C2)C3=CC=CC=C3,CCN1C=C(C(=O)C2=CC(=C(N=C21)N3CCNCC3)F)C(=O)O
Acemetacin,Enoxacin,Acemetacin may increase the neuroexcitatory activities of Enoxacin.,CC1=C(C2=C(N1C(=O)C3=CC=C(C=C3)Cl)C=CC(=C2)OC)CC(=O)OCC(=O)O,CCN1C=C(C(=O)C2=CC(=C(N=C21)N3CCNCC3)F)C(=O)O
Teriflunomide,Enoxacin,Teriflunomide may increase the neuroexcitatory activities of Enoxacin.,CC(=C(C#N)C(=O)NC1=CC=C(C=C1)C(F)(F)F)O,CCN1C=C(C(=O)C2=CC(=C(N=C21)N3CCNCC3)F)C(=O)O
Nabumetone,Enoxacin,Nabumetone may increase the neuroexcitatory activities of Enoxacin.,CC(=O)CCC1=CC2=C(C=C1)C=C(C=C2)OC,CCN1C=C(C(=O)C2=CC(=C(N=C21)N3CCNCC3)F)C(=O)O
Epirizole,Enoxacin,Epirizole may increase the neuroexcitatory activities of Enoxacin.,CC1=CC(=NC(=N1)N2C(=CC(=N2)C)OC)OC,CCN1C=C(C(=O)C2=CC(=C(N=C21)N3CCNCC3)F)C(=O)O
Ketorolac,Enoxacin,Ketorolac may increase the neuroexcitatory activities of Enoxacin.,C1CN2C(=CC=C2C(=O)C3=CC=CC=C3)C1C(=O)O,CCN1C=C(C(=O)C2=CC(=C(N=C21)N3CCNCC3)F)C(=O)O
Salsalate,Enoxacin,Salsalate may increase the neuroexcitatory activities of Enoxacin.,C1=CC=C(C(=C1)C(=O)OC2=CC=CC=C2C(=O)O)O,CCN1C=C(C(=O)C2=CC(=C(N=C21)N3CCNCC3)F)C(=O)O
Aceclofenac,Enoxacin,Aceclofenac may increase the neuroexcitatory activities of Enoxacin.,C1=CC=C(C(=C1)CC(=O)OCC(=O)O)NC2=C(C=CC=C2Cl)Cl,CCN1C=C(C(=O)C2=CC(=C(N=C21)N3CCNCC3)F)C(=O)O
Niflumic acid,Enoxacin,Niflumic acid may increase the neuroexcitatory activities of Enoxacin.,C1=CC(=CC(=C1)NC2=C(C=CC=N2)C(=O)O)C(F)(F)F,CCN1C=C(C(=O)C2=CC(=C(N=C21)N3CCNCC3)F)C(=O)O
Zaltoprofen,Enoxacin,Zaltoprofen may increase the neuroexcitatory activities of Enoxacin.,CC(C1=CC2=C(C=C1)SC3=CC=CC=C3C(=O)C2)C(=O)O,CCN1C=C(C(=O)C2=CC(=C(N=C21)N3CCNCC3)F)C(=O)O
Naproxen,Enoxacin,Naproxen may increase the neuroexcitatory activities of Enoxacin.,CC(C1=CC2=C(C=C1)C=C(C=C2)OC)C(=O)O,CCN1C=C(C(=O)C2=CC(=C(N=C21)N3CCNCC3)F)C(=O)O
Pimecrolimus,Enoxacin,Pimecrolimus may increase the neuroexcitatory activities of Enoxacin.,CCC1C=C(CC(CC(C2C(CC(C(O2)(C(=O)C(=O)N3CCCCC3C(=O)OC(C(C(CC1=O)O)C)C(=CC4CCC(C(C4)OC)Cl)C)O)C)OC)OC)C)C,CCN1C=C(C(=O)C2=CC(=C(N=C21)N3CCNCC3)F)C(=O)O
Antipyrine,Enoxacin,Antipyrine may increase the neuroexcitatory activities of Enoxacin.,CC1=CC(=O)N(N1C)C2=CC=CC=C2,CCN1C=C(C(=O)C2=CC(=C(N=C21)N3CCNCC3)F)C(=O)O
Meloxicam,Enoxacin,Meloxicam may increase the neuroexcitatory activities of Enoxacin.,CC1=CN=C(S1)NC(=O)C2=C(C3=CC=CC=C3S(=O)(=O)N2C)O,CCN1C=C(C(=O)C2=CC(=C(N=C21)N3CCNCC3)F)C(=O)O
Clonixin,Enoxacin,Clonixin may increase the neuroexcitatory activities of Enoxacin.,CC1=C(C=CC=C1Cl)NC2=C(C=CC=N2)C(=O)O,CCN1C=C(C(=O)C2=CC(=C(N=C21)N3CCNCC3)F)C(=O)O
Piroxicam,Enoxacin,Piroxicam may increase the neuroexcitatory activities of Enoxacin.,CN1C(=C(C2=CC=CC=C2S1(=O)=O)O)C(=O)NC3=CC=CC=N3,CCN1C=C(C(=O)C2=CC(=C(N=C21)N3CCNCC3)F)C(=O)O
Fenoprofen,Enoxacin,Fenoprofen may increase the neuroexcitatory activities of Enoxacin.,CC(C1=CC(=CC=C1)OC2=CC=CC=C2)C(=O)O,CCN1C=C(C(=O)C2=CC(=C(N=C21)N3CCNCC3)F)C(=O)O
Oxaprozin,Enoxacin,Oxaprozin may increase the neuroexcitatory activities of Enoxacin.,C1=CC=C(C=C1)C2=C(OC(=N2)CCC(=O)O)C3=CC=CC=C3,CCN1C=C(C(=O)C2=CC(=C(N=C21)N3CCNCC3)F)C(=O)O
Salicylamide,Enoxacin,Salicylamide may increase the neuroexcitatory activities of Enoxacin.,C1=CC=C(C(=C1)C(=O)N)O,CCN1C=C(C(=O)C2=CC(=C(N=C21)N3CCNCC3)F)C(=O)O
Loxoprofen,Enoxacin,Loxoprofen may increase the neuroexcitatory activities of Enoxacin.,CC(C1=CC=C(C=C1)CC2CCCC2=O)C(=O)O,CCN1C=C(C(=O)C2=CC(=C(N=C21)N3CCNCC3)F)C(=O)O
Zileuton,Enoxacin,Zileuton may increase the neuroexcitatory activities of Enoxacin.,CC(C1=CC2=CC=CC=C2S1)N(C(=O)N)O,CCN1C=C(C(=O)C2=CC(=C(N=C21)N3CCNCC3)F)C(=O)O
Floctafenine,Enoxacin,Floctafenine may increase the neuroexcitatory activities of Enoxacin.,C1=CC=C(C(=C1)C(=O)OCC(CO)O)NC2=C3C=CC=C(C3=NC=C2)C(F)(F)F,CCN1C=C(C(=O)C2=CC(=C(N=C21)N3CCNCC3)F)C(=O)O
Ibuprofen,Enoxacin,Ibuprofen may increase the neuroexcitatory activities of Enoxacin.,CC(C)CC1=CC=C(C=C1)C(C)C(=O)O,CCN1C=C(C(=O)C2=CC(=C(N=C21)N3CCNCC3)F)C(=O)O
Etofenamate,Enoxacin,Etofenamate may increase the neuroexcitatory activities of Enoxacin.,C1=CC=C(C(=C1)C(=O)OCCOCCO)NC2=CC=CC(=C2)C(F)(F)F,CCN1C=C(C(=O)C2=CC(=C(N=C21)N3CCNCC3)F)C(=O)O
Diclofenac,Enoxacin,Diclofenac may increase the neuroexcitatory activities of Enoxacin.,C1=CC=C(C(=C1)CC(=O)O)NC2=C(C=CC=C2Cl)Cl,CCN1C=C(C(=O)C2=CC(=C(N=C21)N3CCNCC3)F)C(=O)O
Nepafenac,Enoxacin,Nepafenac may increase the neuroexcitatory activities of Enoxacin.,C1=CC=C(C=C1)C(=O)C2=CC=CC(=C2N)CC(=O)N,CCN1C=C(C(=O)C2=CC(=C(N=C21)N3CCNCC3)F)C(=O)O
Sulfasalazine,Enoxacin,Sulfasalazine may increase the neuroexcitatory activities of Enoxacin.,C1=CC=NC(=C1)NS(=O)(=O)C2=CC=C(C=C2)N=NC3=CC(=C(C=C3)O)C(=O)O,CCN1C=C(C(=O)C2=CC(=C(N=C21)N3CCNCC3)F)C(=O)O
Benzydamine,Enoxacin,Benzydamine may increase the neuroexcitatory activities of Enoxacin.,CN(C)CCCOC1=NN(C2=CC=CC=C21)CC3=CC=CC=C3,CCN1C=C(C(=O)C2=CC(=C(N=C21)N3CCNCC3)F)C(=O)O
Ketoprofen,Enoxacin,Ketoprofen may increase the neuroexcitatory activities of Enoxacin.,CC(C1=CC(=CC=C1)C(=O)C2=CC=CC=C2)C(=O)O,CCN1C=C(C(=O)C2=CC(=C(N=C21)N3CCNCC3)F)C(=O)O
Mefenamic acid,Enoxacin,Mefenamic acid may increase the neuroexcitatory activities of Enoxacin.,CC1=C(C(=CC=C1)NC2=CC=CC=C2C(=O)O)C,CCN1C=C(C(=O)C2=CC(=C(N=C21)N3CCNCC3)F)C(=O)O
Adapalene,Enoxacin,Adapalene may increase the neuroexcitatory activities of Enoxacin.,COC1=C(C=C(C=C1)C2=CC3=C(C=C2)C=C(C=C3)C(=O)O)C45CC6CC(C4)CC(C6)C5,CCN1C=C(C(=O)C2=CC(=C(N=C21)N3CCNCC3)F)C(=O)O
Magnesium salicylate,Enoxacin,The serum concentration of Enoxacin can be decreased when it is combined with Magnesium salicylate.,C1=CC=C(C(=C1)C(=O)O)[O-].C1=CC=C(C(=C1)C(=O)O)[O-].[Mg+2],CCN1C=C(C(=O)C2=CC(=C(N=C21)N3CCNCC3)F)C(=O)O
Quinapril,Enoxacin,The serum concentration of Enoxacin can be decreased when it is combined with Quinapril.,CCOC(=O)C(CCC1=CC=CC=C1)NC(C)C(=O)N2CC3=CC=CC=C3CC2C(=O)O,CCN1C=C(C(=O)C2=CC(=C(N=C21)N3CCNCC3)F)C(=O)O
Theophylline,Enoxacin,The metabolism of Enoxacin can be decreased when combined with Theophylline.,CN1C2=C(C(=O)N(C1=O)C)NC=N2,CCN1C=C(C(=O)C2=CC(=C(N=C21)N3CCNCC3)F)C(=O)O
Dyphylline,Enoxacin,The metabolism of Enoxacin can be decreased when combined with Dyphylline.,CN1C2=C(C(=O)N(C1=O)C)N(C=N2)CC(CO)O,CCN1C=C(C(=O)C2=CC(=C(N=C21)N3CCNCC3)F)C(=O)O
Aminophylline,Enoxacin,The metabolism of Enoxacin can be decreased when combined with Aminophylline.,CN1C2=C(C(=O)N(C1=O)C)NC=N2.CN1C2=C(C(=O)N(C1=O)C)NC=N2.C(CN)N,CCN1C=C(C(=O)C2=CC(=C(N=C21)N3CCNCC3)F)C(=O)O
Varenicline,Enoxacin,The serum concentration of Enoxacin can be increased when it is combined with Varenicline.,C1C2CNCC1C3=CC4=NC=CN=C4C=C23,CCN1C=C(C(=O)C2=CC(=C(N=C21)N3CCNCC3)F)C(=O)O
Iron,Enoxacin,The serum concentration of Enoxacin can be decreased when it is combined with Iron.,[Fe],CCN1C=C(C(=O)C2=CC(=C(N=C21)N3CCNCC3)F)C(=O)O
Ferric pyrophosphate,Enoxacin,The serum concentration of Enoxacin can be decreased when it is combined with Ferric pyrophosphate.,[O-]P(=O)([O-])OP(=O)([O-])[O-].[O-]P(=O)([O-])OP(=O)([O-])[O-].[O-]P(=O)([O-])OP(=O)([O-])[O-].[Fe+3].[Fe+3].[Fe+3].[Fe+3],CCN1C=C(C(=O)C2=CC(=C(N=C21)N3CCNCC3)F)C(=O)O
Lanthanum carbonate,Enoxacin,The serum concentration of Enoxacin can be decreased when it is combined with Lanthanum carbonate.,C(=O)([O-])[O-].C(=O)([O-])[O-].C(=O)([O-])[O-].[La+3].[La+3],CCN1C=C(C(=O)C2=CC(=C(N=C21)N3CCNCC3)F)C(=O)O
Strontium ranelate,Enoxacin,The serum concentration of Enoxacin can be decreased when it is combined with Strontium ranelate.,C(C1=C(SC(=C1C#N)N(CC(=O)[O-])CC(=O)[O-])C(=O)[O-])C(=O)[O-].[Sr+2].[Sr+2],CCN1C=C(C(=O)C2=CC(=C(N=C21)N3CCNCC3)F)C(=O)O
Tiaprofenic acid,Fleroxacin,Tiaprofenic acid may increase the neuroexcitatory activities of Fleroxacin.,CC(C1=CC=C(S1)C(=O)C2=CC=CC=C2)C(=O)O,CN1CCN(CC1)C2=C(C=C3C(=C2F)N(C=C(C3=O)C(=O)O)CCF)F
Carprofen,Fleroxacin,Carprofen may increase the neuroexcitatory activities of Fleroxacin.,CC(C1=CC2=C(C=C1)C3=C(N2)C=CC(=C3)Cl)C(=O)O,CN1CCN(CC1)C2=C(C=C3C(=C2F)N(C=C(C3=O)C(=O)O)CCF)F
Cyclophosphamide,Fleroxacin,Cyclophosphamide may increase the cardiotoxic activities of Fleroxacin.,C1CNP(=O)(OC1)N(CCCl)CCCl,CN1CCN(CC1)C2=C(C=C3C(=C2F)N(C=C(C3=O)C(=O)O)CCF)F
Paclitaxel,Fleroxacin,The risk or severity of adverse effects can be increased when Paclitaxel is combined with Fleroxacin.,CC1=C2C(C(=O)C3(C(CC4C(C3C(C(C2(C)C)(CC1OC(=O)C(C(C5=CC=CC=C5)NC(=O)C6=CC=CC=C6)O)O)OC(=O)C7=CC=CC=C7)(CO4)OC(=O)C)O)C)OC(=O)C,CN1CCN(CC1)C2=C(C=C3C(=C2F)N(C=C(C3=O)C(=O)O)CCF)F
Docetaxel,Fleroxacin,The risk or severity of adverse effects can be increased when Docetaxel is combined with Fleroxacin.,CC1=C2C(C(=O)C3(C(CC4C(C3C(C(C2(C)C)(CC1OC(=O)C(C(C5=CC=CC=C5)NC(=O)OC(C)(C)C)O)O)OC(=O)C6=CC=CC=C6)(CO4)OC(=O)C)O)C)O,CN1CCN(CC1)C2=C(C=C3C(=C2F)N(C=C(C3=O)C(=O)O)CCF)F
Cabazitaxel,Fleroxacin,The risk or severity of adverse effects can be increased when Cabazitaxel is combined with Fleroxacin.,CC1=C2C(C(=O)C3(C(CC4C(C3C(C(C2(C)C)(CC1OC(=O)C(C(C5=CC=CC=C5)NC(=O)OC(C)(C)C)O)O)OC(=O)C6=CC=CC=C6)(CO4)OC(=O)C)OC)C)OC,CN1CCN(CC1)C2=C(C=C3C(=C2F)N(C=C(C3=O)C(=O)O)CCF)F
Acarbose,Fleroxacin,Acarbose may increase the hypoglycemic activities of Fleroxacin.,CC1C(C(C(C(O1)OC2C(OC(C(C2O)O)OC(C(CO)O)C(C(C=O)O)O)CO)O)O)NC3C=C(C(C(C3O)O)O)CO,CN1CCN(CC1)C2=C(C=C3C(=C2F)N(C=C(C3=O)C(=O)O)CCF)F
Sunitinib,Fleroxacin,Sunitinib may increase the hypoglycemic activities of Fleroxacin.,CCN(CC)CCNC(=O)C1=C(NC(=C1C)C=C2C3=C(C=CC(=C3)F)NC2=O)C,CN1CCN(CC1)C2=C(C=C3C(=C2F)N(C=C(C3=O)C(=O)O)CCF)F
Prednisolone,Fleroxacin,The risk or severity of adverse effects can be increased when Prednisolone is combined with Fleroxacin.,CC12CC(C3C(C1CCC2(C(=O)CO)O)CCC4=CC(=O)C=CC34C)O,CN1CCN(CC1)C2=C(C=C3C(=C2F)N(C=C(C3=O)C(=O)O)CCF)F
Dexamethasone,Fleroxacin,The risk or severity of adverse effects can be increased when Dexamethasone is combined with Fleroxacin.,CC1CC2C3CCC4=CC(=O)C=CC4(C3(C(CC2(C1(C(=O)CO)O)C)O)F)C,CN1CCN(CC1)C2=C(C=C3C(=C2F)N(C=C(C3=O)C(=O)O)CCF)F
Prednisone,Fleroxacin,The risk or severity of adverse effects can be increased when Prednisone is combined with Fleroxacin.,CC12CC(=O)C3C(C1CCC2(C(=O)CO)O)CCC4=CC(=O)C=CC34C,CN1CCN(CC1)C2=C(C=C3C(=C2F)N(C=C(C3=O)C(=O)O)CCF)F
Methylprednisolone,Fleroxacin,The risk or severity of adverse effects can be increased when Methylprednisolone is combined with Fleroxacin.,CC1CC2C3CCC(C3(CC(C2C4(C1=CC(=O)C=C4)C)O)C)(C(=O)CO)O,CN1CCN(CC1)C2=C(C=C3C(=C2F)N(C=C(C3=O)C(=O)O)CCF)F
Formestane,Fleroxacin,The risk or severity of adverse effects can be increased when Formestane is combined with Fleroxacin.,CC12CCC(=O)C(=C1CCC3C2CCC4(C3CCC4=O)C)O,CN1CCN(CC1)C2=C(C=C3C(=C2F)N(C=C(C3=O)C(=O)O)CCF)F
Mesalazine,Fleroxacin,Mesalazine may increase the neuroexcitatory activities of Fleroxacin.,C1=CC(=C(C=C1N)C(=O)O)O,CN1CCN(CC1)C2=C(C=C3C(=C2F)N(C=C(C3=O)C(=O)O)CCF)F
Balsalazide,Fleroxacin,Balsalazide may increase the neuroexcitatory activities of Fleroxacin.,C1=CC(=CC=C1C(=O)NCCC(=O)O)N=NC2=CC(=C(C=C2)O)C(=O)O,CN1CCN(CC1)C2=C(C=C3C(=C2F)N(C=C(C3=O)C(=O)O)CCF)F
Olsalazine,Fleroxacin,Olsalazine may increase the neuroexcitatory activities of Fleroxacin.,C1=CC(=C(C=C1N=NC2=CC(=C(C=C2)O)C(=O)O)C(=O)O)O,CN1CCN(CC1)C2=C(C=C3C(=C2F)N(C=C(C3=O)C(=O)O)CCF)F
Resveratrol,Fleroxacin,Resveratrol may increase the neuroexcitatory activities of Fleroxacin.,C1=CC(=CC=C1C=CC2=CC(=CC(=C2)O)O)O,CN1CCN(CC1)C2=C(C=C3C(=C2F)N(C=C(C3=O)C(=O)O)CCF)F
Masoprocol,Fleroxacin,Masoprocol may increase the neuroexcitatory activities of Fleroxacin.,CC(CC1=CC(=C(C=C1)O)O)C(C)CC2=CC(=C(C=C2)O)O,CN1CCN(CC1)C2=C(C=C3C(=C2F)N(C=C(C3=O)C(=O)O)CCF)F
Sulindac,Fleroxacin,Sulindac may increase the neuroexcitatory activities of Fleroxacin.,CC1=C(C2=C(C1=CC3=CC=C(C=C3)S(=O)C)C=CC(=C2)F)CC(=O)O,CN1CCN(CC1)C2=C(C=C3C(=C2F)N(C=C(C3=O)C(=O)O)CCF)F
Pirfenidone,Fleroxacin,Pirfenidone may increase the neuroexcitatory activities of Fleroxacin.,CC1=CN(C(=O)C=C1)C2=CC=CC=C2,CN1CCN(CC1)C2=C(C=C3C(=C2F)N(C=C(C3=O)C(=O)O)CCF)F
Mycophenolate mofetil,Fleroxacin,Mycophenolate mofetil may increase the neuroexcitatory activities of Fleroxacin.,CC1=C2COC(=O)C2=C(C(=C1OC)CC=C(C)CCC(=O)OCCN3CCOCC3)O,CN1CCN(CC1)C2=C(C=C3C(=C2F)N(C=C(C3=O)C(=O)O)CCF)F
Leflunomide,Fleroxacin,Leflunomide may increase the neuroexcitatory activities of Fleroxacin.,CC1=C(C=NO1)C(=O)NC2=CC=C(C=C2)C(F)(F)F,CN1CCN(CC1)C2=C(C=C3C(=C2F)N(C=C(C3=O)C(=O)O)CCF)F
Vemurafenib,Fleroxacin,The risk or severity of QTc prolongation can be increased when Vemurafenib is combined with Fleroxacin.,CCCS(=O)(=O)NC1=C(C(=C(C=C1)F)C(=O)C2=CNC3=C2C=C(C=N3)C4=CC=C(C=C4)Cl)F,CN1CCN(CC1)C2=C(C=C3C(=C2F)N(C=C(C3=O)C(=O)O)CCF)F
Warfarin,Fleroxacin,Warfarin may increase the anticoagulant activities of Fleroxacin.,CC(=O)CC(C1=CC=CC=C1)C2=C(C3=CC=CC=C3OC2=O)O,CN1CCN(CC1)C2=C(C=C3C(=C2F)N(C=C(C3=O)C(=O)O)CCF)F
Phenprocoumon,Fleroxacin,Phenprocoumon may increase the anticoagulant activities of Fleroxacin.,CCC(C1=CC=CC=C1)C2=C(C3=CC=CC=C3OC2=O)O,CN1CCN(CC1)C2=C(C=C3C(=C2F)N(C=C(C3=O)C(=O)O)CCF)F
Phenindione,Fleroxacin,Phenindione may increase the anticoagulant activities of Fleroxacin.,C1=CC=C(C=C1)C2C(=O)C3=CC=CC=C3C2=O,CN1CCN(CC1)C2=C(C=C3C(=C2F)N(C=C(C3=O)C(=O)O)CCF)F
Acenocoumarol,Fleroxacin,Acenocoumarol may increase the anticoagulant activities of Fleroxacin.,CC(=O)CC(C1=CC=C(C=C1)[N+](=O)[O-])C2=C(C3=CC=CC=C3OC2=O)O,CN1CCN(CC1)C2=C(C=C3C(=C2F)N(C=C(C3=O)C(=O)O)CCF)F
Dicoumarol,Fleroxacin,Dicoumarol may increase the anticoagulant activities of Fleroxacin.,C1=CC=C2C(=C1)C(=C(C(=O)O2)CC3=C(C4=CC=CC=C4OC3=O)O)O,CN1CCN(CC1)C2=C(C=C3C(=C2F)N(C=C(C3=O)C(=O)O)CCF)F
Nafamostat,Fleroxacin,Nafamostat may increase the neuroexcitatory activities of Fleroxacin.,C1=CC(=CC=C1C(=O)OC2=CC3=C(C=C2)C=C(C=C3)C(=N)N)N=C(N)N,CN1CCN(CC1)C2=C(C=C3C(=C2F)N(C=C(C3=O)C(=O)O)CCF)F
Rosiglitazone,Fleroxacin,Rosiglitazone may increase the hypoglycemic activities of Fleroxacin.,CN(CCOC1=CC=C(C=C1)CC2C(=O)NC(=O)S2)C3=CC=CC=N3,CN1CCN(CC1)C2=C(C=C3C(=C2F)N(C=C(C3=O)C(=O)O)CCF)F
Nimesulide,Fleroxacin,Nimesulide may increase the neuroexcitatory activities of Fleroxacin.,CS(=O)(=O)NC1=C(C=C(C=C1)[N+](=O)[O-])OC2=CC=CC=C2,CN1CCN(CC1)C2=C(C=C3C(=C2F)N(C=C(C3=O)C(=O)O)CCF)F
Acetylsalicylic acid,Fleroxacin,Acetylsalicylic acid may increase the neuroexcitatory activities of Fleroxacin.,CC(=O)OC1=CC=CC=C1C(=O)O,CN1CCN(CC1)C2=C(C=C3C(=C2F)N(C=C(C3=O)C(=O)O)CCF)F
Diflunisal,Fleroxacin,Diflunisal may increase the neuroexcitatory activities of Fleroxacin.,C1=CC(=C(C=C1C2=C(C=C(C=C2)F)F)C(=O)O)O,CN1CCN(CC1)C2=C(C=C3C(=C2F)N(C=C(C3=O)C(=O)O)CCF)F
Azelastine,Fleroxacin,Azelastine may increase the neuroexcitatory activities of Fleroxacin.,CN1CCCC(CC1)N2C(=O)C3=CC=CC=C3C(=N2)CC4=CC=C(C=C4)Cl,CN1CCN(CC1)C2=C(C=C3C(=C2F)N(C=C(C3=O)C(=O)O)CCF)F
Tranilast,Fleroxacin,Tranilast may increase the neuroexcitatory activities of Fleroxacin.,COC1=C(C=C(C=C1)C=CC(=O)NC2=CC=CC=C2C(=O)O)OC,CN1CCN(CC1)C2=C(C=C3C(=C2F)N(C=C(C3=O)C(=O)O)CCF)F
Sulfisoxazole,Fleroxacin,Sulfisoxazole may increase the hypoglycemic activities of Fleroxacin.,CC1=C(ON=C1C)NS(=O)(=O)C2=CC=C(C=C2)N,CN1CCN(CC1)C2=C(C=C3C(=C2F)N(C=C(C3=O)C(=O)O)CCF)F
Chlorpropamide,Fleroxacin,Chlorpropamide may increase the hypoglycemic activities of Fleroxacin.,CCCNC(=O)NS(=O)(=O)C1=CC=C(C=C1)Cl,CN1CCN(CC1)C2=C(C=C3C(=C2F)N(C=C(C3=O)C(=O)O)CCF)F
Canagliflozin,Fleroxacin,Canagliflozin may increase the hypoglycemic activities of Fleroxacin.,CC1=C(C=C(C=C1)C2C(C(C(C(O2)CO)O)O)O)CC3=CC=C(S3)C4=CC=C(C=C4)F,CN1CCN(CC1)C2=C(C=C3C(=C2F)N(C=C(C3=O)C(=O)O)CCF)F
Pentamidine,Fleroxacin,Pentamidine may increase the hypoglycemic activities of Fleroxacin.,C1=CC(=CC=C1C(=N)N)OCCCCCOC2=CC=C(C=C2)C(=N)N,CN1CCN(CC1)C2=C(C=C3C(=C2F)N(C=C(C3=O)C(=O)O)CCF)F
Glipizide,Fleroxacin,Glipizide may increase the hypoglycemic activities of Fleroxacin.,CC1=CN=C(C=N1)C(=O)NCCC2=CC=C(C=C2)S(=O)(=O)NC(=O)NC3CCCCC3,CN1CCN(CC1)C2=C(C=C3C(=C2F)N(C=C(C3=O)C(=O)O)CCF)F
Disopyramide,Fleroxacin,Disopyramide may increase the hypoglycemic activities of Fleroxacin.,CC(C)N(CCC(C1=CC=CC=C1)(C2=CC=CC=N2)C(=O)N)C(C)C,CN1CCN(CC1)C2=C(C=C3C(=C2F)N(C=C(C3=O)C(=O)O)CCF)F
Tolbutamide,Fleroxacin,Tolbutamide may increase the hypoglycemic activities of Fleroxacin.,CCCCNC(=O)NS(=O)(=O)C1=CC=C(C=C1)C,CN1CCN(CC1)C2=C(C=C3C(=C2F)N(C=C(C3=O)C(=O)O)CCF)F
Miglitol,Fleroxacin,Miglitol may increase the hypoglycemic activities of Fleroxacin.,C1C(C(C(C(N1CCO)CO)O)O)O,CN1CCN(CC1)C2=C(C=C3C(=C2F)N(C=C(C3=O)C(=O)O)CCF)F
Sulfamethoxazole,Fleroxacin,Sulfamethoxazole may increase the hypoglycemic activities of Fleroxacin.,CC1=CC(=NO1)NS(=O)(=O)C2=CC=C(C=C2)N,CN1CCN(CC1)C2=C(C=C3C(=C2F)N(C=C(C3=O)C(=O)O)CCF)F
Sitagliptin,Fleroxacin,Sitagliptin may increase the hypoglycemic activities of Fleroxacin.,C1CN2C(=NN=C2C(F)(F)F)CN1C(=O)CC(CC3=CC(=C(C=C3F)F)F)N,CN1CCN(CC1)C2=C(C=C3C(=C2F)N(C=C(C3=O)C(=O)O)CCF)F
Dapagliflozin,Fleroxacin,Dapagliflozin may increase the hypoglycemic activities of Fleroxacin.,CCOC1=CC=C(C=C1)CC2=C(C=CC(=C2)C3C(C(C(C(O3)CO)O)O)O)Cl,CN1CCN(CC1)C2=C(C=C3C(=C2F)N(C=C(C3=O)C(=O)O)CCF)F
Alogliptin,Fleroxacin,Alogliptin may increase the hypoglycemic activities of Fleroxacin.,CN1C(=O)C=C(N(C1=O)CC2=CC=CC=C2C#N)N3CCCC(C3)N,CN1CCN(CC1)C2=C(C=C3C(=C2F)N(C=C(C3=O)C(=O)O)CCF)F
Saxagliptin,Fleroxacin,Saxagliptin may increase the hypoglycemic activities of Fleroxacin.,C1C2CC2N(C1C#N)C(=O)C(C34CC5CC(C3)CC(C5)(C4)O)N,CN1CCN(CC1)C2=C(C=C3C(=C2F)N(C=C(C3=O)C(=O)O)CCF)F
Sulfadiazine,Fleroxacin,Sulfadiazine may increase the hypoglycemic activities of Fleroxacin.,C1=CN=C(N=C1)NS(=O)(=O)C2=CC=C(C=C2)N,CN1CCN(CC1)C2=C(C=C3C(=C2F)N(C=C(C3=O)C(=O)O)CCF)F
Nateglinide,Fleroxacin,Nateglinide may increase the hypoglycemic activities of Fleroxacin.,CC(C)C1CCC(CC1)C(=O)NC(CC2=CC=CC=C2)C(=O)O,CN1CCN(CC1)C2=C(C=C3C(=C2F)N(C=C(C3=O)C(=O)O)CCF)F
Gliclazide,Fleroxacin,Gliclazide may increase the hypoglycemic activities of Fleroxacin.,CC1=CC=C(C=C1)S(=O)(=O)NC(=O)NN2CC3CCCC3C2,CN1CCN(CC1)C2=C(C=C3C(=C2F)N(C=C(C3=O)C(=O)O)CCF)F
Pioglitazone,Fleroxacin,Pioglitazone may increase the hypoglycemic activities of Fleroxacin.,CCC1=CN=C(C=C1)CCOC2=CC=C(C=C2)CC3C(=O)NC(=O)S3,CN1CCN(CC1)C2=C(C=C3C(=C2F)N(C=C(C3=O)C(=O)O)CCF)F
Mifepristone,Fleroxacin,Mifepristone may increase the hypoglycemic activities of Fleroxacin.,CC#CC1(CCC2C1(CC(C3=C4CCC(=O)C=C4CCC23)C5=CC=C(C=C5)N(C)C)C)O,CN1CCN(CC1)C2=C(C=C3C(=C2F)N(C=C(C3=O)C(=O)O)CCF)F
Quinine,Fleroxacin,Quinine may increase the hypoglycemic activities of Fleroxacin.,COC1=CC2=C(C=CN=C2C=C1)C(C3CC4CCN3CC4C=C)O,CN1CCN(CC1)C2=C(C=C3C(=C2F)N(C=C(C3=O)C(=O)O)CCF)F
Metformin,Fleroxacin,Metformin may increase the hypoglycemic activities of Fleroxacin.,CN(C)C(=N)N=C(N)N,CN1CCN(CC1)C2=C(C=C3C(=C2F)N(C=C(C3=O)C(=O)O)CCF)F
Tolazamide,Fleroxacin,Tolazamide may increase the hypoglycemic activities of Fleroxacin.,CC1=CC=C(C=C1)S(=O)(=O)NC(=O)NN2CCCCCC2,CN1CCN(CC1)C2=C(C=C3C(=C2F)N(C=C(C3=O)C(=O)O)CCF)F
Glimepiride,Fleroxacin,Glimepiride may increase the hypoglycemic activities of Fleroxacin.,CCC1=C(CN(C1=O)C(=O)NCCC2=CC=C(C=C2)S(=O)(=O)NC(=O)NC3CCC(CC3)C)C,CN1CCN(CC1)C2=C(C=C3C(=C2F)N(C=C(C3=O)C(=O)O)CCF)F
Empagliflozin,Fleroxacin,Empagliflozin may increase the hypoglycemic activities of Fleroxacin.,C1COCC1OC2=CC=C(C=C2)CC3=C(C=CC(=C3)C4C(C(C(C(O4)CO)O)O)O)Cl,CN1CCN(CC1)C2=C(C=C3C(=C2F)N(C=C(C3=O)C(=O)O)CCF)F
Repaglinide,Fleroxacin,Repaglinide may increase the hypoglycemic activities of Fleroxacin.,CCOC1=C(C=CC(=C1)CC(=O)NC(CC(C)C)C2=CC=CC=C2N3CCCCC3)C(=O)O,CN1CCN(CC1)C2=C(C=C3C(=C2F)N(C=C(C3=O)C(=O)O)CCF)F
Glyburide,Fleroxacin,Glyburide may increase the hypoglycemic activities of Fleroxacin.,COC1=C(C=C(C=C1)Cl)C(=O)NCCC2=CC=C(C=C2)S(=O)(=O)NC(=O)NC3CCCCC3,CN1CCN(CC1)C2=C(C=C3C(=C2F)N(C=C(C3=O)C(=O)O)CCF)F
Bromocriptine,Fleroxacin,Bromocriptine may increase the hypoglycemic activities of Fleroxacin.,CC(C)CC1C(=O)N2CCCC2C3(N1C(=O)C(O3)(C(C)C)NC(=O)C4CN(C5CC6=C(NC7=CC=CC(=C67)C5=C4)Br)C)O,CN1CCN(CC1)C2=C(C=C3C(=C2F)N(C=C(C3=O)C(=O)O)CCF)F
Seratrodast,Fleroxacin,Seratrodast may increase the neuroexcitatory activities of Fleroxacin.,CC1=C(C(=O)C(=C(C1=O)C)C(CCCCCC(=O)O)C2=CC=CC=C2)C,CN1CCN(CC1)C2=C(C=C3C(=C2F)N(C=C(C3=O)C(=O)O)CCF)F
Chloroquine,Fleroxacin,Chloroquine may increase the neuroexcitatory activities of Fleroxacin.,CCN(CC)CCCC(C)NC1=C2C=CC(=CC2=NC=C1)Cl,CN1CCN(CC1)C2=C(C=C3C(=C2F)N(C=C(C3=O)C(=O)O)CCF)F
Celecoxib,Fleroxacin,Celecoxib may increase the neuroexcitatory activities of Fleroxacin.,CC1=CC=C(C=C1)C2=CC(=NN2C3=CC=C(C=C3)S(=O)(=O)N)C(F)(F)F,CN1CCN(CC1)C2=C(C=C3C(=C2F)N(C=C(C3=O)C(=O)O)CCF)F
Salicylic acid,Fleroxacin,Salicylic acid may increase the neuroexcitatory activities of Fleroxacin.,C1=CC=C(C(=C1)C(=O)O)O,CN1CCN(CC1)C2=C(C=C3C(=C2F)N(C=C(C3=O)C(=O)O)CCF)F
Naftifine,Fleroxacin,Naftifine may increase the neuroexcitatory activities of Fleroxacin.,CN(CC=CC1=CC=CC=C1)CC2=CC=CC3=CC=CC=C32,CN1CCN(CC1)C2=C(C=C3C(=C2F)N(C=C(C3=O)C(=O)O)CCF)F
Fluticasone propionate,Fleroxacin,The risk or severity of adverse effects can be increased when Fluticasone propionate is combined with Fleroxacin.,CCC(=O)OC1(C(CC2C1(CC(C3(C2CC(C4=CC(=O)C=CC43C)F)F)O)C)C)C(=O)SCF,CN1CCN(CC1)C2=C(C=C3C(=C2F)N(C=C(C3=O)C(=O)O)CCF)F
Magnesium sulfate,Fleroxacin,The serum concentration of Fleroxacin can be decreased when it is combined with Magnesium sulfate.,[O-]S(=O)(=O)[O-].[Mg+2],CN1CCN(CC1)C2=C(C=C3C(=C2F)N(C=C(C3=O)C(=O)O)CCF)F
Olopatadine,Fleroxacin,Olopatadine may increase the neuroexcitatory activities of Fleroxacin.,CN(C)CCC=C1C2=CC=CC=C2COC3=C1C=C(C=C3)CC(=O)O,CN1CCN(CC1)C2=C(C=C3C(=C2F)N(C=C(C3=O)C(=O)O)CCF)F
Fluticasone furoate,Fleroxacin,The risk or severity of adverse effects can be increased when Fluticasone furoate is combined with Fleroxacin.,CC1CC2C3CC(C4=CC(=O)C=CC4(C3(C(CC2(C1(C(=O)SCF)OC(=O)C5=CC=CO5)C)O)F)C)F,CN1CCN(CC1)C2=C(C=C3C(=C2F)N(C=C(C3=O)C(=O)O)CCF)F
Prasterone,Fleroxacin,The risk or severity of adverse effects can be increased when Prasterone is combined with Fleroxacin.,CC12CCC3C(C1CCC2=O)CC=C4C3(CCC(C4)O)C,CN1CCN(CC1)C2=C(C=C3C(=C2F)N(C=C(C3=O)C(=O)O)CCF)F
Diflorasone,Fleroxacin,The risk or severity of adverse effects can be increased when Diflorasone is combined with Fleroxacin.,CC1CC2C3CC(C4=CC(=O)C=CC4(C3(C(CC2(C1(C(=O)CO)O)C)O)F)C)F,CN1CCN(CC1)C2=C(C=C3C(=C2F)N(C=C(C3=O)C(=O)O)CCF)F
Flumethasone,Fleroxacin,The risk or severity of adverse effects can be increased when Flumethasone is combined with Fleroxacin.,CC1CC2C3CC(C4=CC(=O)C=CC4(C3(C(CC2(C1(C(=O)CO)O)C)O)F)C)F,CN1CCN(CC1)C2=C(C=C3C(=C2F)N(C=C(C3=O)C(=O)O)CCF)F
Desoximetasone,Fleroxacin,The risk or severity of adverse effects can be increased when Desoximetasone is combined with Fleroxacin.,CC1CC2C3CCC4=CC(=O)C=CC4(C3(C(CC2(C1C(=O)CO)C)O)F)C,CN1CCN(CC1)C2=C(C=C3C(=C2F)N(C=C(C3=O)C(=O)O)CCF)F
Mometasone,Fleroxacin,The risk or severity of adverse effects can be increased when Mometasone is combined with Fleroxacin.,CC1CC2C3CCC4=CC(=O)C=CC4(C3(C(CC2(C1(C(=O)CCl)O)C)O)Cl)C,CN1CCN(CC1)C2=C(C=C3C(=C2F)N(C=C(C3=O)C(=O)O)CCF)F
Clobetasol propionate,Fleroxacin,The risk or severity of adverse effects can be increased when Clobetasol propionate is combined with Fleroxacin.,CCC(=O)OC1(C(CC2C1(CC(C3(C2CCC4=CC(=O)C=CC43C)F)O)C)C)C(=O)CCl,CN1CCN(CC1)C2=C(C=C3C(=C2F)N(C=C(C3=O)C(=O)O)CCF)F
Estrone,Fleroxacin,The risk or severity of adverse effects can be increased when Estrone is combined with Fleroxacin.,CC12CCC3C(C1CCC2=O)CCC4=C3C=CC(=C4)O,CN1CCN(CC1)C2=C(C=C3C(=C2F)N(C=C(C3=O)C(=O)O)CCF)F
Difluprednate,Fleroxacin,The risk or severity of adverse effects can be increased when Difluprednate is combined with Fleroxacin.,CCCC(=O)OC1(CCC2C1(CC(C3(C2CC(C4=CC(=O)C=CC43C)F)F)O)C)C(=O)COC(=O)C,CN1CCN(CC1)C2=C(C=C3C(=C2F)N(C=C(C3=O)C(=O)O)CCF)F
Fluprednidene,Fleroxacin,The risk or severity of adverse effects can be increased when Fluprednidene is combined with Fleroxacin.,CC12CC(C3(C(C1CC(=C)C2(C(=O)CO)O)CCC4=CC(=O)C=CC43C)F)O,CN1CCN(CC1)C2=C(C=C3C(=C2F)N(C=C(C3=O)C(=O)O)CCF)F
Beclomethasone dipropionate,Fleroxacin,The risk or severity of adverse effects can be increased when Beclomethasone dipropionate is combined with Fleroxacin.,CCC(=O)OCC(=O)C1(C(CC2C1(CC(C3(C2CCC4=CC(=O)C=CC43C)Cl)O)C)C)OC(=O)CC,CN1CCN(CC1)C2=C(C=C3C(=C2F)N(C=C(C3=O)C(=O)O)CCF)F
Tixocortol,Fleroxacin,The risk or severity of adverse effects can be increased when Tixocortol is combined with Fleroxacin.,CC12CCC(=O)C=C1CCC3C2C(CC4(C3CCC4(C(=O)CS)O)C)O,CN1CCN(CC1)C2=C(C=C3C(=C2F)N(C=C(C3=O)C(=O)O)CCF)F
Fluocinonide,Fleroxacin,The risk or severity of adverse effects can be increased when Fluocinonide is combined with Fleroxacin.,CC(=O)OCC(=O)C12C(CC3C1(CC(C4(C3CC(C5=CC(=O)C=CC54C)F)F)O)C)OC(O2)(C)C,CN1CCN(CC1)C2=C(C=C3C(=C2F)N(C=C(C3=O)C(=O)O)CCF)F
Ciclesonide,Fleroxacin,The risk or severity of adverse effects can be increased when Ciclesonide is combined with Fleroxacin.,CC(C)C(=O)OCC(=O)C12C(CC3C1(CC(C4C3CCC5=CC(=O)C=CC45C)O)C)OC(O2)C6CCCCC6,CN1CCN(CC1)C2=C(C=C3C(=C2F)N(C=C(C3=O)C(=O)O)CCF)F
Cortisone acetate,Fleroxacin,The risk or severity of adverse effects can be increased when Cortisone acetate is combined with Fleroxacin.,CC(=O)OCC(=O)C1(CCC2C1(CC(=O)C3C2CCC4=CC(=O)CCC34C)C)O,CN1CCN(CC1)C2=C(C=C3C(=C2F)N(C=C(C3=O)C(=O)O)CCF)F
Alclometasone,Fleroxacin,The risk or severity of adverse effects can be increased when Alclometasone is combined with Fleroxacin.,CC1CC2C3C(CC4=CC(=O)C=CC4(C3C(CC2(C1(C(=O)CO)O)C)O)C)Cl,CN1CCN(CC1)C2=C(C=C3C(=C2F)N(C=C(C3=O)C(=O)O)CCF)F
Fludrocortisone,Fleroxacin,The risk or severity of adverse effects can be increased when Fludrocortisone is combined with Fleroxacin.,CC12CCC(=O)C=C1CCC3C2(C(CC4(C3CCC4(C(=O)CO)O)C)O)F,CN1CCN(CC1)C2=C(C=C3C(=C2F)N(C=C(C3=O)C(=O)O)CCF)F
Flunisolide,Fleroxacin,The risk or severity of adverse effects can be increased when Flunisolide is combined with Fleroxacin.,CC1(OC2CC3C4CC(C5=CC(=O)C=CC5(C4C(CC3(C2(O1)C(=O)CO)C)O)C)F)C,CN1CCN(CC1)C2=C(C=C3C(=C2F)N(C=C(C3=O)C(=O)O)CCF)F
Triamcinolone,Fleroxacin,The risk or severity of adverse effects can be increased when Triamcinolone is combined with Fleroxacin.,CC12CC(C3(C(C1CC(C2(C(=O)CO)O)O)CCC4=CC(=O)C=CC43C)F)O,CN1CCN(CC1)C2=C(C=C3C(=C2F)N(C=C(C3=O)C(=O)O)CCF)F
Fluocinolone acetonide,Fleroxacin,The risk or severity of adverse effects can be increased when Fluocinolone acetonide is combined with Fleroxacin.,CC1(OC2CC3C4CC(C5=CC(=O)C=CC5(C4(C(CC3(C2(O1)C(=O)CO)C)O)F)C)F)C,CN1CCN(CC1)C2=C(C=C3C(=C2F)N(C=C(C3=O)C(=O)O)CCF)F
Paramethasone,Fleroxacin,The risk or severity of adverse effects can be increased when Paramethasone is combined with Fleroxacin.,CC1CC2C3CC(C4=CC(=O)C=CC4(C3C(CC2(C1(C(=O)CO)O)C)O)C)F,CN1CCN(CC1)C2=C(C=C3C(=C2F)N(C=C(C3=O)C(=O)O)CCF)F
Prednicarbate,Fleroxacin,The risk or severity of adverse effects can be increased when Prednicarbate is combined with Fleroxacin.,CCC(=O)OCC(=O)C1(CCC2C1(CC(C3C2CCC4=CC(=O)C=CC34C)O)C)OC(=O)OCC,CN1CCN(CC1)C2=C(C=C3C(=C2F)N(C=C(C3=O)C(=O)O)CCF)F
Rimexolone,Fleroxacin,The risk or severity of adverse effects can be increased when Rimexolone is combined with Fleroxacin.,CCC(=O)C1(C(CC2C1(CC(C3C2CCC4=CC(=O)C=CC34C)O)C)C)C,CN1CCN(CC1)C2=C(C=C3C(=C2F)N(C=C(C3=O)C(=O)O)CCF)F
Betamethasone,Fleroxacin,The risk or severity of adverse effects can be increased when Betamethasone is combined with Fleroxacin.,CC1CC2C3CCC4=CC(=O)C=CC4(C3(C(CC2(C1(C(=O)CO)O)C)O)F)C,CN1CCN(CC1)C2=C(C=C3C(=C2F)N(C=C(C3=O)C(=O)O)CCF)F
Deflazacort,Fleroxacin,The risk or severity of adverse effects can be increased when Deflazacort is combined with Fleroxacin.,CC1=NC2(C(O1)CC3C2(CC(C4C3CCC5=CC(=O)C=CC45C)O)C)C(=O)COC(=O)C,CN1CCN(CC1)C2=C(C=C3C(=C2F)N(C=C(C3=O)C(=O)O)CCF)F
Desonide,Fleroxacin,The risk or severity of adverse effects can be increased when Desonide is combined with Fleroxacin.,CC1(OC2CC3C4CCC5=CC(=O)C=CC5(C4C(CC3(C2(O1)C(=O)CO)C)O)C)C,CN1CCN(CC1)C2=C(C=C3C(=C2F)N(C=C(C3=O)C(=O)O)CCF)F
Amcinonide,Fleroxacin,The risk or severity of adverse effects can be increased when Amcinonide is combined with Fleroxacin.,CC(=O)OCC(=O)C12C(CC3C1(CC(C4(C3CCC5=CC(=O)C=CC54C)F)O)C)OC6(O2)CCCC6,CN1CCN(CC1)C2=C(C=C3C(=C2F)N(C=C(C3=O)C(=O)O)CCF)F
Estrone sulfate,Fleroxacin,The risk or severity of adverse effects can be increased when Estrone sulfate is combined with Fleroxacin.,CC12CCC3C(C1CCC2=O)CCC4=C3C=CC(=C4)OS(=O)(=O)O,CN1CCN(CC1)C2=C(C=C3C(=C2F)N(C=C(C3=O)C(=O)O)CCF)F
Equilin,Fleroxacin,The risk or severity of adverse effects can be increased when Equilin is combined with Fleroxacin.,CC12CCC3C(=CCC4=C3C=CC(=C4)O)C1CCC2=O,CN1CCN(CC1)C2=C(C=C3C(=C2F)N(C=C(C3=O)C(=O)O)CCF)F
Ulobetasol,Fleroxacin,The risk or severity of adverse effects can be increased when Ulobetasol is combined with Fleroxacin.,CC1CC2C3CC(C4=CC(=O)C=CC4(C3(C(CC2(C1(C(=O)CCl)O)C)O)F)C)F,CN1CCN(CC1)C2=C(C=C3C(=C2F)N(C=C(C3=O)C(=O)O)CCF)F
Loteprednol,Fleroxacin,The risk or severity of adverse effects can be increased when Loteprednol is combined with Fleroxacin.,CC12CC(C3C(C1CCC2(C(=O)OCCl)O)CCC4=CC(=O)C=CC34C)O,CN1CCN(CC1)C2=C(C=C3C(=C2F)N(C=C(C3=O)C(=O)O)CCF)F
Halcinonide,Fleroxacin,The risk or severity of adverse effects can be increased when Halcinonide is combined with Fleroxacin.,CC1(OC2CC3C4CCC5=CC(=O)CCC5(C4(C(CC3(C2(O1)C(=O)CCl)C)O)F)C)C,CN1CCN(CC1)C2=C(C=C3C(=C2F)N(C=C(C3=O)C(=O)O)CCF)F
Fluocortolone,Fleroxacin,The risk or severity of adverse effects can be increased when Fluocortolone is combined with Fleroxacin.,CC1CC2C3CC(C4=CC(=O)C=CC4(C3C(CC2(C1C(=O)CO)C)O)C)F,CN1CCN(CC1)C2=C(C=C3C(=C2F)N(C=C(C3=O)C(=O)O)CCF)F
Flurandrenolide,Fleroxacin,The risk or severity of adverse effects can be increased when Flurandrenolide is combined with Fleroxacin.,CC1(OC2CC3C4CC(C5=CC(=O)CCC5(C4C(CC3(C2(O1)C(=O)CO)C)O)C)F)C,CN1CCN(CC1)C2=C(C=C3C(=C2F)N(C=C(C3=O)C(=O)O)CCF)F
Budesonide,Fleroxacin,The risk or severity of adverse effects can be increased when Budesonide is combined with Fleroxacin.,CCCC1OC2CC3C4CCC5=CC(=O)C=CC5(C4C(CC3(C2(O1)C(=O)CO)C)O)C,CN1CCN(CC1)C2=C(C=C3C(=C2F)N(C=C(C3=O)C(=O)O)CCF)F
Difluocortolone,Fleroxacin,The risk or severity of adverse effects can be increased when Difluocortolone is combined with Fleroxacin.,CC1CC2C3CC(C4=CC(=O)C=CC4(C3(C(CC2(C1C(=O)CO)C)O)F)C)F,CN1CCN(CC1)C2=C(C=C3C(=C2F)N(C=C(C3=O)C(=O)O)CCF)F
Medrysone,Fleroxacin,The risk or severity of adverse effects can be increased when Medrysone is combined with Fleroxacin.,CC1CC2C3CCC(C3(CC(C2C4(C1=CC(=O)CC4)C)O)C)C(=O)C,CN1CCN(CC1)C2=C(C=C3C(=C2F)N(C=C(C3=O)C(=O)O)CCF)F
Clocortolone,Fleroxacin,The risk or severity of adverse effects can be increased when Clocortolone is combined with Fleroxacin.,CC1CC2C3CC(C4=CC(=O)C=CC4(C3(C(CC2(C1C(=O)CO)C)O)Cl)C)F,CN1CCN(CC1)C2=C(C=C3C(=C2F)N(C=C(C3=O)C(=O)O)CCF)F
Hydrocortisone,Fleroxacin,The risk or severity of adverse effects can be increased when Hydrocortisone is combined with Fleroxacin.,CC12CCC(=O)C=C1CCC3C2C(CC4(C3CCC4(C(=O)CO)O)C)O,CN1CCN(CC1)C2=C(C=C3C(=C2F)N(C=C(C3=O)C(=O)O)CCF)F
Fluorometholone,Fleroxacin,The risk or severity of adverse effects can be increased when Fluorometholone is combined with Fleroxacin.,CC1CC2C3CCC(C3(CC(C2(C4(C1=CC(=O)C=C4)C)F)O)C)(C(=O)C)O,CN1CCN(CC1)C2=C(C=C3C(=C2F)N(C=C(C3=O)C(=O)O)CCF)F
Clobetasone,Fleroxacin,The risk or severity of adverse effects can be increased when Clobetasone is combined with Fleroxacin.,CC1CC2C3CCC4=CC(=O)C=CC4(C3(C(=O)CC2(C1(C(=O)CCl)O)C)F)C,CN1CCN(CC1)C2=C(C=C3C(=C2F)N(C=C(C3=O)C(=O)O)CCF)F
Fenbufen,Fleroxacin,Fenbufen may increase the neuroexcitatory activities of Fleroxacin.,C1=CC=C(C=C1)C2=CC=C(C=C2)C(=O)CCC(=O)O,CN1CCN(CC1)C2=C(C=C3C(=C2F)N(C=C(C3=O)C(=O)O)CCF)F
Meclofenamic acid,Fleroxacin,Meclofenamic acid may increase the neuroexcitatory activities of Fleroxacin.,CC1=C(C(=C(C=C1)Cl)NC2=CC=CC=C2C(=O)O)Cl,CN1CCN(CC1)C2=C(C=C3C(=C2F)N(C=C(C3=O)C(=O)O)CCF)F
Lumiracoxib,Fleroxacin,Lumiracoxib may increase the neuroexcitatory activities of Fleroxacin.,CC1=CC(=C(C=C1)NC2=C(C=CC=C2Cl)F)CC(=O)O,CN1CCN(CC1)C2=C(C=C3C(=C2F)N(C=C(C3=O)C(=O)O)CCF)F
Tolmetin,Fleroxacin,Tolmetin may increase the neuroexcitatory activities of Fleroxacin.,CC1=CC=C(C=C1)C(=O)C2=CC=C(N2C)CC(=O)O,CN1CCN(CC1)C2=C(C=C3C(=C2F)N(C=C(C3=O)C(=O)O)CCF)F
Tenoxicam,Fleroxacin,Tenoxicam may increase the neuroexcitatory activities of Fleroxacin.,CN1C(=C(C2=C(S1(=O)=O)C=CS2)O)C(=O)NC3=CC=CC=N3,CN1CCN(CC1)C2=C(C=C3C(=C2F)N(C=C(C3=O)C(=O)O)CCF)F
Choline magnesium trisalicylate,Fleroxacin,Choline magnesium trisalicylate may increase the neuroexcitatory activities of Fleroxacin.,C[N+](C)(C)CCO.C1=CC=C(C(=C1)C(=O)O)[O-].C1=CC=C(C(=C1)C(=O)O)[O-].C1=CC=C(C(=C1)C(=O)O)[O-].[Mg+2],CN1CCN(CC1)C2=C(C=C3C(=C2F)N(C=C(C3=O)C(=O)O)CCF)F
Etoricoxib,Fleroxacin,Etoricoxib may increase the neuroexcitatory activities of Fleroxacin.,CC1=NC=C(C=C1)C2=C(C=C(C=N2)Cl)C3=CC=C(C=C3)S(=O)(=O)C,CN1CCN(CC1)C2=C(C=C3C(=C2F)N(C=C(C3=O)C(=O)O)CCF)F
Suprofen,Fleroxacin,Suprofen may increase the neuroexcitatory activities of Fleroxacin.,CC(C1=CC=C(C=C1)C(=O)C2=CC=CS2)C(=O)O,CN1CCN(CC1)C2=C(C=C3C(=C2F)N(C=C(C3=O)C(=O)O)CCF)F
Flurbiprofen,Fleroxacin,Flurbiprofen may increase the neuroexcitatory activities of Fleroxacin.,CC(C1=CC(=C(C=C1)C2=CC=CC=C2)F)C(=O)O,CN1CCN(CC1)C2=C(C=C3C(=C2F)N(C=C(C3=O)C(=O)O)CCF)F
Indomethacin,Fleroxacin,Indomethacin may increase the neuroexcitatory activities of Fleroxacin.,CC1=C(C2=C(N1C(=O)C3=CC=C(C=C3)Cl)C=CC(=C2)OC)CC(=O)O,CN1CCN(CC1)C2=C(C=C3C(=C2F)N(C=C(C3=O)C(=O)O)CCF)F
Oxyphenbutazone,Fleroxacin,Oxyphenbutazone may increase the neuroexcitatory activities of Fleroxacin.,CCCCC1C(=O)N(N(C1=O)C2=CC=C(C=C2)O)C3=CC=CC=C3,CN1CCN(CC1)C2=C(C=C3C(=C2F)N(C=C(C3=O)C(=O)O)CCF)F
Icatibant,Fleroxacin,Icatibant may increase the neuroexcitatory activities of Fleroxacin.,C1CCC2C(C1)CC(N2C(=O)C3CC4=CC=CC=C4CN3C(=O)C(CO)NC(=O)C(CC5=CC=CS5)NC(=O)CNC(=O)C6CC(CN6C(=O)C7CCCN7C(=O)C(CCCN=C(N)N)NC(=O)C(CCCN=C(N)N)N)O)C(=O)NC(CCCN=C(N)N)C(=O)O,CN1CCN(CC1)C2=C(C=C3C(=C2F)N(C=C(C3=O)C(=O)O)CCF)F
Alclofenac,Fleroxacin,Alclofenac may increase the neuroexcitatory activities of Fleroxacin.,C=CCOC1=C(C=C(C=C1)CC(=O)O)Cl,CN1CCN(CC1)C2=C(C=C3C(=C2F)N(C=C(C3=O)C(=O)O)CCF)F
Etodolac,Fleroxacin,Etodolac may increase the neuroexcitatory activities of Fleroxacin.,CCC1=C2C(=CC=C1)C3=C(N2)C(OCC3)(CC)CC(=O)O,CN1CCN(CC1)C2=C(C=C3C(=C2F)N(C=C(C3=O)C(=O)O)CCF)F
Droxicam,Fleroxacin,Droxicam may increase the neuroexcitatory activities of Fleroxacin.,CN1C2=C(C3=CC=CC=C3S1(=O)=O)OC(=O)N(C2=O)C4=CC=CC=N4,CN1CCN(CC1)C2=C(C=C3C(=C2F)N(C=C(C3=O)C(=O)O)CCF)F
Apremilast,Fleroxacin,Apremilast may increase the neuroexcitatory activities of Fleroxacin.,CCOC1=C(C=CC(=C1)C(CS(=O)(=O)C)N2C(=O)C3=C(C2=O)C(=CC=C3)NC(=O)C)OC,CN1CCN(CC1)C2=C(C=C3C(=C2F)N(C=C(C3=O)C(=O)O)CCF)F
Tolfenamic acid,Fleroxacin,Tolfenamic acid may increase the neuroexcitatory activities of Fleroxacin.,CC1=C(C=CC=C1Cl)NC2=CC=CC=C2C(=O)O,CN1CCN(CC1)C2=C(C=C3C(=C2F)N(C=C(C3=O)C(=O)O)CCF)F
Lornoxicam,Fleroxacin,Lornoxicam may increase the neuroexcitatory activities of Fleroxacin.,CN1C(=C(C2=C(S1(=O)=O)C=C(S2)Cl)O)C(=O)NC3=CC=CC=N3,CN1CCN(CC1)C2=C(C=C3C(=C2F)N(C=C(C3=O)C(=O)O)CCF)F
Bromfenac,Fleroxacin,Bromfenac may increase the neuroexcitatory activities of Fleroxacin.,C1=CC(=C(C(=C1)C(=O)C2=CC=C(C=C2)Br)N)CC(=O)O,CN1CCN(CC1)C2=C(C=C3C(=C2F)N(C=C(C3=O)C(=O)O)CCF)F
Propacetamol,Fleroxacin,Propacetamol may increase the neuroexcitatory activities of Fleroxacin.,CCN(CC)CC(=O)OC1=CC=C(C=C1)NC(=O)C,CN1CCN(CC1)C2=C(C=C3C(=C2F)N(C=C(C3=O)C(=O)O)CCF)F
Parecoxib,Fleroxacin,Parecoxib may increase the neuroexcitatory activities of Fleroxacin.,CCC(=O)NS(=O)(=O)C1=CC=C(C=C1)C2=C(ON=C2C3=CC=CC=C3)C,CN1CCN(CC1)C2=C(C=C3C(=C2F)N(C=C(C3=O)C(=O)O)CCF)F
Phenylbutazone,Fleroxacin,Phenylbutazone may increase the neuroexcitatory activities of Fleroxacin.,CCCCC1C(=O)N(N(C1=O)C2=CC=CC=C2)C3=CC=CC=C3,CN1CCN(CC1)C2=C(C=C3C(=C2F)N(C=C(C3=O)C(=O)O)CCF)F
Acemetacin,Fleroxacin,Acemetacin may increase the neuroexcitatory activities of Fleroxacin.,CC1=C(C2=C(N1C(=O)C3=CC=C(C=C3)Cl)C=CC(=C2)OC)CC(=O)OCC(=O)O,CN1CCN(CC1)C2=C(C=C3C(=C2F)N(C=C(C3=O)C(=O)O)CCF)F
Teriflunomide,Fleroxacin,Teriflunomide may increase the neuroexcitatory activities of Fleroxacin.,CC(=C(C#N)C(=O)NC1=CC=C(C=C1)C(F)(F)F)O,CN1CCN(CC1)C2=C(C=C3C(=C2F)N(C=C(C3=O)C(=O)O)CCF)F
Nabumetone,Fleroxacin,Nabumetone may increase the neuroexcitatory activities of Fleroxacin.,CC(=O)CCC1=CC2=C(C=C1)C=C(C=C2)OC,CN1CCN(CC1)C2=C(C=C3C(=C2F)N(C=C(C3=O)C(=O)O)CCF)F
Epirizole,Fleroxacin,Epirizole may increase the neuroexcitatory activities of Fleroxacin.,CC1=CC(=NC(=N1)N2C(=CC(=N2)C)OC)OC,CN1CCN(CC1)C2=C(C=C3C(=C2F)N(C=C(C3=O)C(=O)O)CCF)F
Ketorolac,Fleroxacin,Ketorolac may increase the neuroexcitatory activities of Fleroxacin.,C1CN2C(=CC=C2C(=O)C3=CC=CC=C3)C1C(=O)O,CN1CCN(CC1)C2=C(C=C3C(=C2F)N(C=C(C3=O)C(=O)O)CCF)F
Salsalate,Fleroxacin,Salsalate may increase the neuroexcitatory activities of Fleroxacin.,C1=CC=C(C(=C1)C(=O)OC2=CC=CC=C2C(=O)O)O,CN1CCN(CC1)C2=C(C=C3C(=C2F)N(C=C(C3=O)C(=O)O)CCF)F
Aceclofenac,Fleroxacin,Aceclofenac may increase the neuroexcitatory activities of Fleroxacin.,C1=CC=C(C(=C1)CC(=O)OCC(=O)O)NC2=C(C=CC=C2Cl)Cl,CN1CCN(CC1)C2=C(C=C3C(=C2F)N(C=C(C3=O)C(=O)O)CCF)F
Niflumic acid,Fleroxacin,Niflumic acid may increase the neuroexcitatory activities of Fleroxacin.,C1=CC(=CC(=C1)NC2=C(C=CC=N2)C(=O)O)C(F)(F)F,CN1CCN(CC1)C2=C(C=C3C(=C2F)N(C=C(C3=O)C(=O)O)CCF)F
Zaltoprofen,Fleroxacin,Zaltoprofen may increase the neuroexcitatory activities of Fleroxacin.,CC(C1=CC2=C(C=C1)SC3=CC=CC=C3C(=O)C2)C(=O)O,CN1CCN(CC1)C2=C(C=C3C(=C2F)N(C=C(C3=O)C(=O)O)CCF)F
Naproxen,Fleroxacin,Naproxen may increase the neuroexcitatory activities of Fleroxacin.,CC(C1=CC2=C(C=C1)C=C(C=C2)OC)C(=O)O,CN1CCN(CC1)C2=C(C=C3C(=C2F)N(C=C(C3=O)C(=O)O)CCF)F
Pimecrolimus,Fleroxacin,Pimecrolimus may increase the neuroexcitatory activities of Fleroxacin.,CCC1C=C(CC(CC(C2C(CC(C(O2)(C(=O)C(=O)N3CCCCC3C(=O)OC(C(C(CC1=O)O)C)C(=CC4CCC(C(C4)OC)Cl)C)O)C)OC)OC)C)C,CN1CCN(CC1)C2=C(C=C3C(=C2F)N(C=C(C3=O)C(=O)O)CCF)F
Antipyrine,Fleroxacin,Antipyrine may increase the neuroexcitatory activities of Fleroxacin.,CC1=CC(=O)N(N1C)C2=CC=CC=C2,CN1CCN(CC1)C2=C(C=C3C(=C2F)N(C=C(C3=O)C(=O)O)CCF)F
Meloxicam,Fleroxacin,Meloxicam may increase the neuroexcitatory activities of Fleroxacin.,CC1=CN=C(S1)NC(=O)C2=C(C3=CC=CC=C3S(=O)(=O)N2C)O,CN1CCN(CC1)C2=C(C=C3C(=C2F)N(C=C(C3=O)C(=O)O)CCF)F
Clonixin,Fleroxacin,Clonixin may increase the neuroexcitatory activities of Fleroxacin.,CC1=C(C=CC=C1Cl)NC2=C(C=CC=N2)C(=O)O,CN1CCN(CC1)C2=C(C=C3C(=C2F)N(C=C(C3=O)C(=O)O)CCF)F
Piroxicam,Fleroxacin,Piroxicam may increase the neuroexcitatory activities of Fleroxacin.,CN1C(=C(C2=CC=CC=C2S1(=O)=O)O)C(=O)NC3=CC=CC=N3,CN1CCN(CC1)C2=C(C=C3C(=C2F)N(C=C(C3=O)C(=O)O)CCF)F
Fenoprofen,Fleroxacin,Fenoprofen may increase the neuroexcitatory activities of Fleroxacin.,CC(C1=CC(=CC=C1)OC2=CC=CC=C2)C(=O)O,CN1CCN(CC1)C2=C(C=C3C(=C2F)N(C=C(C3=O)C(=O)O)CCF)F
Oxaprozin,Fleroxacin,Oxaprozin may increase the neuroexcitatory activities of Fleroxacin.,C1=CC=C(C=C1)C2=C(OC(=N2)CCC(=O)O)C3=CC=CC=C3,CN1CCN(CC1)C2=C(C=C3C(=C2F)N(C=C(C3=O)C(=O)O)CCF)F
Salicylamide,Fleroxacin,Salicylamide may increase the neuroexcitatory activities of Fleroxacin.,C1=CC=C(C(=C1)C(=O)N)O,CN1CCN(CC1)C2=C(C=C3C(=C2F)N(C=C(C3=O)C(=O)O)CCF)F
Loxoprofen,Fleroxacin,Loxoprofen may increase the neuroexcitatory activities of Fleroxacin.,CC(C1=CC=C(C=C1)CC2CCCC2=O)C(=O)O,CN1CCN(CC1)C2=C(C=C3C(=C2F)N(C=C(C3=O)C(=O)O)CCF)F
Zileuton,Fleroxacin,Zileuton may increase the neuroexcitatory activities of Fleroxacin.,CC(C1=CC2=CC=CC=C2S1)N(C(=O)N)O,CN1CCN(CC1)C2=C(C=C3C(=C2F)N(C=C(C3=O)C(=O)O)CCF)F
Floctafenine,Fleroxacin,Floctafenine may increase the neuroexcitatory activities of Fleroxacin.,C1=CC=C(C(=C1)C(=O)OCC(CO)O)NC2=C3C=CC=C(C3=NC=C2)C(F)(F)F,CN1CCN(CC1)C2=C(C=C3C(=C2F)N(C=C(C3=O)C(=O)O)CCF)F
Ibuprofen,Fleroxacin,Ibuprofen may increase the neuroexcitatory activities of Fleroxacin.,CC(C)CC1=CC=C(C=C1)C(C)C(=O)O,CN1CCN(CC1)C2=C(C=C3C(=C2F)N(C=C(C3=O)C(=O)O)CCF)F
Etofenamate,Fleroxacin,Etofenamate may increase the neuroexcitatory activities of Fleroxacin.,C1=CC=C(C(=C1)C(=O)OCCOCCO)NC2=CC=CC(=C2)C(F)(F)F,CN1CCN(CC1)C2=C(C=C3C(=C2F)N(C=C(C3=O)C(=O)O)CCF)F
Diclofenac,Fleroxacin,Diclofenac may increase the neuroexcitatory activities of Fleroxacin.,C1=CC=C(C(=C1)CC(=O)O)NC2=C(C=CC=C2Cl)Cl,CN1CCN(CC1)C2=C(C=C3C(=C2F)N(C=C(C3=O)C(=O)O)CCF)F
Nepafenac,Fleroxacin,Nepafenac may increase the neuroexcitatory activities of Fleroxacin.,C1=CC=C(C=C1)C(=O)C2=CC=CC(=C2N)CC(=O)N,CN1CCN(CC1)C2=C(C=C3C(=C2F)N(C=C(C3=O)C(=O)O)CCF)F
Sulfasalazine,Fleroxacin,Sulfasalazine may increase the neuroexcitatory activities of Fleroxacin.,C1=CC=NC(=C1)NS(=O)(=O)C2=CC=C(C=C2)N=NC3=CC(=C(C=C3)O)C(=O)O,CN1CCN(CC1)C2=C(C=C3C(=C2F)N(C=C(C3=O)C(=O)O)CCF)F
Benzydamine,Fleroxacin,Benzydamine may increase the neuroexcitatory activities of Fleroxacin.,CN(C)CCCOC1=NN(C2=CC=CC=C21)CC3=CC=CC=C3,CN1CCN(CC1)C2=C(C=C3C(=C2F)N(C=C(C3=O)C(=O)O)CCF)F
Ketoprofen,Fleroxacin,Ketoprofen may increase the neuroexcitatory activities of Fleroxacin.,CC(C1=CC(=CC=C1)C(=O)C2=CC=CC=C2)C(=O)O,CN1CCN(CC1)C2=C(C=C3C(=C2F)N(C=C(C3=O)C(=O)O)CCF)F
Mefenamic acid,Fleroxacin,Mefenamic acid may increase the neuroexcitatory activities of Fleroxacin.,CC1=C(C(=CC=C1)NC2=CC=CC=C2C(=O)O)C,CN1CCN(CC1)C2=C(C=C3C(=C2F)N(C=C(C3=O)C(=O)O)CCF)F
Adapalene,Fleroxacin,Adapalene may increase the neuroexcitatory activities of Fleroxacin.,COC1=C(C=C(C=C1)C2=CC3=C(C=C2)C=C(C=C3)C(=O)O)C45CC6CC(C4)CC(C6)C5,CN1CCN(CC1)C2=C(C=C3C(=C2F)N(C=C(C3=O)C(=O)O)CCF)F
Magnesium salicylate,Fleroxacin,The serum concentration of Fleroxacin can be decreased when it is combined with Magnesium salicylate.,C1=CC=C(C(=C1)C(=O)O)[O-].C1=CC=C(C(=C1)C(=O)O)[O-].[Mg+2],CN1CCN(CC1)C2=C(C=C3C(=C2F)N(C=C(C3=O)C(=O)O)CCF)F
Quinapril,Fleroxacin,The serum concentration of Fleroxacin can be decreased when it is combined with Quinapril.,CCOC(=O)C(CCC1=CC=CC=C1)NC(C)C(=O)N2CC3=CC=CC=C3CC2C(=O)O,CN1CCN(CC1)C2=C(C=C3C(=C2F)N(C=C(C3=O)C(=O)O)CCF)F
Theophylline,Fleroxacin,The metabolism of Fleroxacin can be decreased when combined with Theophylline.,CN1C2=C(C(=O)N(C1=O)C)NC=N2,CN1CCN(CC1)C2=C(C=C3C(=C2F)N(C=C(C3=O)C(=O)O)CCF)F
Dyphylline,Fleroxacin,The metabolism of Fleroxacin can be decreased when combined with Dyphylline.,CN1C2=C(C(=O)N(C1=O)C)N(C=N2)CC(CO)O,CN1CCN(CC1)C2=C(C=C3C(=C2F)N(C=C(C3=O)C(=O)O)CCF)F
Aminophylline,Fleroxacin,The metabolism of Fleroxacin can be decreased when combined with Aminophylline.,CN1C2=C(C(=O)N(C1=O)C)NC=N2.CN1C2=C(C(=O)N(C1=O)C)NC=N2.C(CN)N,CN1CCN(CC1)C2=C(C=C3C(=C2F)N(C=C(C3=O)C(=O)O)CCF)F
Varenicline,Fleroxacin,The serum concentration of Fleroxacin can be increased when it is combined with Varenicline.,C1C2CNCC1C3=CC4=NC=CN=C4C=C23,CN1CCN(CC1)C2=C(C=C3C(=C2F)N(C=C(C3=O)C(=O)O)CCF)F
Iron,Fleroxacin,The serum concentration of Fleroxacin can be decreased when it is combined with Iron.,[Fe],CN1CCN(CC1)C2=C(C=C3C(=C2F)N(C=C(C3=O)C(=O)O)CCF)F
Ferric pyrophosphate,Fleroxacin,The serum concentration of Fleroxacin can be decreased when it is combined with Ferric pyrophosphate.,[O-]P(=O)([O-])OP(=O)([O-])[O-].[O-]P(=O)([O-])OP(=O)([O-])[O-].[O-]P(=O)([O-])OP(=O)([O-])[O-].[Fe+3].[Fe+3].[Fe+3].[Fe+3],CN1CCN(CC1)C2=C(C=C3C(=C2F)N(C=C(C3=O)C(=O)O)CCF)F
Lanthanum carbonate,Fleroxacin,The serum concentration of Fleroxacin can be decreased when it is combined with Lanthanum carbonate.,C(=O)([O-])[O-].C(=O)([O-])[O-].C(=O)([O-])[O-].[La+3].[La+3],CN1CCN(CC1)C2=C(C=C3C(=C2F)N(C=C(C3=O)C(=O)O)CCF)F
Strontium ranelate,Fleroxacin,The serum concentration of Fleroxacin can be decreased when it is combined with Strontium ranelate.,C(C1=C(SC(=C1C#N)N(CC(=O)[O-])CC(=O)[O-])C(=O)[O-])C(=O)[O-].[Sr+2].[Sr+2],CN1CCN(CC1)C2=C(C=C3C(=C2F)N(C=C(C3=O)C(=O)O)CCF)F
Tiaprofenic acid,Gemifloxacin,Tiaprofenic acid may increase the neuroexcitatory activities of Gemifloxacin.,CC(C1=CC=C(S1)C(=O)C2=CC=CC=C2)C(=O)O,CON=C1CN(CC1CN)C2=C(C=C3C(=O)C(=CN(C3=N2)C4CC4)C(=O)O)F
Carprofen,Gemifloxacin,Carprofen may increase the neuroexcitatory activities of Gemifloxacin.,CC(C1=CC2=C(C=C1)C3=C(N2)C=CC(=C3)Cl)C(=O)O,CON=C1CN(CC1CN)C2=C(C=C3C(=O)C(=CN(C3=N2)C4CC4)C(=O)O)F
Cyclophosphamide,Gemifloxacin,Cyclophosphamide may increase the cardiotoxic activities of Gemifloxacin.,C1CNP(=O)(OC1)N(CCCl)CCCl,CON=C1CN(CC1CN)C2=C(C=C3C(=O)C(=CN(C3=N2)C4CC4)C(=O)O)F
Paclitaxel,Gemifloxacin,The risk or severity of adverse effects can be increased when Paclitaxel is combined with Gemifloxacin.,CC1=C2C(C(=O)C3(C(CC4C(C3C(C(C2(C)C)(CC1OC(=O)C(C(C5=CC=CC=C5)NC(=O)C6=CC=CC=C6)O)O)OC(=O)C7=CC=CC=C7)(CO4)OC(=O)C)O)C)OC(=O)C,CON=C1CN(CC1CN)C2=C(C=C3C(=O)C(=CN(C3=N2)C4CC4)C(=O)O)F
Docetaxel,Gemifloxacin,The risk or severity of adverse effects can be increased when Docetaxel is combined with Gemifloxacin.,CC1=C2C(C(=O)C3(C(CC4C(C3C(C(C2(C)C)(CC1OC(=O)C(C(C5=CC=CC=C5)NC(=O)OC(C)(C)C)O)O)OC(=O)C6=CC=CC=C6)(CO4)OC(=O)C)O)C)O,CON=C1CN(CC1CN)C2=C(C=C3C(=O)C(=CN(C3=N2)C4CC4)C(=O)O)F
Cabazitaxel,Gemifloxacin,The risk or severity of adverse effects can be increased when Cabazitaxel is combined with Gemifloxacin.,CC1=C2C(C(=O)C3(C(CC4C(C3C(C(C2(C)C)(CC1OC(=O)C(C(C5=CC=CC=C5)NC(=O)OC(C)(C)C)O)O)OC(=O)C6=CC=CC=C6)(CO4)OC(=O)C)OC)C)OC,CON=C1CN(CC1CN)C2=C(C=C3C(=O)C(=CN(C3=N2)C4CC4)C(=O)O)F
Anagrelide,Gemifloxacin,Anagrelide may increase the QTc-prolonging activities of Gemifloxacin.,C1C2=C(C=CC(=C2Cl)Cl)N=C3N1CC(=O)N3,CON=C1CN(CC1CN)C2=C(C=C3C(=O)C(=CN(C3=N2)C4CC4)C(=O)O)F
Acarbose,Gemifloxacin,Acarbose may increase the hypoglycemic activities of Gemifloxacin.,CC1C(C(C(C(O1)OC2C(OC(C(C2O)O)OC(C(CO)O)C(C(C=O)O)O)CO)O)O)NC3C=C(C(C(C3O)O)O)CO,CON=C1CN(CC1CN)C2=C(C=C3C(=O)C(=CN(C3=N2)C4CC4)C(=O)O)F
Crizotinib,Gemifloxacin,Crizotinib may increase the QTc-prolonging activities of Gemifloxacin.,CC(C1=C(C=CC(=C1Cl)F)Cl)OC2=C(N=CC(=C2)C3=CN(N=C3)C4CCNCC4)N,CON=C1CN(CC1CN)C2=C(C=C3C(=O)C(=CN(C3=N2)C4CC4)C(=O)O)F
Prednisolone,Gemifloxacin,The risk or severity of adverse effects can be increased when Prednisolone is combined with Gemifloxacin.,CC12CC(C3C(C1CCC2(C(=O)CO)O)CCC4=CC(=O)C=CC34C)O,CON=C1CN(CC1CN)C2=C(C=C3C(=O)C(=CN(C3=N2)C4CC4)C(=O)O)F
Panobinostat,Gemifloxacin,Panobinostat may increase the QTc-prolonging activities of Gemifloxacin.,CC1=C(C2=CC=CC=C2N1)CCNCC3=CC=C(C=C3)C=CC(=O)NO,CON=C1CN(CC1CN)C2=C(C=C3C(=O)C(=CN(C3=N2)C4CC4)C(=O)O)F
Nilotinib,Gemifloxacin,Nilotinib may increase the QTc-prolonging activities of Gemifloxacin.,CC1=C(C=C(C=C1)C(=O)NC2=CC(=CC(=C2)C(F)(F)F)N3C=C(N=C3)C)NC4=NC=CC(=N4)C5=CN=CC=C5,CON=C1CN(CC1CN)C2=C(C=C3C(=O)C(=CN(C3=N2)C4CC4)C(=O)O)F
Dexamethasone,Gemifloxacin,The risk or severity of adverse effects can be increased when Dexamethasone is combined with Gemifloxacin.,CC1CC2C3CCC4=CC(=O)C=CC4(C3(C(CC2(C1(C(=O)CO)O)C)O)F)C,CON=C1CN(CC1CN)C2=C(C=C3C(=O)C(=CN(C3=N2)C4CC4)C(=O)O)F
Pazopanib,Gemifloxacin,Pazopanib may increase the QTc-prolonging activities of Gemifloxacin.,CC1=C(C=C(C=C1)NC2=NC=CC(=N2)N(C)C3=CC4=NN(C(=C4C=C3)C)C)S(=O)(=O)N,CON=C1CN(CC1CN)C2=C(C=C3C(=O)C(=CN(C3=N2)C4CC4)C(=O)O)F
Lenvatinib,Gemifloxacin,Lenvatinib may increase the QTc-prolonging activities of Gemifloxacin.,COC1=CC2=NC=CC(=C2C=C1C(=O)N)OC3=CC(=C(C=C3)NC(=O)NC4CC4)Cl,CON=C1CN(CC1CN)C2=C(C=C3C(=O)C(=CN(C3=N2)C4CC4)C(=O)O)F
Ofloxacin,Gemifloxacin,Ofloxacin may increase the QTc-prolonging activities of Gemifloxacin.,CC1COC2=C3N1C=C(C(=O)C3=CC(=C2N4CCN(CC4)C)F)C(=O)O,CON=C1CN(CC1CN)C2=C(C=C3C(=O)C(=CN(C3=N2)C4CC4)C(=O)O)F
Toremifene,Gemifloxacin,Toremifene may increase the QTc-prolonging activities of Gemifloxacin.,CN(C)CCOC1=CC=C(C=C1)C(=C(CCCl)C2=CC=CC=C2)C3=CC=CC=C3,CON=C1CN(CC1CN)C2=C(C=C3C(=O)C(=CN(C3=N2)C4CC4)C(=O)O)F
Arsenic trioxide,Gemifloxacin,Arsenic trioxide may increase the QTc-prolonging activities of Gemifloxacin.,[O-2].[O-2].[O-2].[As+3].[As+3],CON=C1CN(CC1CN)C2=C(C=C3C(=O)C(=CN(C3=N2)C4CC4)C(=O)O)F
